unix_time,datetime,total_percent,cpu0_percent,cpu1_percent,cpu2_percent,cpu3_percent
1785052345,2026-07-26 15:52:25,50.83,52.28,49.75,50.25,51.03
1785052347,2026-07-26 15:52:27,50.88,50.0,52.02,51.24,50.77
1785052349,2026-07-26 15:52:29,51.2,50.51,54.0,49.23,50.75
1785052351,2026-07-26 15:52:31,51.13,51.28,51.74,50.99,50.75
1785052353,2026-07-26 15:52:33,51.31,46.19,52.22,55.17,50.75
1785052355,2026-07-26 15:52:35,50.7,47.69,51.78,53.23,50.0
1785052357,2026-07-26 15:52:37,50.45,50.75,65.13,64.8,21.72
1785052359,2026-07-26 15:52:39,51.98,51.96,63.05,63.55,28.28
1785052361,2026-07-26 15:52:41,50.76,50.76,51.24,50.51,50.77
1785052363,2026-07-26 15:52:43,50.64,50.75,51.28,49.24,51.27
1785052365,2026-07-26 15:52:45,52.21,52.97,50.5,52.71,52.68
1785052367,2026-07-26 15:52:47,50.94,50.25,51.49,48.24,53.81
1785052369,2026-07-26 15:52:49,51.45,59.6,31.66,52.0,62.31
1785052371,2026-07-26 15:52:51,51.49,51.28,56.44,55.83,42.57
1785052373,2026-07-26 15:52:53,50.63,50.5,53.03,49.49,49.24
1785052375,2026-07-26 15:52:55,51.32,54.0,50.25,50.25,50.75
1785052377,2026-07-26 15:52:57,51.61,50.25,50.98,51.94,52.97
1785052379,2026-07-26 15:52:59,51.19,50.0,52.68,51.78,50.75
1785052381,2026-07-26 15:53:01,51.01,49.49,55.05,54.0,45.73
1785052383,2026-07-26 15:53:03,51.55,51.23,75.25,75.38,4.0
1785052385,2026-07-26 15:53:05,51.25,50.0,63.18,64.36,26.9
1785052387,2026-07-26 15:53:07,51.01,50.51,53.17,49.74,50.25
1785052389,2026-07-26 15:53:09,51.87,52.97,50.0,51.24,53.23
1785052391,2026-07-26 15:53:11,51.06,51.0,51.5,51.02,51.23
1785052393,2026-07-26 15:53:13,50.76,50.5,48.48,50.26,53.0
1785052395,2026-07-26 15:53:15,51.5,55.22,51.76,47.26,52.76
1785052397,2026-07-26 15:53:17,51.19,52.45,50.0,51.02,51.23
1785052399,2026-07-26 15:53:19,51.13,48.24,53.54,50.76,51.49
1785052401,2026-07-26 15:53:21,51.38,25.5,58.38,71.72,49.75
1785052403,2026-07-26 15:53:23,50.76,21.32,83.84,65.15,32.99
1785052405,2026-07-26 15:53:25,50.82,44.44,63.37,62.63,32.83
1785052407,2026-07-26 15:53:27,51.25,50.74,51.26,53.0,49.75
1785052409,2026-07-26 15:53:29,51.38,50.25,53.27,50.5,51.74
1785052411,2026-07-26 15:53:31,50.51,49.25,51.26,51.02,49.74
1785052413,2026-07-26 15:53:33,51.75,52.45,49.49,51.76,53.73
1785052415,2026-07-26 15:53:35,51.06,48.72,53.92,49.49,52.68
1785052417,2026-07-26 15:53:37,50.63,49.0,50.51,51.53,51.27
1785052419,2026-07-26 15:53:39,51.32,51.98,50.0,52.31,50.99
1785052421,2026-07-26 15:53:41,51.19,51.5,52.24,49.75,50.75
1785052423,2026-07-26 15:53:43,50.76,53.5,52.02,47.69,49.75
1785052425,2026-07-26 15:53:45,51.19,52.74,50.75,50.99,50.26
1785052427,2026-07-26 15:53:47,51.62,52.94,49.23,53.23,51.23
1785052429,2026-07-26 15:53:49,51.01,50.51,51.74,49.48,51.98
1785052431,2026-07-26 15:53:51,51.5,50.25,53.47,50.0,52.26
1785052433,2026-07-26 15:53:53,51.31,50.26,48.76,54.19,51.98
1785052435,2026-07-26 15:53:55,50.38,39.5,50.25,57.44,54.59
1785052437,2026-07-26 15:53:57,51.81,46.0,52.71,53.73,55.0
1785052439,2026-07-26 15:53:59,51.19,52.0,50.26,52.24,50.5
1785052441,2026-07-26 15:54:01,50.51,47.69,51.52,49.75,52.53
1785052443,2026-07-26 15:54:03,52.16,51.98,52.45,51.96,52.24
1785052445,2026-07-26 15:54:05,50.63,50.75,50.25,51.27,50.26
1785052447,2026-07-26 15:54:07,51.0,50.51,52.28,50.25,51.49
1785052449,2026-07-26 15:54:09,52.1,45.0,58.42,51.98,53.2
1785052451,2026-07-26 15:54:11,50.76,50.25,50.0,49.49,53.0
1785052453,2026-07-26 15:54:13,51.13,47.72,52.28,53.2,50.76
1785052455,2026-07-26 15:54:15,52.04,52.26,51.47,52.94,51.23
1785052457,2026-07-26 15:54:17,50.69,51.02,51.74,49.5,50.77
1785052459,2026-07-26 15:54:19,51.07,51.02,50.0,50.5,52.76
1785052461,2026-07-26 15:54:21,51.73,51.49,51.96,51.5,52.45
1785052463,2026-07-26 15:54:23,51.26,51.5,51.96,48.98,52.31
1785052465,2026-07-26 15:54:25,51.0,48.47,54.0,51.23,50.0
1785052467,2026-07-26 15:54:27,51.67,51.96,52.71,51.49,50.75
1785052469,2026-07-26 15:54:29,51.01,51.76,52.5,48.98,50.51
1785052471,2026-07-26 15:54:31,51.01,51.53,53.06,50.25,49.0
1785052473,2026-07-26 15:54:33,51.68,48.28,54.68,52.45,51.78
1785052475,2026-07-26 15:54:35,51.01,7.54,65.83,50.25,80.3
1785052477,2026-07-26 15:54:37,51.06,3.5,96.5,51.74,52.5
1785052479,2026-07-26 15:54:39,51.86,51.72,47.96,53.69,53.69
1785052481,2026-07-26 15:54:41,50.82,54.08,44.16,51.47,54.36
1785052483,2026-07-26 15:54:43,51.26,52.53,50.25,50.25,51.5
1785052485,2026-07-26 15:54:45,51.55,50.25,52.71,50.25,52.94
1785052487,2026-07-26 15:54:47,50.76,53.54,52.04,46.19,51.72
1785052489,2026-07-26 15:54:49,51.13,52.26,52.26,51.0,49.0
1785052491,2026-07-26 15:54:51,51.55,52.71,50.98,49.74,52.68
1785052493,2026-07-26 15:54:53,51.38,51.02,53.54,48.99,51.49
1785052495,2026-07-26 15:54:55,50.82,52.48,50.0,51.78,48.99
1785052497,2026-07-26 15:54:57,51.25,49.23,51.49,51.24,52.71
1785052499,2026-07-26 15:54:59,51.5,51.98,52.45,50.25,52.02
1785052501,2026-07-26 15:55:01,51.01,49.75,49.75,51.01,53.23
1785052503,2026-07-26 15:55:03,51.37,50.98,51.27,53.43,49.74
1785052505,2026-07-26 15:55:05,51.06,51.01,66.83,17.0,69.0
1785052507,2026-07-26 15:55:07,51.37,50.76,53.2,28.64,72.77
1785052509,2026-07-26 15:55:09,52.04,50.74,51.47,52.48,53.47
1785052511,2026-07-26 15:55:11,50.82,52.28,52.24,49.74,48.76
1785052513,2026-07-26 15:55:13,50.83,50.52,51.76,49.75,51.03
1785052515,2026-07-26 15:55:15,51.13,50.75,50.51,52.45,50.99
1785052517,2026-07-26 15:55:17,51.12,53.43,51.02,48.48,51.49
1785052519,2026-07-26 15:55:19,51.44,50.26,51.76,51.74,52.24
1785052521,2026-07-26 15:55:21,51.37,51.0,51.74,51.72,51.01
1785052523,2026-07-26 15:55:23,51.19,52.97,53.2,49.23,48.99
1785052525,2026-07-26 15:55:25,51.13,52.04,50.0,51.0,51.49
1785052527,2026-07-26 15:55:27,51.13,50.51,50.75,52.45,51.01
1785052529,2026-07-26 15:55:29,51.01,51.74,52.53,51.78,47.72
1785052531,2026-07-26 15:55:31,50.76,52.97,48.73,50.77,51.01
1785052533,2026-07-26 15:55:33,51.07,50.25,51.28,51.47,51.27
1785052535,2026-07-26 15:55:35,51.49,55.17,54.0,46.5,50.25
1785052537,2026-07-26 15:55:37,51.0,52.22,49.75,51.5,50.0
1785052539,2026-07-26 15:55:39,51.2,51.01,50.51,54.46,48.72
1785052541,2026-07-26 15:55:41,50.88,50.24,50.76,50.76,52.02
1785052543,2026-07-26 15:55:43,51.68,50.25,53.47,50.98,52.24
1785052545,2026-07-26 15:55:45,51.44,51.02,57.64,53.54,43.07
1785052547,2026-07-26 15:55:47,51.01,49.23,61.39,58.42,34.85
1785052549,2026-07-26 15:55:49,51.68,51.74,50.5,52.22,52.24
1785052551,2026-07-26 15:55:51,50.95,54.19,49.74,49.49,49.75
1785052553,2026-07-26 15:55:53,51.25,50.0,52.22,50.0,52.31
1785052555,2026-07-26 15:55:55,51.43,52.02,51.98,51.96,50.5
1785052557,2026-07-26 15:55:57,51.13,49.0,51.53,52.82,51.71
1785052559,2026-07-26 15:55:59,51.38,52.97,50.51,53.47,48.21
1785052561,2026-07-26 15:56:01,51.43,50.75,52.0,52.71,50.0
1785052563,2026-07-26 15:56:03,51.38,53.81,53.5,50.25,48.28
1785052565,2026-07-26 15:56:05,50.38,51.01,50.51,49.74,50.25
1785052567,2026-07-26 15:56:07,51.43,51.5,50.0,51.24,52.94
1785052569,2026-07-26 15:56:09,52.04,49.75,49.26,56.72,52.22
1785052571,2026-07-26 15:56:11,50.44,51.79,50.74,51.78,47.45
1785052573,2026-07-26 15:56:13,51.44,50.75,51.53,52.71,50.98
1785052575,2026-07-26 15:56:15,51.12,53.69,52.26,47.98,50.51
1785052577,2026-07-26 15:56:17,51.07,51.27,46.97,53.43,52.31
1785052579,2026-07-26 15:56:19,51.44,54.19,52.94,49.23,49.25
1785052581,2026-07-26 15:56:21,51.19,52.24,50.5,50.75,51.26
1785052583,2026-07-26 15:56:23,51.26,50.25,51.78,52.68,50.76
1785052585,2026-07-26 15:56:25,51.01,51.98,52.28,48.99,50.5
1785052587,2026-07-26 15:56:27,50.94,47.74,51.76,54.73,49.49
1785052589,2026-07-26 15:56:29,51.75,50.0,50.5,53.43,53.23
1785052591,2026-07-26 15:56:31,51.01,52.0,50.0,52.24,49.5
1785052593,2026-07-26 15:56:33,51.25,51.27,46.31,53.81,53.0
1785052595,2026-07-26 15:56:35,51.5,12.06,44.12,76.12,74.5
1785052597,2026-07-26 15:56:37,51.07,3.5,51.24,74.87,75.51
1785052599,2026-07-26 15:56:39,51.32,3.03,50.77,75.74,74.51
1785052601,2026-07-26 15:56:41,51.25,4.04,50.25,74.75,75.25
1785052603,2026-07-26 15:56:43,51.5,4.98,51.49,75.0,74.87
1785052605,2026-07-26 15:56:45,51.19,49.51,22.22,52.28,80.1
1785052607,2026-07-26 15:56:47,51.13,50.51,51.74,51.78,50.5
1785052609,2026-07-26 15:56:49,51.62,50.75,50.25,53.92,51.76
1785052611,2026-07-26 15:56:51,50.26,49.23,51.28,51.02,49.49
1785052613,2026-07-26 15:56:53,51.19,50.76,51.24,50.75,51.76
1785052615,2026-07-26 15:56:55,51.44,50.0,49.75,53.47,52.71
1785052617,2026-07-26 15:56:57,50.82,53.73,49.75,52.53,47.47
1785052619,2026-07-26 15:56:59,51.38,53.47,51.72,53.27,46.43
1785052621,2026-07-26 15:57:01,51.38,52.74,49.24,51.26,52.48
1785052623,2026-07-26 15:57:03,51.37,54.5,48.48,51.72,51.26
1785052625,2026-07-26 15:57:05,51.06,50.0,52.71,49.75,50.99
1785052627,2026-07-26 15:57:07,51.19,52.79,48.98,51.01,52.71
1785052629,2026-07-26 15:57:09,51.44,51.02,51.0,51.74,51.96
1785052631,2026-07-26 15:57:11,50.88,51.24,51.96,49.49,50.77
1785052633,2026-07-26 15:57:13,51.32,53.77,48.24,53.23,49.48
1785052635,2026-07-26 15:57:15,51.43,52.48,52.5,50.5,50.49
1785052637,2026-07-26 15:57:17,50.94,45.92,54.0,53.0,51.0
1785052639,2026-07-26 15:57:19,51.13,51.22,51.79,51.76,49.49
1785052641,2026-07-26 15:57:21,50.94,51.98,46.94,52.28,52.02
1785052643,2026-07-26 15:57:23,50.7,50.0,50.25,51.53,51.02
1785052645,2026-07-26 15:57:25,51.49,53.92,50.75,52.2,49.23
1785052647,2026-07-26 15:57:27,51.56,48.5,53.5,52.48,51.72
1785052649,2026-07-26 15:57:29,50.82,47.96,51.01,51.55,52.97
1785052651,2026-07-26 15:57:31,51.43,51.01,68.63,67.98,17.17
1785052653,2026-07-26 15:57:33,51.56,51.0,62.69,65.02,26.77
1785052655,2026-07-26 15:57:35,50.63,51.47,50.26,53.06,47.69
1785052657,2026-07-26 15:57:37,51.49,50.26,51.47,51.96,52.22
1785052659,2026-07-26 15:57:39,51.69,51.01,47.0,54.73,54.41
1785052661,2026-07-26 15:57:41,50.63,50.77,51.26,49.48,50.5
1785052663,2026-07-26 15:57:43,51.44,49.0,49.75,53.96,52.74
1785052665,2026-07-26 15:57:45,51.74,54.15,49.75,53.69,50.0
1785052667,2026-07-26 15:57:47,50.44,51.28,51.55,47.69,50.98
1785052669,2026-07-26 15:57:49,51.5,52.26,50.0,52.45,51.27
1785052671,2026-07-26 15:57:51,51.8,51.24,54.9,51.47,49.75
1785052673,2026-07-26 15:57:53,50.82,48.73,50.0,50.77,53.57
1785052675,2026-07-26 15:57:55,51.07,47.24,50.25,53.5,52.76
1785052677,2026-07-26 15:57:57,51.68,42.16,50.51,56.37,58.13
1785052679,2026-07-26 15:57:59,50.63,50.26,52.74,49.74,49.75
1785052681,2026-07-26 15:58:01,51.12,51.96,50.75,50.76,50.75
1785052683,2026-07-26 15:58:03,51.8,51.96,50.75,53.0,51.72
1785052685,2026-07-26 15:58:05,50.82,53.0,49.49,49.75,51.02
1785052687,2026-07-26 15:58:07,51.07,52.76,51.01,51.71,47.96
1785052689,2026-07-26 15:58:09,51.62,53.69,52.02,49.0,52.45
1785052691,2026-07-26 15:58:11,51.13,52.28,48.98,51.72,51.74
1785052693,2026-07-26 15:58:13,50.82,50.75,50.51,50.0,51.26
1785052695,2026-07-26 15:58:15,51.24,50.0,52.71,51.98,50.75
1785052697,2026-07-26 15:58:17,50.76,51.74,52.53,49.75,48.98
1785052699,2026-07-26 15:58:19,50.82,52.71,50.0,49.49,50.76
1785052701,2026-07-26 15:58:21,51.37,52.74,50.74,51.72,50.0
1785052703,2026-07-26 15:58:23,51.87,50.99,53.47,51.78,51.26
1785052705,2026-07-26 15:58:25,50.57,49.49,47.45,52.79,53.03
1785052707,2026-07-26 15:58:27,51.49,48.73,49.01,53.66,53.96
1785052709,2026-07-26 15:58:29,51.19,55.33,39.8,54.9,55.05
1785052711,2026-07-26 15:58:31,51.01,70.85,11.5,50.51,71.36
1785052713,2026-07-26 15:58:33,51.62,50.0,53.23,50.0,52.45
1785052715,2026-07-26 15:58:35,51.31,51.47,49.75,52.5,51.52
1785052717,2026-07-26 15:58:37,51.19,51.5,50.0,50.76,52.48
1785052719,2026-07-26 15:58:39,51.31,52.68,50.99,51.52,50.75
1785052721,2026-07-26 15:58:41,51.12,50.51,56.85,44.78,52.48
1785052723,2026-07-26 15:58:43,51.57,98.5,41.5,47.98,17.59
1785052725,2026-07-26 15:58:45,51.25,57.65,44.06,50.0,52.74
1785052727,2026-07-26 15:58:47,51.12,21.21,76.88,54.19,52.74
1785052729,2026-07-26 15:58:49,51.62,45.5,72.91,51.0,36.87
1785052731,2026-07-26 15:58:51,51.13,52.0,52.48,49.74,50.0
1785052733,2026-07-26 15:58:53,51.13,51.5,52.28,52.22,48.74
1785052735,2026-07-26 15:58:55,51.32,50.26,52.71,50.25,51.76
1785052737,2026-07-26 15:58:57,51.06,51.72,51.76,52.0,48.98
1785052739,2026-07-26 15:58:59,50.88,46.19,50.76,54.73,51.76
1785052741,2026-07-26 15:59:01,51.8,51.23,52.22,52.02,51.76
1785052743,2026-07-26 15:59:03,51.19,50.75,51.76,50.0,52.22
1785052745,2026-07-26 15:59:05,50.88,51.27,48.47,50.0,53.43
1785052747,2026-07-26 15:59:07,51.01,49.75,49.74,54.31,50.25
1785052749,2026-07-26 15:59:09,51.31,50.25,52.2,50.0,53.0
1785052751,2026-07-26 15:59:11,51.37,53.2,51.5,50.25,50.76
1785052753,2026-07-26 15:59:13,51.69,50.0,13.64,54.19,88.94
1785052755,2026-07-26 15:59:15,50.82,51.79,42.71,48.99,59.41
1785052757,2026-07-26 15:59:17,51.31,50.0,49.75,52.24,53.0
1785052759,2026-07-26 15:59:19,51.5,51.0,52.45,52.22,50.25
1785052761,2026-07-26 15:59:21,50.82,52.04,52.04,49.25,50.25
1785052763,2026-07-26 15:59:23,51.62,50.76,51.74,53.17,50.5
1785052765,2026-07-26 15:59:25,51.31,51.24,50.26,51.23,52.48
1785052767,2026-07-26 15:59:27,50.82,52.04,50.5,47.96,52.79
1785052769,2026-07-26 15:59:29,51.5,53.73,51.22,48.48,52.76
1785052771,2026-07-26 15:59:31,51.44,49.49,51.24,52.45,52.26
1785052773,2026-07-26 15:59:33,50.45,53.61,50.0,48.73,48.98
1785052775,2026-07-26 15:59:35,51.06,52.22,50.75,51.26,50.25
1785052777,2026-07-26 15:59:37,51.85,55.67,52.22,46.97,52.45
1785052779,2026-07-26 15:59:39,51.01,51.01,53.5,51.78,47.98
1785052781,2026-07-26 15:59:41,50.76,51.26,50.5,49.75,51.53
1785052783,2026-07-26 15:59:43,51.98,51.96,55.45,50.75,49.26
1785052785,2026-07-26 15:59:45,51.38,49.5,50.76,53.81,51.71
1785052787,2026-07-26 15:59:47,50.7,51.79,51.49,48.99,50.0
1785052789,2026-07-26 15:59:49,51.92,52.45,50.25,52.71,53.0
1785052791,2026-07-26 15:59:51,50.76,50.25,50.25,51.28,50.99
1785052793,2026-07-26 15:59:53,50.64,51.28,48.22,49.23,53.81
1785052795,2026-07-26 15:59:55,51.61,52.24,52.48,48.0,53.69
1785052797,2026-07-26 15:59:57,51.19,48.74,52.48,52.5,51.23
1785052799,2026-07-26 15:59:59,50.76,50.77,50.51,49.23,52.79
1785052801,2026-07-26 16:00:01,51.86,53.23,50.75,51.47,51.72
1785052803,2026-07-26 16:00:03,51.31,50.25,52.5,51.01,51.0
1785052805,2026-07-26 16:00:05,50.51,53.06,48.47,51.02,50.5
1785052807,2026-07-26 16:00:07,51.68,51.72,51.26,51.24,51.5
1785052809,2026-07-26 16:00:09,51.25,50.0,54.46,51.98,48.73
1785052811,2026-07-26 16:00:11,51.31,49.49,54.41,49.49,52.22
1785052813,2026-07-26 16:00:13,51.62,52.48,52.55,51.47,50.0
1785052815,2026-07-26 16:00:15,50.82,51.5,50.25,50.99,50.77
1785052817,2026-07-26 16:00:17,51.38,52.74,53.77,49.23,49.01
1785052819,2026-07-26 16:00:19,51.31,49.49,53.77,50.5,51.98
1785052821,2026-07-26 16:00:21,51.25,26.6,77.39,52.45,48.98
1785052823,2026-07-26 16:00:23,51.2,19.7,81.22,52.26,51.74
1785052825,2026-07-26 16:00:25,51.55,19.19,52.45,67.16,66.34
1785052827,2026-07-26 16:00:27,50.69,49.49,52.94,50.26,50.0
1785052829,2026-07-26 16:00:29,50.82,50.25,53.5,49.75,49.75
1785052831,2026-07-26 16:00:31,51.8,54.41,50.0,51.23,52.22
1785052833,2026-07-26 16:00:33,51.62,53.0,48.02,52.5,53.0
1785052835,2026-07-26 16:00:35,50.38,50.26,51.49,52.55,46.94
1785052837,2026-07-26 16:00:37,51.75,50.0,52.28,53.96,50.74
1785052839,2026-07-26 16:00:39,51.62,53.43,48.99,52.24,51.52
1785052841,2026-07-26 16:00:41,50.63,50.25,54.5,46.94,50.76
1785052843,2026-07-26 16:00:43,51.75,46.77,49.75,55.17,55.0
1785052845,2026-07-26 16:00:45,51.25,2.53,50.25,75.25,75.74
1785052847,2026-07-26 16:00:47,50.57,3.52,50.51,74.87,74.62
1785052849,2026-07-26 16:00:49,51.81,4.52,51.5,75.25,75.74
1785052851,2026-07-26 16:00:51,51.12,14.65,49.75,70.0,68.97
1785052853,2026-07-26 16:00:53,51.19,50.76,51.72,51.01,51.26
1785052855,2026-07-26 16:00:55,52.1,51.96,53.47,50.99,52.48
1785052857,2026-07-26 16:00:57,50.63,51.72,50.51,50.52,49.0
1785052859,2026-07-26 16:00:59,51.19,51.27,57.87,58.71,37.31
1785052861,2026-07-26 16:01:01,51.92,50.0,69.8,69.61,17.91
1785052863,2026-07-26 16:01:03,50.82,49.75,50.25,50.51,52.71
1785052865,2026-07-26 16:01:05,51.06,53.69,52.24,48.48,50.26
1785052867,2026-07-26 16:01:07,51.06,51.0,50.75,50.98,51.53
1785052869,2026-07-26 16:01:09,50.89,51.02,49.49,50.25,52.5
1785052871,2026-07-26 16:01:11,51.61,47.72,55.67,51.23,51.47
1785052873,2026-07-26 16:01:13,51.56,50.0,52.26,53.92,49.49
1785052875,2026-07-26 16:01:15,50.51,50.51,49.23,50.76,51.78
1785052877,2026-07-26 16:01:17,51.31,48.99,52.26,53.2,50.74
1785052879,2026-07-26 16:01:19,52.04,53.92,51.0,52.48,50.74
1785052881,2026-07-26 16:01:21,50.7,49.23,50.26,51.5,51.52
1785052883,2026-07-26 16:01:23,51.19,53.03,50.49,52.02,49.49
1785052885,2026-07-26 16:01:25,51.43,51.0,52.48,50.74,51.5
1785052887,2026-07-26 16:01:27,51.26,49.26,55.05,52.76,47.69
1785052889,2026-07-26 16:01:29,50.95,50.51,51.96,51.53,50.25
1785052891,2026-07-26 16:01:31,51.43,51.5,55.67,45.69,52.45
1785052893,2026-07-26 16:01:33,51.86,49.75,53.92,51.72,52.48
1785052895,2026-07-26 16:01:35,50.51,49.24,51.02,51.49,50.0
1785052897,2026-07-26 16:01:37,51.43,51.26,50.24,52.76,51.5
1785052899,2026-07-26 16:01:39,51.32,50.0,69.5,69.35,16.0
1785052901,2026-07-26 16:01:41,51.19,52.48,51.02,50.99,50.51
1785052903,2026-07-26 16:01:43,50.76,51.01,49.23,50.51,52.0
1785052905,2026-07-26 16:01:45,51.43,52.94,51.23,50.25,51.74
1785052907,2026-07-26 16:01:47,51.6,50.0,52.43,50.98,52.76
1785052909,2026-07-26 16:01:49,50.57,51.53,51.52,51.27,47.96
1785052911,2026-07-26 16:01:51,51.0,50.25,52.94,50.25,50.5
1785052913,2026-07-26 16:01:53,51.93,52.97,57.64,51.96,45.45
1785052915,2026-07-26 16:01:55,50.82,51.78,47.47,52.0,52.04
1785052917,2026-07-26 16:01:57,50.63,50.0,51.98,52.28,48.22
1785052919,2026-07-26 16:01:59,51.32,50.5,53.96,52.28,47.96
1785052921,2026-07-26 16:02:01,51.13,49.23,49.25,52.0,53.96
1785052923,2026-07-26 16:02:03,51.38,52.24,52.26,51.96,48.98
1785052925,2026-07-26 16:02:05,51.68,51.96,47.52,54.0,53.23
1785052927,2026-07-26 16:02:07,50.69,50.5,51.0,49.23,52.28
1785052929,2026-07-26 16:02:09,50.57,52.04,51.26,48.22,50.77
1785052931,2026-07-26 16:02:11,51.92,52.97,50.5,50.5,53.69
1785052933,2026-07-26 16:02:13,51.8,51.24,51.23,53.73,51.0
1785052935,2026-07-26 16:02:15,50.32,51.79,49.75,49.49,50.25
1785052937,2026-07-26 16:02:17,51.49,52.22,52.74,50.0,50.75
1785052939,2026-07-26 16:02:19,51.07,49.0,49.49,51.79,54.27
1785052941,2026-07-26 16:02:21,50.7,51.55,51.02,51.23,48.73
1785052943,2026-07-26 16:02:23,51.74,50.25,54.46,48.73,53.43
1785052945,2026-07-26 16:02:25,51.13,50.26,53.69,48.73,52.48
1785052947,2026-07-26 16:02:27,50.76,70.35,52.22,51.79,28.06
1785052949,2026-07-26 16:02:29,51.44,64.53,52.26,51.24,37.06
1785052951,2026-07-26 16:02:31,51.32,46.46,52.48,52.04,54.23
1785052953,2026-07-26 16:02:33,51.38,51.96,51.5,50.0,51.78
1785052955,2026-07-26 16:02:35,50.82,47.47,52.0,50.77,52.5
1785052957,2026-07-26 16:02:37,51.8,51.23,49.75,52.97,53.92
1785052959,2026-07-26 16:02:39,51.13,50.25,51.49,51.27,51.78
1785052961,2026-07-26 16:02:41,50.94,49.74,49.75,54.19,49.49
1785052963,2026-07-26 16:02:43,51.93,51.49,49.24,52.45,54.68
1785052965,2026-07-26 16:02:45,51.37,51.47,49.76,54.27,50.25
1785052967,2026-07-26 16:02:47,50.82,49.24,31.34,61.81,61.22
1785052969,2026-07-26 16:02:49,51.75,50.25,51.23,52.71,52.31
1785052971,2026-07-26 16:02:51,51.12,52.45,53.43,49.74,49.75
1785052973,2026-07-26 16:02:53,51.44,50.75,53.73,50.75,49.75
1785052975,2026-07-26 16:02:55,51.44,47.47,52.02,52.2,53.96
1785052977,2026-07-26 16:02:57,50.82,50.51,54.0,48.22,50.25
1785052979,2026-07-26 16:02:59,51.19,50.25,50.25,50.76,52.94
1785052981,2026-07-26 16:03:01,51.07,50.51,51.24,51.96,51.53
1785052983,2026-07-26 16:03:03,51.62,49.25,52.45,54.19,50.0
1785052985,2026-07-26 16:03:05,50.63,52.48,52.82,50.0,47.69
1785052987,2026-07-26 16:03:07,51.25,50.26,66.83,65.69,21.0
1785052989,2026-07-26 16:03:09,51.75,52.48,52.74,55.45,47.24
1785052991,2026-07-26 16:03:11,51.0,52.48,50.25,50.75,49.49
1785052993,2026-07-26 16:03:13,51.43,52.24,51.74,49.75,52.45
1785052995,2026-07-26 16:03:15,51.13,50.25,52.53,50.51,51.49
1785052997,2026-07-26 16:03:17,50.88,49.75,50.25,53.5,50.0
1785052999,2026-07-26 16:03:19,51.92,52.2,23.38,51.72,80.4
1785053001,2026-07-26 16:03:21,51.13,51.26,16.16,51.28,85.07
1785053003,2026-07-26 16:03:23,51.19,50.51,53.92,50.25,49.75
1785053005,2026-07-26 16:03:25,51.67,25.87,76.73,53.47,51.23
1785053007,2026-07-26 16:03:27,50.95,2.01,100.0,48.99,52.82
1785053009,2026-07-26 16:03:29,51.13,27.27,75.74,51.76,49.49
1785053011,2026-07-26 16:03:31,51.44,51.0,51.01,51.26,52.22
1785053013,2026-07-26 16:03:33,51.13,48.48,50.75,51.78,53.27
1785053015,2026-07-26 16:03:35,51.31,53.47,48.47,49.0,54.68
1785053017,2026-07-26 16:03:37,51.56,52.0,51.01,50.98,51.24
1785053019,2026-07-26 16:03:39,51.13,52.31,50.99,50.25,51.27
1785053021,2026-07-26 16:03:41,51.31,55.88,54.77,42.13,52.0
1785053023,2026-07-26 16:03:43,51.56,75.5,74.87,4.02,51.72
1785053025,2026-07-26 16:03:45,51.07,72.59,77.78,3.98,50.99
1785053027,2026-07-26 16:03:47,51.31,55.5,56.37,43.72,49.23
1785053029,2026-07-26 16:03:49,51.38,53.3,51.52,51.74,49.51
1785053031,2026-07-26 16:03:51,50.76,51.53,50.26,49.75,51.74
1785053033,2026-07-26 16:03:53,50.76,50.76,51.53,50.26,50.0
1785053035,2026-07-26 16:03:55,51.25,54.19,49.49,48.24,52.94
1785053037,2026-07-26 16:03:57,51.37,52.5,51.23,51.49,49.49
1785053039,2026-07-26 16:03:59,51.07,52.04,49.75,51.5,51.79
1785053041,2026-07-26 16:04:01,51.19,51.53,48.99,53.2,50.75
1785053043,2026-07-26 16:04:03,51.31,53.0,51.26,50.0,51.26
1785053045,2026-07-26 16:04:05,50.88,51.52,52.24,49.23,51.27
1785053047,2026-07-26 16:04:07,51.74,51.01,53.69,50.49,51.22
1785053049,2026-07-26 16:04:09,50.82,49.48,50.25,53.03,50.0
1785053051,2026-07-26 16:04:11,50.38,50.51,51.01,51.02,49.24
1785053053,2026-07-26 16:04:13,52.46,53.43,52.71,54.19,49.75
1785053055,2026-07-26 16:04:15,50.76,50.75,50.26,49.75,51.52
1785053057,2026-07-26 16:04:17,50.38,50.25,50.25,50.5,51.02
1785053059,2026-07-26 16:04:19,51.57,51.22,51.76,52.26,51.27
1785053061,2026-07-26 16:04:21,51.31,52.71,50.0,50.5,51.26
1785053063,2026-07-26 16:04:23,51.31,52.2,52.0,50.0,51.26
1785053065,2026-07-26 16:04:25,51.13,51.28,51.5,49.5,52.0
1785053067,2026-07-26 16:04:27,50.82,46.7,54.73,51.28,50.74
1785053069,2026-07-26 16:04:29,51.56,52.02,51.72,50.25,51.96
1785053071,2026-07-26 16:04:31,51.19,54.59,51.49,51.74,48.24
1785053073,2026-07-26 16:04:33,51.32,49.49,51.53,52.71,50.74
1785053075,2026-07-26 16:04:35,51.12,51.47,51.52,51.49,49.74
1785053077,2026-07-26 16:04:37,50.95,50.51,51.78,51.53,50.25
1785053079,2026-07-26 16:04:39,51.5,50.0,52.2,51.5,52.24
1785053081,2026-07-26 16:04:41,51.61,51.47,50.51,51.96,52.74
1785053083,2026-07-26 16:04:43,51.26,51.26,51.0,51.01,51.76
1785053085,2026-07-26 16:04:45,50.94,53.57,51.27,49.75,49.49
1785053087,2026-07-26 16:04:47,50.94,45.92,54.19,51.24,51.52
1785053089,2026-07-26 16:04:49,50.82,50.51,50.0,52.71,50.51
1785053091,2026-07-26 16:04:51,51.62,51.96,50.76,51.23,52.28
1785053093,2026-07-26 16:04:53,51.44,52.22,50.0,50.75,53.47
1785053095,2026-07-26 16:04:55,50.82,51.27,51.47,49.23,50.25
1785053097,2026-07-26 16:04:57,51.31,53.96,50.0,51.27,50.25
1785053099,2026-07-26 16:04:59,51.32,51.76,54.19,48.22,51.0
1785053101,2026-07-26 16:05:01,51.01,51.74,49.75,51.96,50.77
1785053103,2026-07-26 16:05:03,51.74,50.25,54.46,50.0,51.74
1785053105,2026-07-26 16:05:05,50.94,52.71,52.28,49.49,49.5
1785053107,2026-07-26 16:05:07,50.69,51.27,49.74,51.0,51.24
1785053109,2026-07-26 16:05:09,52.1,57.0,57.92,41.09,52.71
1785053111,2026-07-26 16:05:11,51.01,51.02,50.99,48.72,52.94
1785053113,2026-07-26 16:05:13,50.88,47.98,52.28,52.55,50.5
1785053115,2026-07-26 16:05:15,51.98,50.99,50.5,54.41,51.98
1785053117,2026-07-26 16:05:17,50.88,52.45,50.25,49.25,51.78
1785053119,2026-07-26 16:05:19,50.89,50.51,52.02,51.01,49.75
1785053121,2026-07-26 16:05:21,51.85,51.74,51.71,51.96,51.74
1785053123,2026-07-26 16:05:23,50.76,48.45,53.06,51.79,49.5
1785053125,2026-07-26 16:05:25,50.51,51.52,39.59,56.28,54.82
1785053127,2026-07-26 16:05:27,51.47,48.77,52.97,51.71,51.98
1785053129,2026-07-26 16:05:29,51.63,51.26,48.48,52.94,53.77
1785053131,2026-07-26 16:05:31,50.63,51.02,50.25,50.0,51.79
1785053133,2026-07-26 16:05:33,51.31,50.0,54.19,51.26,49.49
1785053135,2026-07-26 16:05:35,51.01,53.27,51.26,49.74,50.5
1785053137,2026-07-26 16:05:37,51.31,51.74,50.75,52.2,50.0
1785053139,2026-07-26 16:05:39,51.38,51.0,52.74,50.25,51.96
1785053141,2026-07-26 16:05:41,51.38,50.51,52.53,49.25,53.23
1785053143,2026-07-26 16:05:43,51.98,50.0,52.45,52.94,52.45
1785053145,2026-07-26 16:05:45,51.06,51.47,50.75,51.01,50.76
1785053147,2026-07-26 16:05:47,50.7,52.28,51.02,51.0,48.73
1785053149,2026-07-26 16:05:49,51.62,54.15,50.25,47.18,54.19
1785053151,2026-07-26 16:05:51,51.19,48.99,51.46,53.0,51.52
1785053153,2026-07-26 16:05:53,51.07,49.49,50.76,53.92,50.26
1785053155,2026-07-26 16:05:55,51.12,50.0,55.17,51.47,47.21
1785053157,2026-07-26 16:05:57,50.63,50.0,50.5,49.49,52.53
1785053159,2026-07-26 16:05:59,51.13,51.23,48.98,51.26,53.06
1785053161,2026-07-26 16:06:01,52.04,49.75,52.2,53.17,53.66
1785053163,2026-07-26 16:06:03,50.76,49.75,50.76,51.01,51.26
1785053165,2026-07-26 16:06:05,51.31,51.74,51.0,52.53,50.0
1785053167,2026-07-26 16:06:07,51.13,51.76,51.01,50.0,51.26
1785053169,2026-07-26 16:06:09,50.57,52.04,48.73,50.75,51.02
1785053171,2026-07-26 16:06:11,52.09,54.19,50.49,54.9,48.77
1785053173,2026-07-26 16:06:13,51.38,52.5,50.75,52.55,49.75
1785053175,2026-07-26 16:06:15,50.19,50.25,50.77,51.02,49.23
1785053177,2026-07-26 16:06:17,51.91,54.41,49.27,52.48,51.49
1785053179,2026-07-26 16:06:19,51.32,53.54,51.26,54.0,46.46
1785053181,2026-07-26 16:06:21,50.44,48.98,51.52,50.51,50.51
1785053183,2026-07-26 16:06:23,51.86,51.26,52.22,52.48,51.47
1785053185,2026-07-26 16:06:25,50.95,51.28,50.51,49.49,52.74
1785053187,2026-07-26 16:06:27,50.88,51.26,50.76,50.25,51.0
1785053189,2026-07-26 16:06:29,51.91,54.19,50.75,50.25,52.68
1785053191,2026-07-26 16:06:31,50.76,51.01,51.74,52.55,47.24
1785053193,2026-07-26 16:06:33,50.95,51.01,51.28,50.51,51.26
1785053195,2026-07-26 16:06:35,51.19,53.69,50.25,52.26,48.74
1785053197,2026-07-26 16:06:37,51.85,47.47,54.41,52.68,52.45
1785053199,2026-07-26 16:06:39,50.89,49.48,52.26,52.79,48.74
1785053201,2026-07-26 16:06:41,51.07,51.02,49.0,52.0,52.0
1785053203,2026-07-26 16:06:43,51.92,52.94,51.47,52.71,50.51
1785053205,2026-07-26 16:06:45,50.82,50.51,50.76,50.0,52.28
1785053207,2026-07-26 16:06:47,50.88,50.25,53.0,51.01,49.49
1785053209,2026-07-26 16:06:49,52.16,54.9,49.75,53.92,49.02
1785053211,2026-07-26 16:06:51,51.07,53.2,49.24,50.25,52.28
1785053213,2026-07-26 16:06:53,50.76,50.75,53.54,49.74,48.72
1785053215,2026-07-26 16:06:55,51.12,49.75,52.55,50.25,52.48
1785053217,2026-07-26 16:06:57,51.01,51.02,52.02,49.23,50.99
1785053219,2026-07-26 16:06:59,51.43,49.74,53.92,50.75,51.72
1785053221,2026-07-26 16:07:01,51.5,51.27,52.94,52.22,50.0
1785053223,2026-07-26 16:07:03,51.38,52.5,49.25,51.01,51.78
1785053225,2026-07-26 16:07:05,51.07,52.68,50.51,47.98,53.27
1785053227,2026-07-26 16:07:07,51.37,53.23,49.25,51.96,51.52
1785053229,2026-07-26 16:07:09,51.13,50.98,51.27,48.99,53.57
1785053231,2026-07-26 16:07:11,51.31,74.5,52.5,27.0,50.76
1785053233,2026-07-26 16:07:13,51.74,61.39,36.27,50.25,59.6
1785053235,2026-07-26 16:07:15,50.82,50.77,52.53,47.47,52.24
1785053237,2026-07-26 16:07:17,51.25,50.0,53.77,49.75,51.5
1785053239,2026-07-26 16:07:19,51.8,49.51,51.0,54.9,52.0
1785053241,2026-07-26 16:07:21,50.76,48.74,52.76,49.49,51.78
1785053243,2026-07-26 16:07:23,51.32,51.53,53.23,49.75,50.75
1785053245,2026-07-26 16:07:25,50.88,49.49,51.26,50.5,52.22
1785053247,2026-07-26 16:07:27,51.06,51.5,52.24,50.75,50.0
1785053249,2026-07-26 16:07:29,51.5,52.2,50.77,50.5,52.55
1785053251,2026-07-26 16:07:31,50.88,50.75,49.25,51.02,52.53
1785053253,2026-07-26 16:07:33,51.62,50.5,50.5,52.5,52.71
1785053255,2026-07-26 16:07:35,51.31,51.28,50.98,51.72,50.76
1785053257,2026-07-26 16:07:37,50.69,50.0,51.76,47.45,53.69
1785053259,2026-07-26 16:07:39,51.19,54.23,48.45,51.0,51.0
1785053261,2026-07-26 16:07:41,51.8,52.45,53.27,54.9,46.27
1785053263,2026-07-26 16:07:43,51.01,51.76,48.22,51.79,52.24
1785053265,2026-07-26 16:07:45,50.76,52.74,49.49,51.02,50.0
1785053267,2026-07-26 16:07:47,51.55,51.47,52.97,50.0,51.47
1785053269,2026-07-26 16:07:49,51.38,51.28,52.74,50.99,50.25
1785053271,2026-07-26 16:07:51,51.49,50.0,51.24,51.47,53.69
1785053273,2026-07-26 16:07:53,50.95,52.45,50.0,50.77,50.25
1785053275,2026-07-26 16:07:55,51.07,50.26,53.73,49.5,51.02
1785053277,2026-07-26 16:07:57,51.73,49.75,52.45,52.5,52.22
1785053279,2026-07-26 16:07:59,51.44,51.47,53.23,51.02,50.25
1785053281,2026-07-26 16:08:01,51.19,51.52,51.49,51.76,49.74
1785053283,2026-07-26 16:08:03,51.13,51.74,48.22,49.75,54.95
1785053285,2026-07-26 16:08:05,51.06,52.0,51.26,49.75,51.26
1785053287,2026-07-26 16:08:07,51.56,51.98,49.75,50.74,53.47
1785053289,2026-07-26 16:08:09,50.76,50.0,48.98,53.57,50.5
1785053291,2026-07-26 16:08:11,51.12,51.24,51.24,50.0,52.76
1785053293,2026-07-26 16:08:13,51.75,54.19,51.5,47.45,53.27
1785053295,2026-07-26 16:08:15,50.7,50.0,51.74,51.27,50.0
1785053297,2026-07-26 16:08:17,51.37,50.49,50.26,53.43,51.24
1785053299,2026-07-26 16:08:19,51.56,69.35,51.74,65.33,20.0
1785053301,2026-07-26 16:08:21,50.76,75.38,51.02,74.87,2.01
1785053303,2026-07-26 16:08:23,51.68,73.63,50.5,73.76,8.04
1785053305,2026-07-26 16:08:25,51.67,51.26,51.22,53.69,50.5
1785053307,2026-07-26 16:08:27,51.07,51.47,50.51,49.75,52.04
1785053309,2026-07-26 16:08:29,51.19,51.76,51.76,50.25,51.0
1785053311,2026-07-26 16:08:31,51.79,53.14,52.0,50.75,51.96
1785053313,2026-07-26 16:08:33,51.14,48.45,51.02,53.23,50.76
1785053315,2026-07-26 16:08:35,51.12,51.0,52.53,53.5,48.04
1785053317,2026-07-26 16:08:37,50.94,51.52,51.71,50.51,51.28
1785053319,2026-07-26 16:08:39,51.69,47.76,52.74,53.73,51.53
1785053321,2026-07-26 16:08:41,51.12,51.01,53.47,47.45,52.22
1785053323,2026-07-26 16:08:43,51.44,51.74,52.5,53.0,48.99
1785053325,2026-07-26 16:08:45,51.25,50.51,51.72,54.73,47.96
1785053327,2026-07-26 16:08:47,51.18,51.72,50.25,52.04,50.25
1785053329,2026-07-26 16:08:49,51.19,52.26,51.24,49.74,51.98
1785053331,2026-07-26 16:08:51,51.13,49.74,51.78,51.24,51.72
1785053333,2026-07-26 16:08:53,51.49,54.27,50.75,48.77,51.49
1785053335,2026-07-26 16:08:55,50.57,49.49,52.71,48.98,51.98
1785053337,2026-07-26 16:08:57,50.7,52.24,48.74,51.02,50.0
1785053339,2026-07-26 16:08:59,52.04,55.39,48.99,52.48,51.49
1785053341,2026-07-26 16:09:01,50.94,52.02,47.69,51.23,53.0
1785053343,2026-07-26 16:09:03,51.38,40.1,52.5,62.5,49.75
1785053345,2026-07-26 16:09:05,51.19,50.0,54.46,49.49,50.76
1785053347,2026-07-26 16:09:07,51.12,49.24,51.79,51.72,52.2
1785053349,2026-07-26 16:09:09,50.82,49.49,52.74,50.25,50.51
1785053351,2026-07-26 16:09:11,51.31,51.01,51.24,50.51,52.22
1785053353,2026-07-26 16:09:13,51.38,61.19,53.54,32.18,59.09
1785053355,2026-07-26 16:09:15,51.13,37.06,51.01,46.0,69.65
1785053357,2026-07-26 16:09:17,51.38,50.25,53.47,51.23,50.75
1785053359,2026-07-26 16:09:19,51.07,51.26,18.18,67.34,68.0
1785053361,2026-07-26 16:09:21,51.37,35.71,47.29,60.1,61.88
1785053363,2026-07-26 16:09:23,51.87,49.75,50.51,54.95,52.45
1785053365,2026-07-26 16:09:25,50.95,50.0,14.14,69.04,70.2
1785053367,2026-07-26 16:09:27,51.25,51.72,3.52,75.38,74.87
1785053369,2026-07-26 16:09:29,51.81,72.55,12.44,50.25,71.43
1785053371,2026-07-26 16:09:31,50.88,74.75,2.53,51.01,75.25
1785053373,2026-07-26 16:09:33,51.38,75.0,44.61,10.05,75.38
1785053375,2026-07-26 16:09:35,51.49,75.74,49.75,3.0,76.85
1785053377,2026-07-26 16:09:37,51.32,69.65,49.49,12.63,72.28
1785053379,2026-07-26 16:09:39,51.44,52.04,52.48,48.76,52.5
1785053381,2026-07-26 16:09:41,51.01,53.47,48.51,51.5,51.28
1785053383,2026-07-26 16:09:43,51.26,52.82,47.76,50.26,54.23
1785053385,2026-07-26 16:09:45,51.13,51.26,51.96,49.74,51.0
1785053387,2026-07-26 16:09:47,51.37,51.74,51.96,50.0,51.74
1785053389,2026-07-26 16:09:49,51.51,51.26,52.0,52.71,50.26
1785053391,2026-07-26 16:09:51,51.06,53.0,50.26,46.08,55.0
1785053393,2026-07-26 16:09:53,51.07,50.51,51.53,51.72,50.75
1785053395,2026-07-26 16:09:55,51.13,50.0,47.98,52.26,53.47
1785053397,2026-07-26 16:09:57,50.63,51.23,50.76,50.0,51.26
1785053399,2026-07-26 16:09:59,51.74,52.68,65.67,25.12,63.64
1785053401,2026-07-26 16:10:01,51.26,50.0,59.6,35.2,60.1
1785053403,2026-07-26 16:10:03,51.13,50.25,52.24,50.0,51.74
1785053405,2026-07-26 16:10:05,51.49,52.22,50.0,52.74,50.98
1785053407,2026-07-26 16:10:07,51.07,51.0,50.0,51.27,52.45
1785053409,2026-07-26 16:10:09,51.32,52.5,53.3,47.98,51.01
1785053411,2026-07-26 16:10:11,50.88,51.49,51.72,50.76,49.23
1785053413,2026-07-26 16:10:13,51.8,50.75,53.2,53.2,50.0
1785053415,2026-07-26 16:10:15,51.07,49.49,50.51,52.71,51.76
1785053417,2026-07-26 16:10:17,50.69,52.22,49.49,50.51,50.0
1785053419,2026-07-26 16:10:19,52.04,54.19,51.96,50.25,52.24
1785053421,2026-07-26 16:10:21,51.07,54.5,26.5,70.2,53.03
1785053423,2026-07-26 16:10:23,51.25,46.97,51.02,55.67,51.01
1785053425,2026-07-26 16:10:25,51.55,52.5,51.96,51.01,50.74
1785053427,2026-07-26 16:10:27,50.63,49.24,50.25,53.27,49.75
1785053429,2026-07-26 16:10:29,50.94,48.26,50.77,53.57,51.74
1785053431,2026-07-26 16:10:31,51.97,51.23,51.22,52.94,53.2
1785053433,2026-07-26 16:10:33,51.14,51.27,52.02,49.49,50.75
1785053435,2026-07-26 16:10:35,50.82,50.51,50.0,52.53,50.51
1785053437,2026-07-26 16:10:37,51.73,51.26,50.5,51.47,53.92
1785053439,2026-07-26 16:10:39,50.95,50.26,53.3,50.25,49.75
1785053441,2026-07-26 16:10:41,51.0,51.49,51.0,53.03,48.48
1785053443,2026-07-26 16:10:43,51.01,49.74,51.01,52.68,50.76
1785053445,2026-07-26 16:10:45,50.76,49.75,52.48,47.72,52.76
1785053447,2026-07-26 16:10:47,51.74,50.75,52.22,52.79,50.99
1785053449,2026-07-26 16:10:49,51.13,52.76,52.24,47.52,52.28
1785053451,2026-07-26 16:10:51,51.12,51.22,50.51,51.01,52.0
1785053453,2026-07-26 16:10:53,51.75,49.75,51.49,53.69,51.5
1785053455,2026-07-26 16:10:55,51.25,50.75,51.49,50.0,52.97
1785053457,2026-07-26 16:10:57,51.43,54.23,50.76,49.01,51.98
1785053459,2026-07-26 16:10:59,51.2,27.64,52.02,61.81,62.76
1785053461,2026-07-26 16:11:01,51.19,37.0,50.75,58.91,59.0
1785053463,2026-07-26 16:11:03,51.38,52.71,52.24,50.51,49.49
1785053465,2026-07-26 16:11:05,51.13,52.48,50.0,49.75,52.04
1785053467,2026-07-26 16:11:07,51.25,50.0,53.5,51.74,49.75
1785053469,2026-07-26 16:11:09,50.88,48.47,49.26,52.04,54.27
1785053471,2026-07-26 16:11:11,51.26,49.01,50.26,52.5,53.03
1785053473,2026-07-26 16:11:13,51.44,49.49,51.26,51.23,53.47
1785053475,2026-07-26 16:11:15,50.57,50.26,50.0,50.25,52.26
1785053477,2026-07-26 16:11:17,51.13,50.0,51.24,51.0,51.53
1785053479,2026-07-26 16:11:19,51.92,53.69,50.49,53.2,50.51
1785053481,2026-07-26 16:11:21,50.94,51.96,51.02,48.72,51.76
1785053483,2026-07-26 16:11:23,51.01,48.47,53.96,51.74,50.0
1785053485,2026-07-26 16:11:25,52.03,52.94,53.92,50.0,51.74
1785053487,2026-07-26 16:11:27,50.82,51.52,62.81,60.82,28.36
1785053489,2026-07-26 16:11:29,50.95,51.27,74.75,74.75,3.0
1785053491,2026-07-26 16:11:31,51.98,51.76,76.1,75.73,2.54
1785053493,2026-07-26 16:11:33,51.19,39.9,75.0,74.49,16.42
1785053495,2026-07-26 16:11:35,50.63,49.49,68.53,71.57,14.36
1785053497,2026-07-26 16:11:37,51.31,50.0,53.06,52.45,49.26
1785053499,2026-07-26 16:11:39,51.19,52.68,53.47,46.67,52.04
1785053501,2026-07-26 16:11:41,51.0,50.0,49.49,50.99,53.03
1785053503,2026-07-26 16:11:43,51.5,52.48,51.52,52.22,49.74
1785053505,2026-07-26 16:11:45,51.07,51.47,53.92,50.26,48.47
1785053507,2026-07-26 16:11:47,51.06,49.75,53.23,50.75,51.0
1785053509,2026-07-26 16:11:49,51.57,50.26,50.0,52.74,53.43
1785053511,2026-07-26 16:11:51,50.63,49.74,49.48,51.52,51.24
1785053513,2026-07-26 16:11:53,51.56,51.5,52.94,50.25,51.72
1785053515,2026-07-26 16:11:55,51.68,52.26,51.5,51.49,51.24
1785053517,2026-07-26 16:11:57,50.63,52.22,48.98,49.74,51.53
1785053519,2026-07-26 16:11:59,51.37,48.99,54.5,51.24,51.49
1785053521,2026-07-26 16:12:01,51.62,49.75,52.22,51.49,52.22
1785053523,2026-07-26 16:12:03,51.26,52.45,51.26,52.28,49.49
1785053525,2026-07-26 16:12:05,51.37,50.25,52.22,49.75,53.03
1785053527,2026-07-26 16:12:07,51.06,50.51,51.27,51.72,50.74
1785053529,2026-07-26 16:12:09,51.32,49.24,51.52,53.17,51.53
1785053531,2026-07-26 16:12:11,51.12,49.25,51.72,52.28,51.5
1785053533,2026-07-26 16:12:13,51.62,52.22,51.02,51.01,51.72
1785053535,2026-07-26 16:12:15,50.88,49.75,53.69,51.0,49.24
1785053537,2026-07-26 16:12:17,51.25,52.26,52.24,52.0,48.76
1785053539,2026-07-26 16:12:19,51.26,50.25,49.75,52.26,52.48
1785053541,2026-07-26 16:12:21,51.32,50.0,47.98,54.46,52.5
1785053543,2026-07-26 16:12:23,50.7,51.27,51.28,48.98,50.98
1785053545,2026-07-26 16:12:25,50.94,51.24,53.03,51.01,49.0
1785053547,2026-07-26 16:12:27,52.15,54.19,52.94,51.23,50.25
1785053549,2026-07-26 16:12:29,50.51,49.75,48.72,51.53,51.78
1785053551,2026-07-26 16:12:31,50.88,51.52,49.25,52.28,51.0
1785053553,2026-07-26 16:12:33,52.33,75.73,2.01,75.85,53.17
1785053555,2026-07-26 16:12:35,50.38,75.63,15.5,74.62,37.06
1785053557,2026-07-26 16:12:37,50.76,49.74,51.26,50.75,51.78
1785053559,2026-07-26 16:12:39,51.92,53.17,51.26,51.96,50.98
1785053561,2026-07-26 16:12:41,50.95,50.0,52.53,51.53,49.75
1785053563,2026-07-26 16:12:43,51.01,52.04,52.26,50.0,49.51
1785053565,2026-07-26 16:12:45,51.31,53.47,50.98,50.76,49.75
1785053567,2026-07-26 16:12:47,50.7,52.26,49.23,51.24,51.01
