timestamp,elapsed_s,cpu_usage_percent,max_temp_c,avg_frequency_mhz,memory_usage_percent
2026-07-27 18:40:42,1,1.0,37.9,2052.0,21.2
2026-07-27 18:40:43,2,2.0,37.9,1578.0,21.1
2026-07-27 18:40:44,3,2.9,37.0,1626.0,21.2
2026-07-27 18:40:46,5,2.1,37.0,1152.0,21.2
2026-07-27 18:40:47,6,4.4,37.9,2052.0,21.2
2026-07-27 18:40:48,7,1.3,37.9,1578.0,21.2
2026-07-27 18:40:49,8,2.7,37.9,1578.0,21.2
2026-07-27 18:40:50,9,2.3,37.9,1578.0,21.1
2026-07-27 18:40:51,10,2.4,37.9,2052.0,21.1
2026-07-27 18:40:53,12,3.0,37.9,2052.0,21.1
2026-07-27 18:40:54,13,1.9,37.0,1152.0,21.1
2026-07-27 18:40:55,14,3.8,37.9,1578.0,21.1
2026-07-27 18:40:56,15,2.0,37.9,1578.0,21.1
2026-07-27 18:40:57,16,2.5,37.0,552.0,21.1
2026-07-27 18:40:58,17,4.2,37.9,1578.0,21.1
2026-07-27 18:41:00,19,1.9,37.9,1626.0,21.2
2026-07-27 18:41:01,20,1.8,37.9,1578.0,21.1
2026-07-27 18:41:02,21,3.7,37.9,1626.0,21.1
2026-07-27 18:41:03,22,2.2,37.0,1152.0,21.2
2026-07-27 18:41:04,23,4.4,37.9,1578.0,21.2
2026-07-27 18:41:06,25,1.8,37.9,1578.0,21.1
2026-07-27 18:41:07,26,2.6,37.9,1626.0,21.1
2026-07-27 18:41:08,27,2.8,37.9,1578.0,21.2
2026-07-27 18:41:09,28,2.3,37.9,1578.0,21.1
2026-07-27 18:41:10,29,2.0,37.0,1200.0,21.2
2026-07-27 18:41:11,30,3.9,37.9,1626.0,21.2
2026-07-27 18:41:13,32,2.1,37.0,1200.0,21.1
2026-07-27 18:41:14,33,38.2,49.9,2052.0,21.2
2026-07-27 18:41:15,34,52.2,52.7,2052.0,21.2
2026-07-27 18:41:16,35,53.0,54.5,2052.0,21.2
2026-07-27 18:41:17,36,52.9,55.5,2052.0,21.3
2026-07-27 18:41:18,37,53.7,57.3,2052.0,21.2
2026-07-27 18:41:19,38,52.0,58.2,2052.0,21.2
2026-07-27 18:41:21,40,53.3,58.2,2052.0,21.2
2026-07-27 18:41:22,41,53.1,59.2,2052.0,21.2
2026-07-27 18:41:23,42,52.1,60.1,2052.0,21.3
2026-07-27 18:41:24,43,52.8,60.1,2052.0,21.2
2026-07-27 18:41:25,44,53.1,61.0,2052.0,21.2
2026-07-27 18:41:26,45,53.2,61.0,2052.0,21.2
2026-07-27 18:41:28,46,52.0,61.9,2052.0,21.2
2026-07-27 18:41:29,48,52.9,61.9,2052.0,21.2
2026-07-27 18:41:30,49,53.2,61.9,2052.0,21.2
2026-07-27 18:41:31,50,52.8,62.8,2052.0,21.2
2026-07-27 18:41:32,51,52.6,62.8,2052.0,21.3
2026-07-27 18:41:33,52,53.2,63.8,2052.0,21.2
2026-07-27 18:41:34,53,53.0,63.8,2052.0,21.2
2026-07-27 18:41:36,54,52.0,63.8,2052.0,21.3
2026-07-27 18:41:37,56,53.0,63.8,2052.0,21.3
2026-07-27 18:41:38,57,53.0,64.7,2052.0,21.2
2026-07-27 18:41:39,58,52.5,64.7,2052.0,21.2
2026-07-27 18:41:40,59,52.6,64.7,2052.0,21.2
2026-07-27 18:41:41,60,66.2,65.6,2052.0,21.2
2026-07-27 18:41:42,61,58.5,65.6,2052.0,21.2
2026-07-27 18:41:44,63,55.3,66.5,2052.0,21.2
2026-07-27 18:41:45,64,63.8,67.5,2052.0,21.5
2026-07-27 18:41:46,65,80.8,67.5,2052.0,21.5
2026-07-27 18:41:47,66,54.9,66.5,2052.0,21.5
2026-07-27 18:41:48,67,54.1,66.5,2052.0,21.5
2026-07-27 18:41:49,68,53.5,67.5,2052.0,21.5
2026-07-27 18:41:50,69,53.2,66.5,2052.0,21.5
2026-07-27 18:41:52,71,52.7,67.5,2052.0,21.5
2026-07-27 18:41:53,72,53.1,67.5,2052.0,21.5
2026-07-27 18:41:54,73,52.9,67.5,2052.0,21.5
2026-07-27 18:41:55,74,53.1,67.5,2052.0,21.5
2026-07-27 18:41:56,75,51.9,67.5,2052.0,21.5
2026-07-27 18:41:57,76,53.3,68.4,2052.0,21.5
2026-07-27 18:41:58,77,53.1,68.4,2052.0,21.5
2026-07-27 18:42:00,79,51.8,67.5,2052.0,21.5
2026-07-27 18:42:01,80,53.2,68.4,2052.0,21.5
2026-07-27 18:42:02,81,53.1,68.4,2052.0,21.5
2026-07-27 18:42:03,82,53.2,68.4,2052.0,21.5
2026-07-27 18:42:04,83,51.9,68.4,2052.0,21.5
2026-07-27 18:42:05,84,53.0,68.4,2052.0,21.5
2026-07-27 18:42:06,85,53.7,69.3,2052.0,21.5
2026-07-27 18:42:08,87,51.9,69.3,2052.0,21.5
2026-07-27 18:42:09,88,53.1,69.3,2052.0,21.5
2026-07-27 18:42:10,89,53.0,69.3,2052.0,21.5
2026-07-27 18:42:11,90,53.1,69.3,2052.0,21.5
2026-07-27 18:42:12,91,51.9,69.3,2052.0,21.5
2026-07-27 18:42:13,92,53.1,69.3,2052.0,21.5
2026-07-27 18:42:14,93,53.3,69.3,2052.0,21.5
2026-07-27 18:42:16,95,52.0,69.3,2052.0,21.5
2026-07-27 18:42:17,96,53.0,70.2,2052.0,21.5
2026-07-27 18:42:18,97,53.2,70.2,2052.0,21.5
2026-07-27 18:42:19,98,53.2,70.2,2052.0,21.5
2026-07-27 18:42:20,99,52.2,70.2,2052.0,21.5
2026-07-27 18:42:21,100,53.2,70.2,2052.0,21.5
2026-07-27 18:42:22,101,53.0,70.2,2052.0,21.5
2026-07-27 18:42:24,103,51.9,70.2,2052.0,21.5
2026-07-27 18:42:25,104,53.6,70.2,2052.0,21.5
2026-07-27 18:42:26,105,53.2,71.2,2052.0,21.5
2026-07-27 18:42:27,106,53.3,71.2,2052.0,21.5
2026-07-27 18:42:28,107,51.9,71.2,2052.0,21.5
2026-07-27 18:42:29,108,53.1,71.2,2052.0,21.5
2026-07-27 18:42:30,109,53.1,71.2,2052.0,21.5
2026-07-27 18:42:32,111,52.0,71.2,2052.0,21.5
2026-07-27 18:42:33,112,53.1,71.2,2052.0,21.5
2026-07-27 18:42:34,113,53.0,71.2,2052.0,21.5
2026-07-27 18:42:35,114,53.1,72.1,2052.0,21.5
2026-07-27 18:42:36,115,52.5,71.2,2052.0,21.5
2026-07-27 18:42:37,116,53.0,72.1,2052.0,21.5
2026-07-27 18:42:38,117,53.1,72.1,2052.0,21.5
2026-07-27 18:42:40,119,51.9,72.1,2052.0,21.5
2026-07-27 18:42:41,120,53.1,72.1,2052.0,21.5
2026-07-27 18:42:42,121,52.9,72.1,2052.0,21.5
2026-07-27 18:42:43,122,53.1,73.0,2052.0,21.5
2026-07-27 18:42:44,123,52.1,72.1,2052.0,21.5
2026-07-27 18:42:45,124,53.0,72.1,2052.0,21.5
2026-07-27 18:42:46,125,53.1,72.1,2052.0,21.5
2026-07-27 18:42:48,127,51.9,73.0,2052.0,21.5
2026-07-27 18:42:49,128,53.2,73.0,2052.0,21.5
2026-07-27 18:42:50,129,53.0,73.0,2052.0,21.5
2026-07-27 18:42:51,130,53.1,73.0,2052.0,21.5
2026-07-27 18:42:52,131,52.1,73.0,2052.0,21.5
2026-07-27 18:42:53,132,53.1,73.0,2052.0,21.5
2026-07-27 18:42:54,133,53.7,73.9,2052.0,21.5
2026-07-27 18:42:56,135,52.1,73.9,2052.0,21.5
2026-07-27 18:42:57,136,53.0,73.9,2052.0,21.5
2026-07-27 18:42:58,137,53.0,73.9,2052.0,21.5
2026-07-27 18:42:59,138,53.1,73.9,2052.0,21.5
2026-07-27 18:43:00,139,52.0,73.9,2052.0,21.5
2026-07-27 18:43:01,140,53.0,73.9,2052.0,21.5
2026-07-27 18:43:02,141,53.2,73.9,2052.0,21.5
2026-07-27 18:43:04,143,51.9,73.9,2052.0,21.5
2026-07-27 18:43:05,144,53.1,73.9,2052.0,21.5
2026-07-27 18:43:06,145,53.2,74.8,2052.0,21.5
2026-07-27 18:43:07,146,53.1,73.9,2052.0,21.5
2026-07-27 18:43:08,147,51.8,74.8,2052.0,21.5
2026-07-27 18:43:09,148,53.2,74.8,2052.0,21.5
2026-07-27 18:43:10,149,53.4,74.8,2052.0,21.5
2026-07-27 18:43:12,151,51.9,74.8,2052.0,21.5
2026-07-27 18:43:13,152,53.7,74.8,2052.0,21.5
2026-07-27 18:43:14,153,53.0,74.8,2052.0,21.5
2026-07-27 18:43:15,154,53.3,74.8,2052.0,21.5
2026-07-27 18:43:16,155,52.0,75.8,2052.0,21.5
2026-07-27 18:43:17,156,53.0,74.8,2052.0,21.5
2026-07-27 18:43:19,157,53.3,75.8,2052.0,21.5
2026-07-27 18:43:20,159,52.1,75.8,2052.0,21.5
2026-07-27 18:43:21,160,53.3,74.8,2052.0,21.5
2026-07-27 18:43:22,161,52.8,75.8,2052.0,21.5
2026-07-27 18:43:23,162,53.1,75.8,2052.0,21.5
2026-07-27 18:43:24,163,52.5,75.8,2052.0,21.5
2026-07-27 18:43:25,164,53.1,75.8,2052.0,21.5
2026-07-27 18:43:27,165,53.3,75.8,2052.0,21.5
2026-07-27 18:43:28,167,52.0,75.8,2052.0,21.5
2026-07-27 18:43:29,168,53.2,75.8,2052.0,21.5
2026-07-27 18:43:30,169,53.0,75.8,2052.0,21.5
2026-07-27 18:43:31,170,53.0,75.8,2052.0,21.5
2026-07-27 18:43:32,171,52.1,75.8,2052.0,21.5
2026-07-27 18:43:33,172,53.0,76.7,2052.0,21.5
2026-07-27 18:43:35,174,53.1,76.7,2052.0,21.5
2026-07-27 18:43:36,175,51.9,76.7,2052.0,21.5
2026-07-27 18:43:37,176,53.7,76.7,2052.0,21.5
2026-07-27 18:43:38,177,53.0,76.7,2052.0,21.5
2026-07-27 18:43:39,178,54.8,76.7,2052.0,21.5
2026-07-27 18:43:40,179,51.9,76.7,2052.0,21.5
2026-07-27 18:43:41,180,53.1,76.7,2052.0,21.5
2026-07-27 18:43:43,182,53.1,76.7,2052.0,21.5
2026-07-27 18:43:44,183,52.1,76.7,2052.0,21.5
2026-07-27 18:43:45,184,53.1,76.7,2052.0,21.5
2026-07-27 18:43:46,185,52.9,76.7,2052.0,21.5
2026-07-27 18:43:47,186,53.1,76.7,2052.0,21.5
2026-07-27 18:43:48,187,52.6,76.7,2052.0,21.5
2026-07-27 18:43:49,188,53.2,76.7,2052.0,21.5
2026-07-27 18:43:51,190,53.2,76.7,2052.0,21.5
2026-07-27 18:43:52,191,52.2,77.6,2052.0,21.5
2026-07-27 18:43:53,192,52.8,76.7,2052.0,21.5
2026-07-27 18:43:54,193,53.2,76.7,2052.0,21.5
2026-07-27 18:43:55,194,53.0,76.7,2052.0,21.5
2026-07-27 18:43:56,195,52.1,77.6,2052.0,21.5
2026-07-27 18:43:57,196,53.0,77.6,2052.0,21.5
2026-07-27 18:43:59,198,52.8,77.6,2052.0,21.5
2026-07-27 18:44:00,199,52.6,77.6,2052.0,21.5
2026-07-27 18:44:01,200,53.1,77.6,2052.0,21.5
2026-07-27 18:44:02,201,53.1,77.6,2052.0,21.5
2026-07-27 18:44:03,202,53.4,77.6,2052.0,21.5
2026-07-27 18:44:04,203,51.9,77.6,2052.0,21.5
2026-07-27 18:44:05,204,53.0,77.6,2052.0,21.5
2026-07-27 18:44:07,206,53.0,77.6,2052.0,21.5
2026-07-27 18:44:08,207,52.7,77.6,2052.0,21.5
2026-07-27 18:44:09,208,52.6,77.6,2052.0,21.5
2026-07-27 18:44:10,209,53.0,77.6,2052.0,21.5
2026-07-27 18:44:11,210,53.2,77.6,2052.0,21.5
2026-07-27 18:44:12,211,52.5,77.6,2052.0,21.5
2026-07-27 18:44:13,212,53.1,77.6,2052.0,21.5
2026-07-27 18:44:15,214,53.4,77.6,2052.0,21.5
2026-07-27 18:44:16,215,52.8,77.6,2052.0,21.5
2026-07-27 18:44:17,216,52.1,77.6,2052.0,21.5
2026-07-27 18:44:18,217,53.0,77.6,2052.0,21.5
2026-07-27 18:44:19,218,53.2,78.5,2052.0,21.5
2026-07-27 18:44:20,219,52.2,77.6,2052.0,21.4
2026-07-27 18:44:21,220,53.2,77.6,2052.0,21.5
2026-07-27 18:44:23,222,53.1,78.5,2052.0,21.5
2026-07-27 18:44:24,223,52.8,78.5,2052.0,21.5
2026-07-27 18:44:25,224,52.7,78.5,2052.0,21.5
2026-07-27 18:44:26,225,53.2,78.5,2052.0,21.5
2026-07-27 18:44:27,226,53.2,78.5,2052.0,21.5
2026-07-27 18:44:28,227,51.9,78.5,2052.0,21.5
2026-07-27 18:44:29,228,52.9,78.5,2052.0,21.5
2026-07-27 18:44:31,230,52.9,78.5,2052.0,21.5
2026-07-27 18:44:32,231,53.0,78.5,2052.0,21.5
2026-07-27 18:44:33,232,52.0,78.5,2052.0,21.5
2026-07-27 18:44:34,233,53.1,78.5,2052.0,21.5
2026-07-27 18:44:35,234,53.1,78.5,2052.0,21.5
2026-07-27 18:44:36,235,52.6,78.5,2052.0,21.5
2026-07-27 18:44:37,236,53.0,78.5,2052.0,21.5
2026-07-27 18:44:39,238,53.2,78.5,2052.0,21.5
2026-07-27 18:44:40,239,53.1,78.5,2052.0,21.5
2026-07-27 18:44:41,240,51.9,78.5,2052.0,21.5
2026-07-27 18:44:42,241,53.1,78.5,2052.0,21.5
2026-07-27 18:44:43,242,53.1,79.5,2052.0,21.5
2026-07-27 18:44:44,243,52.2,78.5,2052.0,21.5
2026-07-27 18:44:45,244,53.0,79.5,2052.0,21.5
2026-07-27 18:44:47,246,53.2,79.5,2052.0,21.5
2026-07-27 18:44:48,247,53.0,79.5,2052.0,21.5
2026-07-27 18:44:49,248,51.9,79.5,2052.0,21.5
2026-07-27 18:44:50,249,53.2,79.5,2052.0,21.5
2026-07-27 18:44:51,250,53.1,79.5,2052.0,21.5
2026-07-27 18:44:52,251,51.9,79.5,2052.0,21.5
2026-07-27 18:44:53,252,53.2,79.5,2052.0,21.5
2026-07-27 18:44:55,254,53.6,79.5,2052.0,21.5
2026-07-27 18:44:56,255,53.1,79.5,2052.0,21.5
2026-07-27 18:44:57,256,51.9,79.5,2052.0,21.5
2026-07-27 18:44:58,257,52.9,79.5,2052.0,21.5
2026-07-27 18:44:59,258,53.0,79.5,2052.0,21.5
2026-07-27 18:45:00,259,52.0,79.5,2052.0,21.5
2026-07-27 18:45:01,260,53.0,79.5,2052.0,21.5
2026-07-27 18:45:03,262,53.4,79.5,2052.0,21.5
2026-07-27 18:45:04,263,53.0,80.4,2052.0,21.5
2026-07-27 18:45:05,264,51.9,79.5,2052.0,21.5
2026-07-27 18:45:06,265,53.2,80.4,2052.0,21.5
2026-07-27 18:45:07,266,53.1,80.4,2052.0,21.5
2026-07-27 18:45:08,267,51.9,80.4,2052.0,21.5
2026-07-27 18:45:10,268,53.1,80.4,2052.0,21.5
2026-07-27 18:45:11,270,53.1,80.4,2052.0,21.5
2026-07-27 18:45:12,271,53.2,80.4,2052.0,21.5
2026-07-27 18:45:13,272,52.5,80.4,2052.0,21.5
2026-07-27 18:45:14,273,53.1,80.4,2052.0,21.5
2026-07-27 18:45:15,274,53.2,80.4,2052.0,21.5
2026-07-27 18:45:16,275,51.8,80.4,2052.0,21.5
2026-07-27 18:45:18,276,53.0,80.4,2052.0,21.5
2026-07-27 18:45:19,278,52.9,80.4,2052.0,21.5
2026-07-27 18:45:20,279,53.4,80.4,2052.0,21.5
2026-07-27 18:45:21,280,52.0,80.4,2052.0,21.5
2026-07-27 18:45:22,281,53.2,80.4,2052.0,21.5
2026-07-27 18:45:23,282,52.8,81.3,2052.0,21.5
2026-07-27 18:45:24,283,52.0,81.3,2052.0,21.5
2026-07-27 18:45:26,285,53.2,81.3,2052.0,21.5
2026-07-27 18:45:27,286,53.2,81.3,2052.0,21.5
2026-07-27 18:45:28,287,53.0,81.3,2052.0,21.5
2026-07-27 18:45:29,288,51.9,81.3,2052.0,21.5
2026-07-27 18:45:30,289,53.1,81.3,2052.0,21.5
2026-07-27 18:45:31,290,53.7,81.3,2052.0,21.5
2026-07-27 18:45:32,291,52.2,81.3,2052.0,21.5
2026-07-27 18:45:34,293,53.2,81.3,2052.0,21.5
2026-07-27 18:45:35,294,53.1,81.3,2052.0,21.5
2026-07-27 18:45:36,295,53.1,81.3,2052.0,21.5
2026-07-27 18:45:37,296,52.0,81.3,2052.0,21.5
2026-07-27 18:45:38,297,53.0,81.3,2052.0,21.5
2026-07-27 18:45:39,298,53.1,81.3,2052.0,21.5
2026-07-27 18:45:40,299,53.5,81.3,2052.0,21.5
2026-07-27 18:45:42,301,52.9,82.2,2052.0,21.5
2026-07-27 18:45:43,302,53.6,82.2,2052.0,21.5
2026-07-27 18:45:44,303,53.6,81.3,2052.0,21.5
2026-07-27 18:45:45,304,52.1,82.2,2052.0,21.5
2026-07-27 18:45:46,305,53.1,82.2,2052.0,21.5
2026-07-27 18:45:47,306,53.0,82.2,2052.0,21.5
2026-07-27 18:45:48,307,52.1,82.2,2052.0,21.5
2026-07-27 18:45:50,309,52.8,82.2,2052.0,21.5
2026-07-27 18:45:51,310,53.3,82.2,2052.0,21.5
2026-07-27 18:45:52,311,53.2,82.2,2052.0,21.5
2026-07-27 18:45:53,312,51.8,82.2,2052.0,21.5
2026-07-27 18:45:54,313,53.5,82.2,2052.0,21.5
2026-07-27 18:45:55,314,53.2,82.2,2052.0,21.5
2026-07-27 18:45:56,315,52.4,82.2,2052.0,21.5
2026-07-27 18:45:58,317,52.7,82.2,2052.0,21.5
2026-07-27 18:45:59,318,53.1,82.2,2052.0,21.5
2026-07-27 18:46:00,319,53.0,82.2,2052.0,21.5
2026-07-27 18:46:01,320,51.9,82.2,2052.0,21.5
2026-07-27 18:46:02,321,53.1,82.2,2052.0,21.5
2026-07-27 18:46:03,322,53.1,82.2,2052.0,21.5
2026-07-27 18:46:04,323,52.5,82.2,2052.0,21.5
2026-07-27 18:46:06,325,52.4,82.2,2052.0,21.5
2026-07-27 18:46:07,326,53.6,82.2,2052.0,21.5
2026-07-27 18:46:08,327,53.2,82.2,2052.0,21.5
2026-07-27 18:46:09,328,52.0,82.2,2052.0,21.5
2026-07-27 18:46:10,329,53.1,82.2,2052.0,21.5
2026-07-27 18:46:11,330,53.0,82.2,2052.0,21.5
2026-07-27 18:46:12,331,52.8,82.2,2052.0,21.5
2026-07-27 18:46:14,333,52.2,82.2,2052.0,21.5
2026-07-27 18:46:15,334,53.2,82.2,2052.0,21.5
2026-07-27 18:46:16,335,53.0,82.2,2052.0,21.5
2026-07-27 18:46:17,336,51.9,82.2,2052.0,21.5
2026-07-27 18:46:18,337,53.8,82.2,2052.0,21.5
2026-07-27 18:46:19,338,52.9,82.2,2052.0,21.5
2026-07-27 18:46:20,339,53.2,82.2,2052.0,21.5
2026-07-27 18:46:22,341,52.2,82.2,2052.0,21.5
2026-07-27 18:46:23,342,53.1,82.2,2052.0,21.5
2026-07-27 18:46:24,343,53.1,82.2,2052.0,21.5
2026-07-27 18:46:25,344,52.0,82.2,2052.0,21.5
2026-07-27 18:46:26,345,53.4,82.2,2052.0,21.5
2026-07-27 18:46:27,346,53.0,82.2,2052.0,21.5
2026-07-27 18:46:28,347,53.0,82.2,2052.0,21.5
2026-07-27 18:46:30,349,51.9,82.2,2052.0,21.5
2026-07-27 18:46:31,350,53.7,82.2,2052.0,21.5
2026-07-27 18:46:32,351,53.1,82.2,2052.0,21.5
2026-07-27 18:46:33,352,52.1,82.2,2052.0,21.5
2026-07-27 18:46:34,353,53.2,82.2,2052.0,21.5
2026-07-27 18:46:35,354,53.0,82.2,2052.0,21.5
2026-07-27 18:46:36,355,53.1,83.2,2052.0,21.5
2026-07-27 18:46:38,357,52.0,83.2,2052.0,21.5
2026-07-27 18:46:39,358,53.1,82.2,2052.0,21.5
2026-07-27 18:46:40,359,53.1,83.2,2052.0,21.5
2026-07-27 18:46:41,360,51.9,82.2,2052.0,21.5
2026-07-27 18:46:42,361,53.7,83.2,2052.0,21.5
2026-07-27 18:46:43,362,53.1,83.2,2052.0,21.5
2026-07-27 18:46:45,363,53.2,83.2,2052.0,21.5
2026-07-27 18:46:46,365,52.0,83.2,2052.0,21.5
2026-07-27 18:46:47,366,53.1,83.2,2052.0,21.5
2026-07-27 18:46:48,367,53.0,83.2,2052.0,21.5
2026-07-27 18:46:49,368,52.1,83.2,2052.0,21.5
2026-07-27 18:46:50,369,53.1,83.2,2052.0,21.5
2026-07-27 18:46:51,370,53.1,83.2,2052.0,21.5
2026-07-27 18:46:53,371,53.0,83.2,2052.0,21.5
2026-07-27 18:46:54,373,52.5,83.2,2052.0,21.5
2026-07-27 18:46:55,374,53.1,83.2,2052.0,21.5
2026-07-27 18:46:56,375,53.0,83.2,2052.0,21.5
2026-07-27 18:46:57,376,52.1,83.2,2052.0,21.5
2026-07-27 18:46:58,377,53.0,83.2,2052.0,21.5
2026-07-27 18:46:59,378,53.0,83.2,2052.0,21.5
2026-07-27 18:47:01,380,53.1,83.2,2052.0,21.5
2026-07-27 18:47:02,381,52.0,83.2,2052.0,21.5
2026-07-27 18:47:03,382,53.2,83.2,2052.0,21.5
2026-07-27 18:47:04,383,53.2,83.2,2052.0,21.5
2026-07-27 18:47:05,384,51.9,84.1,2052.0,21.5
2026-07-27 18:47:06,385,53.7,83.2,2052.0,21.5
2026-07-27 18:47:07,386,53.0,83.2,2052.0,21.5
2026-07-27 18:47:09,388,53.3,83.2,2052.0,21.5
2026-07-27 18:47:10,389,51.8,83.2,2052.0,21.5
2026-07-27 18:47:11,390,53.1,83.2,2052.0,21.5
2026-07-27 18:47:12,391,53.1,84.1,2052.0,21.5
2026-07-27 18:47:13,392,51.9,84.1,2052.0,21.5
2026-07-27 18:47:14,393,53.2,83.2,2052.0,21.5
2026-07-27 18:47:15,394,53.0,84.1,2052.0,21.4
2026-07-27 18:47:17,396,53.1,84.1,2052.0,21.5
2026-07-27 18:47:18,397,52.0,84.1,2052.0,21.5
2026-07-27 18:47:19,398,53.1,84.1,2052.0,21.4
2026-07-27 18:47:20,399,53.3,84.1,2052.0,21.5
2026-07-27 18:47:21,400,51.9,84.1,2052.0,21.5
2026-07-27 18:47:22,401,53.1,84.1,2052.0,21.5
2026-07-27 18:47:23,402,53.1,83.2,2052.0,21.5
2026-07-27 18:47:25,404,53.2,84.1,2052.0,21.5
2026-07-27 18:47:26,405,52.0,84.1,2052.0,21.5
2026-07-27 18:47:27,406,53.2,84.1,2052.0,21.5
2026-07-27 18:47:28,407,53.0,84.1,2052.0,21.5
2026-07-27 18:47:29,408,52.2,84.1,2052.0,21.5
2026-07-27 18:47:30,409,53.4,84.1,2052.0,21.5
2026-07-27 18:47:31,410,53.0,83.2,2052.0,21.5
2026-07-27 18:47:33,412,53.4,84.1,2052.0,21.5
2026-07-27 18:47:34,413,51.9,84.1,2052.0,21.5
2026-07-27 18:47:35,414,53.1,84.1,2052.0,21.5
2026-07-27 18:47:36,415,53.1,84.1,2052.0,21.5
2026-07-27 18:47:37,416,52.3,84.1,2052.0,21.5
2026-07-27 18:47:38,417,52.7,84.1,2052.0,21.5
2026-07-27 18:47:39,418,53.1,84.1,2052.0,21.5
2026-07-27 18:47:41,420,53.1,84.1,2052.0,21.5
2026-07-27 18:47:42,421,51.9,84.1,2052.0,21.5
2026-07-27 18:47:43,422,53.6,84.1,2052.0,21.5
2026-07-27 18:47:44,423,53.1,84.1,2052.0,21.5
2026-07-27 18:47:45,424,52.7,84.1,2052.0,21.5
2026-07-27 18:47:46,425,52.5,84.1,2052.0,21.5
2026-07-27 18:47:47,426,52.9,84.1,2052.0,21.5
2026-07-27 18:47:49,428,53.1,84.1,2052.0,21.4
2026-07-27 18:47:50,429,52.0,84.1,2052.0,21.5
2026-07-27 18:47:51,430,53.3,84.1,2052.0,21.5
2026-07-27 18:47:52,431,53.2,84.1,2052.0,21.5
2026-07-27 18:47:53,432,52.7,84.1,2052.0,21.5
2026-07-27 18:47:54,433,52.1,84.1,2052.0,21.5
2026-07-27 18:47:55,434,53.1,84.1,2052.0,21.5
2026-07-27 18:47:57,436,53.2,84.1,2052.0,21.5
2026-07-27 18:47:58,437,51.7,84.1,2052.0,21.5
2026-07-27 18:47:59,438,53.3,84.1,2052.0,21.5
2026-07-27 18:48:00,439,53.1,84.1,2052.0,21.5
2026-07-27 18:48:01,440,53.8,84.1,2052.0,21.5
2026-07-27 18:48:02,441,52.2,84.1,2052.0,21.5
2026-07-27 18:48:04,442,53.1,84.1,2052.0,21.5
2026-07-27 18:48:05,444,53.0,84.1,2052.0,21.5
2026-07-27 18:48:06,445,52.0,84.1,2052.0,21.5
2026-07-27 18:48:07,446,53.0,84.1,2052.0,21.5
2026-07-27 18:48:08,447,53.0,84.1,2052.0,21.5
2026-07-27 18:48:09,448,53.3,84.1,2052.0,21.5
2026-07-27 18:48:10,449,51.8,84.1,2052.0,21.5
2026-07-27 18:48:12,451,53.3,84.1,2052.0,21.5
2026-07-27 18:48:13,452,53.6,84.1,2052.0,21.5
2026-07-27 18:48:14,453,51.9,84.1,2052.0,21.5
2026-07-27 18:48:15,454,53.4,84.1,2052.0,21.5
2026-07-27 18:48:16,455,53.1,84.1,2052.0,21.5
2026-07-27 18:48:17,456,53.1,84.1,2052.0,21.5
2026-07-27 18:48:18,457,52.1,84.1,2052.0,21.5
2026-07-27 18:48:20,459,53.0,84.1,2052.0,21.5
2026-07-27 18:48:21,460,53.5,84.1,2052.0,21.5
2026-07-27 18:48:22,461,51.9,84.1,2052.0,21.5
2026-07-27 18:48:23,462,53.2,85.0,2052.0,21.5
2026-07-27 18:48:24,463,53.3,84.1,2052.0,21.5
2026-07-27 18:48:25,464,53.5,84.1,2052.0,21.5
2026-07-27 18:48:26,465,52.2,84.1,2052.0,21.5
2026-07-27 18:48:28,467,53.0,84.1,2052.0,21.5
2026-07-27 18:48:29,468,53.1,84.1,2052.0,21.5
2026-07-27 18:48:30,469,51.8,84.1,2052.0,21.5
2026-07-27 18:48:31,470,53.1,84.1,2052.0,21.5
2026-07-27 18:48:32,471,53.0,84.1,2052.0,21.5
2026-07-27 18:48:33,472,53.3,85.0,2052.0,21.5
2026-07-27 18:48:34,473,51.9,84.1,2052.0,21.5
2026-07-27 18:48:36,475,53.4,84.1,2052.0,21.5
2026-07-27 18:48:37,476,53.9,84.1,2052.0,21.5
2026-07-27 18:48:38,477,52.1,84.1,2052.0,21.5
2026-07-27 18:48:39,478,53.6,84.1,2052.0,21.5
2026-07-27 18:48:40,479,52.1,84.1,2052.0,21.5
2026-07-27 18:48:41,480,52.9,84.1,2052.0,21.5
2026-07-27 18:48:42,481,53.1,84.1,2052.0,21.5
2026-07-27 18:48:44,483,52.2,85.0,2052.0,21.5
2026-07-27 18:48:45,484,52.7,84.1,2052.0,21.5
2026-07-27 18:48:46,485,53.1,84.1,2052.0,21.5
2026-07-27 18:48:47,486,53.0,85.0,2052.0,21.5
2026-07-27 18:48:48,487,52.6,84.1,2052.0,21.5
2026-07-27 18:48:49,488,53.0,84.1,2052.0,21.5
2026-07-27 18:48:50,489,53.9,84.1,2052.0,21.5
2026-07-27 18:48:52,491,52.3,85.0,2052.0,21.5
2026-07-27 18:48:53,492,53.5,84.1,2052.0,21.5
2026-07-27 18:48:54,493,52.1,84.1,2052.0,21.5
2026-07-27 18:48:55,494,53.4,84.1,2052.0,21.5
2026-07-27 18:48:56,495,52.2,84.1,2052.0,21.5
2026-07-27 18:48:57,496,53.6,84.1,2052.0,21.5
2026-07-27 18:48:58,497,52.0,84.1,2052.0,21.5
2026-07-27 18:49:00,499,53.1,84.1,2052.0,21.5
2026-07-27 18:49:01,500,53.7,84.1,2052.0,21.5
2026-07-27 18:49:02,501,53.1,84.1,2052.0,21.5
2026-07-27 18:49:03,502,52.2,84.1,2052.0,21.5
2026-07-27 18:49:04,503,53.1,84.1,2052.0,21.5
2026-07-27 18:49:05,504,53.0,84.1,2052.0,21.5
2026-07-27 18:49:06,505,52.0,85.0,2052.0,21.5
2026-07-27 18:49:08,507,53.1,85.0,2052.0,21.5
2026-07-27 18:49:09,508,53.1,84.1,2052.0,21.5
2026-07-27 18:49:10,509,53.1,85.0,2052.0,21.5
2026-07-27 18:49:11,510,52.0,84.1,2052.0,21.5
2026-07-27 18:49:12,511,53.8,85.0,2052.0,21.5
2026-07-27 18:49:13,512,53.1,85.0,2052.0,21.5
2026-07-27 18:49:15,513,51.9,85.0,2052.0,21.5
2026-07-27 18:49:16,515,53.0,85.0,2052.0,21.5
2026-07-27 18:49:17,516,53.0,84.1,2052.0,21.5
2026-07-27 18:49:18,517,53.1,85.0,2052.0,21.5
2026-07-27 18:49:19,518,52.0,85.0,2052.0,21.5
2026-07-27 18:49:20,519,53.4,85.0,2052.0,21.5
2026-07-27 18:49:21,520,52.9,85.0,2052.0,21.5
2026-07-27 18:49:23,522,52.0,85.0,2052.0,21.5
2026-07-27 18:49:24,523,53.2,85.0,2052.0,21.5
2026-07-27 18:49:25,524,53.0,85.0,2052.0,21.5
2026-07-27 18:49:26,525,53.1,85.0,2052.0,21.5
2026-07-27 18:49:27,526,52.2,85.0,2052.0,21.5
2026-07-27 18:49:28,527,53.1,85.0,2052.0,21.5
2026-07-27 18:49:29,528,53.1,85.0,2052.0,21.5
2026-07-27 18:49:31,530,52.6,85.0,2052.0,21.5
2026-07-27 18:49:32,531,53.2,85.0,2052.0,21.5
2026-07-27 18:49:33,532,53.2,85.0,2052.0,21.5
2026-07-27 18:49:34,533,53.1,85.0,2052.0,21.5
2026-07-27 18:49:35,534,51.9,85.0,2052.0,21.5
2026-07-27 18:49:36,535,53.1,85.0,2052.0,21.5
2026-07-27 18:49:37,536,53.0,85.0,2052.0,21.5
2026-07-27 18:49:39,538,52.1,85.0,2052.0,21.5
2026-07-27 18:49:40,539,53.2,85.0,2052.0,21.5
2026-07-27 18:49:41,540,53.1,85.0,2052.0,21.5
2026-07-27 18:49:42,541,53.2,85.0,2052.0,21.5
2026-07-27 18:49:43,542,52.7,85.0,2052.0,21.5
2026-07-27 18:49:44,543,52.9,85.0,2052.0,21.5
2026-07-27 18:49:45,544,53.2,85.0,2052.0,21.5
2026-07-27 18:49:47,546,51.9,85.0,2052.0,21.5
2026-07-27 18:49:48,547,53.2,85.0,2052.0,21.5
2026-07-27 18:49:49,548,53.0,85.0,2052.0,21.5
2026-07-27 18:49:50,549,53.1,85.0,2052.0,21.5
2026-07-27 18:49:51,550,52.2,85.0,2052.0,21.5
2026-07-27 18:49:52,551,52.8,85.0,2052.0,21.5
2026-07-27 18:49:53,552,53.0,85.0,2052.0,21.5
2026-07-27 18:49:55,554,52.3,85.0,2052.0,21.5
2026-07-27 18:49:56,555,52.8,85.0,2052.0,21.5
2026-07-27 18:49:57,556,53.1,85.0,2052.0,21.5
2026-07-27 18:49:58,557,53.1,85.0,2052.0,21.5
2026-07-27 18:49:59,558,51.9,85.0,2052.0,21.5
2026-07-27 18:50:00,559,53.8,85.0,2052.0,21.5
2026-07-27 18:50:01,560,53.0,85.0,2052.0,21.5
2026-07-27 18:50:03,562,52.5,85.0,2052.0,21.5
2026-07-27 18:50:04,563,52.6,85.0,2052.0,21.5
2026-07-27 18:50:05,564,53.0,85.0,2052.0,21.5
2026-07-27 18:50:06,565,53.2,85.0,2052.0,21.5
2026-07-27 18:50:07,566,51.9,85.0,2052.0,21.5
2026-07-27 18:50:08,567,53.3,85.0,2052.0,21.5
2026-07-27 18:50:10,568,52.9,85.0,2052.0,21.5
2026-07-27 18:50:11,570,52.6,85.0,2052.0,21.5
2026-07-27 18:50:12,571,52.4,85.0,2052.0,21.5
2026-07-27 18:50:13,572,53.2,85.0,2052.0,21.5
2026-07-27 18:50:14,573,53.1,85.0,2052.0,21.5
2026-07-27 18:50:15,574,52.2,85.0,2052.0,21.5
2026-07-27 18:50:16,575,53.0,85.0,2052.0,21.5
2026-07-27 18:50:18,577,53.1,85.0,2052.0,21.5
2026-07-27 18:50:19,578,53.5,85.0,2052.0,21.5
2026-07-27 18:50:20,579,52.3,85.0,2052.0,21.5
2026-07-27 18:50:21,580,53.2,85.0,2052.0,21.5
2026-07-27 18:50:22,581,54.0,85.0,2052.0,21.5
2026-07-27 18:50:23,582,51.9,85.0,2052.0,21.5
2026-07-27 18:50:24,583,53.1,85.0,2052.0,21.5
2026-07-27 18:50:26,585,53.0,85.0,2052.0,21.5
2026-07-27 18:50:27,586,53.1,85.0,2052.0,21.5
2026-07-27 18:50:28,587,51.9,85.0,2052.0,21.5
2026-07-27 18:50:29,588,53.0,85.0,2052.0,21.5
2026-07-27 18:50:30,589,53.4,85.0,2052.0,21.5
2026-07-27 18:50:31,590,52.4,85.0,2052.0,21.5
2026-07-27 18:50:32,591,53.2,85.0,2052.0,21.5
2026-07-27 18:50:34,593,53.0,85.0,2052.0,21.5
2026-07-27 18:50:35,594,53.0,85.0,2052.0,21.5
2026-07-27 18:50:36,595,52.0,85.0,2052.0,21.5
2026-07-27 18:50:37,596,53.1,85.0,2052.0,21.5
2026-07-27 18:50:38,597,53.1,85.0,2052.0,21.5
2026-07-27 18:50:39,598,52.0,85.0,2052.0,21.5
2026-07-27 18:50:40,599,53.2,85.0,2052.0,21.5
2026-07-27 18:50:42,601,53.1,85.0,2052.0,21.5
2026-07-27 18:50:43,602,53.1,85.0,2052.0,21.5
2026-07-27 18:50:44,603,51.9,85.0,2052.0,21.5
2026-07-27 18:50:45,604,53.2,85.0,2052.0,21.5
2026-07-27 18:50:46,605,53.0,85.0,2052.0,21.5
2026-07-27 18:50:47,606,51.9,85.0,2052.0,21.5
2026-07-27 18:50:48,607,53.5,85.9,2052.0,21.5
2026-07-27 18:50:50,609,53.1,85.0,2052.0,21.5
2026-07-27 18:50:51,610,53.0,85.0,2052.0,21.5
2026-07-27 18:50:52,611,52.0,85.9,2052.0,21.5
2026-07-27 18:50:53,612,53.1,85.9,2052.0,21.5
2026-07-27 18:50:54,613,53.0,85.9,2052.0,21.5
2026-07-27 18:50:55,614,52.0,85.9,2052.0,21.5
2026-07-27 18:50:56,615,53.1,85.9,2052.0,21.5
2026-07-27 18:50:58,617,53.1,85.9,2052.0,21.5
2026-07-27 18:50:59,618,53.1,85.9,2052.0,21.5
2026-07-27 18:51:00,619,51.9,85.9,2052.0,21.5
2026-07-27 18:51:01,620,53.0,85.9,2052.0,21.5
2026-07-27 18:51:02,621,53.0,85.9,2052.0,21.5
2026-07-27 18:51:03,622,52.2,85.9,2052.0,21.5
2026-07-27 18:51:04,623,52.9,85.9,2052.0,21.5
2026-07-27 18:51:06,625,53.2,85.9,2052.0,21.5
2026-07-27 18:51:07,626,53.0,85.9,2052.0,21.5
2026-07-27 18:51:08,627,52.0,85.9,2052.0,21.5
2026-07-27 18:51:09,628,53.1,85.9,2052.0,21.5
2026-07-27 18:51:10,629,53.1,85.9,2052.0,21.5
2026-07-27 18:51:11,630,52.1,85.9,2052.0,21.5
2026-07-27 18:51:12,631,53.7,85.9,2052.0,21.5
2026-07-27 18:51:14,633,53.0,85.9,2052.0,21.5
2026-07-27 18:51:15,634,53.2,85.9,2052.0,21.5
2026-07-27 18:51:16,635,52.0,85.9,2052.0,21.5
2026-07-27 18:51:17,636,53.1,85.0,2052.0,21.5
2026-07-27 18:51:18,637,52.9,85.9,2052.0,21.5
2026-07-27 18:51:19,638,52.0,85.9,2052.0,21.5
2026-07-27 18:51:20,639,53.3,85.0,2052.0,21.5
2026-07-27 18:51:22,641,53.0,85.9,2052.0,21.5
2026-07-27 18:51:23,642,53.1,85.0,2052.0,21.5
2026-07-27 18:51:24,643,51.9,85.0,2052.0,21.5
2026-07-27 18:51:25,644,53.8,85.0,2052.0,21.5
2026-07-27 18:51:26,645,53.1,85.9,2052.0,21.5
2026-07-27 18:51:27,646,51.9,85.9,2052.0,21.5
2026-07-27 18:51:29,647,53.0,85.0,2052.0,21.5
2026-07-27 18:51:30,649,53.0,85.9,2052.0,21.5
2026-07-27 18:51:31,650,53.2,85.0,2052.0,21.5
2026-07-27 18:51:32,651,51.8,85.0,2052.0,21.5
2026-07-27 18:51:33,652,53.3,85.9,2052.0,21.5
2026-07-27 18:51:34,653,53.0,85.0,2052.0,21.5
2026-07-27 18:51:35,654,52.0,85.9,2052.0,21.5
2026-07-27 18:51:37,656,52.9,85.0,2052.0,21.5
2026-07-27 18:51:38,657,53.2,85.0,2052.0,21.5
2026-07-27 18:51:39,658,53.0,85.9,2052.0,21.5
2026-07-27 18:51:40,659,52.0,85.9,2052.0,21.5
2026-07-27 18:51:41,660,53.0,85.0,2052.0,21.5
2026-07-27 18:51:42,661,53.2,85.0,2052.0,21.5
2026-07-27 18:51:43,662,52.1,85.9,2052.0,21.5
2026-07-27 18:51:45,664,53.0,85.0,2052.0,21.5
2026-07-27 18:51:46,665,53.0,85.9,2052.0,21.5
2026-07-27 18:51:47,666,53.1,85.0,2052.0,21.5
2026-07-27 18:51:48,667,52.0,85.9,2052.0,21.5
2026-07-27 18:51:49,668,53.1,85.9,2052.0,21.5
2026-07-27 18:51:50,669,53.0,85.9,2052.0,21.5
2026-07-27 18:51:51,670,52.7,85.9,2052.0,21.5
2026-07-27 18:51:53,672,52.4,85.9,2052.0,21.5
2026-07-27 18:51:54,673,52.9,85.0,2052.0,21.5
2026-07-27 18:51:55,674,53.8,85.9,2052.0,21.5
2026-07-27 18:51:56,675,51.9,85.9,2052.0,21.5
2026-07-27 18:51:57,676,53.4,85.9,2052.0,21.5
2026-07-27 18:51:58,677,52.9,85.9,2052.0,21.5
2026-07-27 18:51:59,678,52.7,85.9,2052.0,21.5
2026-07-27 18:52:01,680,52.4,85.9,2052.0,21.5
2026-07-27 18:52:02,681,53.2,85.9,2052.0,21.5
2026-07-27 18:52:03,682,53.4,85.9,2052.0,21.5
2026-07-27 18:52:04,683,51.9,85.9,2052.0,21.5
2026-07-27 18:52:05,684,53.0,85.9,2052.0,21.5
2026-07-27 18:52:06,685,53.7,85.9,2052.0,21.5
2026-07-27 18:52:07,686,52.6,85.9,2052.0,21.5
2026-07-27 18:52:09,688,52.3,85.9,2052.0,21.5
2026-07-27 18:52:10,689,53.2,85.9,2052.0,21.5
2026-07-27 18:52:11,690,53.1,85.9,2052.0,21.5
2026-07-27 18:52:12,691,51.9,85.9,2052.0,21.5
2026-07-27 18:52:13,692,53.2,85.9,2052.0,21.5
2026-07-27 18:52:14,693,53.2,85.9,2052.0,21.5
2026-07-27 18:52:15,694,52.7,85.9,2052.0,21.5
2026-07-27 18:52:17,696,52.3,85.9,2052.0,21.5
2026-07-27 18:52:18,697,52.9,85.9,2052.0,21.5
2026-07-27 18:52:19,698,53.2,85.9,2052.0,21.5
2026-07-27 18:52:20,699,52.1,85.9,2052.0,21.5
2026-07-27 18:52:21,700,53.2,85.9,2052.0,21.5
2026-07-27 18:52:22,701,53.1,85.9,2052.0,21.5
2026-07-27 18:52:23,702,52.9,85.9,2052.0,21.5
2026-07-27 18:52:25,704,52.6,85.9,2052.0,21.5
2026-07-27 18:52:26,705,53.2,85.9,2052.0,21.5
2026-07-27 18:52:27,706,53.1,85.9,2052.0,21.5
2026-07-27 18:52:28,707,51.9,85.9,2052.0,21.5
2026-07-27 18:52:29,708,53.2,85.9,2052.0,21.5
2026-07-27 18:52:30,709,53.1,85.9,2052.0,21.5
2026-07-27 18:52:31,710,53.1,85.9,2052.0,21.5
2026-07-27 18:52:33,712,52.0,85.9,2052.0,21.5
2026-07-27 18:52:34,713,53.1,85.9,2052.0,21.5
2026-07-27 18:52:35,714,53.2,85.9,2052.0,21.5
2026-07-27 18:52:36,715,52.0,85.9,2052.0,21.5
2026-07-27 18:52:37,716,53.5,85.9,2052.0,21.5
2026-07-27 18:52:38,717,53.3,85.9,2052.0,21.5
2026-07-27 18:52:40,718,53.2,85.9,2052.0,21.5
2026-07-27 18:52:41,720,51.9,85.9,2052.0,21.5
2026-07-27 18:52:42,721,53.0,85.9,2052.0,21.5
2026-07-27 18:52:43,722,53.1,85.9,2052.0,21.5
2026-07-27 18:52:44,723,52.0,85.9,2052.0,21.5
2026-07-27 18:52:45,724,53.2,85.9,2052.0,21.5
2026-07-27 18:52:46,725,53.0,85.9,2052.0,21.5
2026-07-27 18:52:48,727,53.0,85.9,2052.0,21.5
2026-07-27 18:52:49,728,52.0,85.9,2052.0,21.5
2026-07-27 18:52:50,729,52.9,85.9,2052.0,21.5
2026-07-27 18:52:51,730,53.3,85.9,2052.0,21.5
2026-07-27 18:52:52,731,51.9,85.9,2052.0,21.5
2026-07-27 18:52:53,732,53.2,85.9,2052.0,21.5
2026-07-27 18:52:54,733,53.6,85.9,2052.0,21.5
2026-07-27 18:52:56,735,53.2,85.9,2052.0,21.5
2026-07-27 18:52:57,736,52.1,85.9,2052.0,21.5
2026-07-27 18:52:58,737,53.0,85.9,2052.0,21.5
2026-07-27 18:52:59,738,53.2,85.9,2052.0,21.5
2026-07-27 18:53:00,739,51.9,85.9,2052.0,21.5
2026-07-27 18:53:01,740,53.1,85.9,2052.0,21.5
2026-07-27 18:53:02,741,53.1,85.9,2052.0,21.5
2026-07-27 18:53:04,743,53.1,85.9,2052.0,21.5
2026-07-27 18:53:05,744,51.8,85.0,2052.0,21.5
2026-07-27 18:53:06,745,53.0,85.9,2052.0,21.5
2026-07-27 18:53:07,746,53.7,85.9,2052.0,21.5
2026-07-27 18:53:08,747,51.9,85.9,2052.0,21.5
2026-07-27 18:53:09,748,53.2,85.9,2052.0,21.5
2026-07-27 18:53:10,749,53.1,85.9,2052.0,21.5
2026-07-27 18:53:12,751,53.3,85.9,2052.0,21.5
2026-07-27 18:53:13,752,51.9,85.9,2052.0,21.5
2026-07-27 18:53:14,753,64.1,85.9,2052.0,21.6
2026-07-27 18:53:15,754,53.0,85.9,2052.0,21.6
2026-07-27 18:53:16,755,52.1,85.9,2052.0,21.6
2026-07-27 18:53:17,756,53.1,85.9,2052.0,21.6
2026-07-27 18:53:18,757,53.7,85.9,2052.0,21.6
2026-07-27 18:53:20,759,55.6,86.8,2052.0,21.6
2026-07-27 18:53:21,760,53.2,85.9,2052.0,21.6
2026-07-27 18:53:22,761,53.1,85.9,2052.0,21.6
2026-07-27 18:53:23,762,53.0,85.9,2052.0,21.6
2026-07-27 18:53:24,763,52.1,85.9,2052.0,21.6
2026-07-27 18:53:25,764,53.2,85.9,2052.0,21.6
2026-07-27 18:53:26,765,53.2,85.9,2052.0,21.6
2026-07-27 18:53:28,767,53.1,85.9,2052.0,21.6
2026-07-27 18:53:29,768,51.9,85.9,2052.0,21.6
2026-07-27 18:53:30,769,53.2,85.9,2052.0,21.6
2026-07-27 18:53:31,770,53.7,85.9,2052.0,21.6
2026-07-27 18:53:32,771,52.1,86.8,2052.0,21.6
2026-07-27 18:53:33,772,53.1,85.9,2052.0,21.6
2026-07-27 18:53:34,773,53.2,85.9,2052.0,21.6
2026-07-27 18:53:36,775,53.1,85.9,2052.0,21.6
2026-07-27 18:53:37,776,51.9,85.9,2052.0,21.6
2026-07-27 18:53:38,777,53.0,85.9,2052.0,21.6
2026-07-27 18:53:39,778,53.1,85.9,2052.0,21.6
2026-07-27 18:53:40,779,52.0,85.9,2052.0,21.6
2026-07-27 18:53:41,780,53.1,85.9,2052.0,21.6
2026-07-27 18:53:42,781,53.8,85.9,2052.0,21.6
2026-07-27 18:53:44,783,53.2,85.9,2052.0,21.5
2026-07-27 18:53:45,784,52.1,85.9,2052.0,21.5
2026-07-27 18:53:46,785,53.1,85.9,2052.0,21.5
2026-07-27 18:53:47,786,53.3,85.9,2052.0,21.5
2026-07-27 18:53:48,787,52.2,85.9,2052.0,21.5
2026-07-27 18:53:49,788,52.8,85.9,2052.0,21.5
2026-07-27 18:53:51,789,53.2,85.9,2052.0,21.5
2026-07-27 18:53:52,791,53.1,85.9,2052.0,21.5
2026-07-27 18:53:53,792,52.0,85.9,2052.0,21.5
2026-07-27 18:53:54,793,52.9,85.9,2052.0,21.5
2026-07-27 18:53:55,794,53.8,85.9,2052.0,21.5
2026-07-27 18:53:56,795,52.4,85.9,2052.0,21.5
2026-07-27 18:53:57,796,52.7,85.9,2052.0,21.5
2026-07-27 18:53:59,798,53.0,85.9,2052.0,21.5
2026-07-27 18:54:00,799,53.1,85.9,2052.0,21.5
2026-07-27 18:54:01,800,52.0,85.9,2052.0,21.5
2026-07-27 18:54:02,801,53.0,85.9,2052.0,21.5
2026-07-27 18:54:03,802,53.2,85.9,2052.0,21.5
2026-07-27 18:54:04,803,53.1,85.9,2052.0,21.5
2026-07-27 18:54:05,804,52.3,85.9,2052.0,21.5
2026-07-27 18:54:07,806,53.7,85.9,2052.0,21.5
2026-07-27 18:54:08,807,53.1,85.9,2052.0,21.5
2026-07-27 18:54:09,808,52.0,85.9,2052.0,21.5
2026-07-27 18:54:10,809,53.1,85.9,2052.0,21.5
2026-07-27 18:54:11,810,53.2,85.9,2052.0,21.5
2026-07-27 18:54:12,811,53.0,85.9,2052.0,21.5
2026-07-27 18:54:13,812,52.1,85.9,2052.0,21.5
2026-07-27 18:54:15,814,53.2,85.9,2052.0,21.5
2026-07-27 18:54:16,815,53.2,85.9,2052.0,21.5
2026-07-27 18:54:17,816,51.9,85.9,2052.0,21.5
2026-07-27 18:54:18,817,53.1,85.9,2052.0,21.5
2026-07-27 18:54:19,818,53.9,85.9,2052.0,21.5
2026-07-27 18:54:20,819,57.3,85.9,2052.0,21.5
2026-07-27 18:54:21,820,52.0,85.9,2052.0,21.5
2026-07-27 18:54:23,822,53.3,85.9,2052.0,21.5
2026-07-27 18:54:24,823,53.1,85.9,2052.0,21.5
2026-07-27 18:54:25,824,52.0,85.9,2052.0,21.5
2026-07-27 18:54:26,825,53.1,85.9,2052.0,21.5
2026-07-27 18:54:27,826,53.1,85.9,2052.0,21.5
2026-07-27 18:54:28,827,53.1,85.9,2052.0,21.5
2026-07-27 18:54:29,828,52.1,85.9,2052.0,21.5
2026-07-27 18:54:31,830,53.7,85.9,2052.0,21.5
2026-07-27 18:54:32,831,53.1,85.9,2052.0,21.5
2026-07-27 18:54:33,832,52.2,85.9,2052.0,21.5
2026-07-27 18:54:34,833,53.0,85.9,2052.0,21.5
2026-07-27 18:54:35,834,53.1,85.9,2052.0,21.5
2026-07-27 18:54:36,835,53.0,85.9,2052.0,21.5
2026-07-27 18:54:38,836,51.9,85.9,2052.0,21.5
2026-07-27 18:54:39,838,53.2,85.9,2052.0,21.5
2026-07-27 18:54:40,839,53.1,85.9,2052.0,21.5
2026-07-27 18:54:41,840,51.9,85.9,2052.0,21.5
2026-07-27 18:54:42,841,53.2,85.9,2052.0,21.5
2026-07-27 18:54:43,842,53.6,85.9,2052.0,21.5
2026-07-27 18:54:44,843,53.2,85.9,2052.0,21.5
2026-07-27 18:54:46,845,51.9,85.9,2052.0,21.5
2026-07-27 18:54:47,846,53.2,85.9,2052.0,21.5
2026-07-27 18:54:48,847,53.1,85.9,2052.0,21.5
2026-07-27 18:54:49,848,52.0,85.9,2052.0,21.5
2026-07-27 18:54:50,849,53.0,85.9,2052.0,21.5
2026-07-27 18:54:51,850,53.2,85.9,2052.0,21.5
2026-07-27 18:54:52,851,53.1,85.9,2052.0,21.5
2026-07-27 18:54:54,853,51.9,85.9,2052.0,21.5
2026-07-27 18:54:55,854,53.9,85.9,2052.0,21.5
2026-07-27 18:54:56,855,52.9,85.9,2052.0,21.5
2026-07-27 18:54:57,856,52.2,86.8,2052.0,21.5
2026-07-27 18:54:58,857,53.0,85.9,2052.0,21.5
2026-07-27 18:54:59,858,53.1,85.9,2052.0,21.5
2026-07-27 18:55:00,859,53.1,86.8,2052.0,21.5
2026-07-27 18:55:02,861,52.0,85.9,2052.0,21.5
2026-07-27 18:55:03,862,53.0,85.9,2052.0,21.5
2026-07-27 18:55:04,863,53.0,86.8,2052.0,21.5
2026-07-27 18:55:05,864,52.4,85.9,2052.0,21.5
2026-07-27 18:55:06,865,53.4,85.9,2052.0,21.5
2026-07-27 18:55:07,866,53.1,85.9,2052.0,21.5
2026-07-27 18:55:08,867,52.1,85.9,2052.0,21.5
2026-07-27 18:55:10,869,51.9,85.9,2052.0,21.5
2026-07-27 18:55:11,870,53.2,85.9,2052.0,21.5
2026-07-27 18:55:12,871,53.1,85.9,2052.0,21.5
2026-07-27 18:55:13,872,52.6,85.9,2052.0,21.5
2026-07-27 18:55:14,873,52.7,85.9,2052.0,21.5
2026-07-27 18:55:15,874,52.9,85.9,2052.0,21.5
2026-07-27 18:55:16,875,53.2,85.9,2052.0,21.5
2026-07-27 18:55:18,877,51.9,85.9,2052.0,21.5
2026-07-27 18:55:19,878,53.2,85.9,2052.0,21.5
2026-07-27 18:55:20,879,54.4,85.9,2052.0,21.5
2026-07-27 18:55:21,880,53.2,85.9,2052.0,21.5
2026-07-27 18:55:22,881,52.2,85.9,2052.0,21.5
2026-07-27 18:55:23,882,53.0,85.9,2052.0,21.5
2026-07-27 18:55:25,884,53.6,85.9,2052.0,21.5
2026-07-27 18:55:26,885,51.9,85.9,2052.0,21.5
2026-07-27 18:55:27,886,53.4,85.9,2052.0,21.5
2026-07-27 18:55:28,887,53.1,85.9,2052.0,21.5
2026-07-27 18:55:29,888,53.1,85.9,2052.0,21.5
2026-07-27 18:55:30,889,51.9,85.9,2052.0,21.5
2026-07-27 18:55:31,890,53.2,85.9,2052.0,21.5
2026-07-27 18:55:33,892,53.3,85.9,2052.0,21.5
2026-07-27 18:55:34,893,51.9,85.9,2052.0,21.5
2026-07-27 18:55:35,894,53.1,85.9,2052.0,21.5
2026-07-27 18:55:36,895,53.1,85.9,2052.0,21.5
2026-07-27 18:55:37,896,53.7,85.9,2052.0,21.5
2026-07-27 18:55:38,897,52.1,85.9,2052.0,21.5
2026-07-27 18:55:39,898,53.1,85.9,2052.0,21.5
2026-07-27 18:55:41,900,53.4,85.9,2052.0,21.5
2026-07-27 18:55:42,901,51.9,85.9,2052.0,21.5
2026-07-27 18:55:43,902,53.2,85.9,2052.0,21.5
2026-07-27 18:55:44,903,52.9,85.9,2052.0,21.5
2026-07-27 18:55:45,904,53.1,85.9,2052.0,21.5
2026-07-27 18:55:46,905,52.0,85.9,2052.0,21.5
2026-07-27 18:55:47,906,53.1,85.9,2052.0,21.5
2026-07-27 18:55:49,908,53.5,85.9,2052.0,21.5
2026-07-27 18:55:50,909,52.0,85.9,2052.0,21.5
2026-07-27 18:55:51,910,53.2,85.9,2052.0,21.5
2026-07-27 18:55:52,911,53.0,85.9,2052.0,21.5
2026-07-27 18:55:53,912,53.0,85.9,2052.0,21.5
2026-07-27 18:55:54,913,52.1,85.9,2052.0,21.5
2026-07-27 18:55:55,914,53.0,85.9,2052.0,21.5
2026-07-27 18:55:57,916,53.1,85.9,2052.0,21.5
2026-07-27 18:55:58,917,52.0,85.9,2052.0,21.5
2026-07-27 18:55:59,918,53.1,85.9,2052.0,21.5
2026-07-27 18:56:00,919,53.1,85.9,2052.0,21.5
2026-07-27 18:56:01,920,53.7,85.9,2052.0,21.5
2026-07-27 18:56:02,921,52.1,85.9,2052.0,21.5
2026-07-27 18:56:04,922,52.9,85.9,2052.0,21.5
2026-07-27 18:56:05,924,53.0,85.9,2052.0,21.5
2026-07-27 18:56:06,925,52.0,86.8,2052.0,21.5
2026-07-27 18:56:07,926,53.0,85.9,2052.0,21.5
2026-07-27 18:56:08,927,52.9,85.9,2052.0,21.5
2026-07-27 18:56:09,928,53.2,85.9,2052.0,21.5
2026-07-27 18:56:10,929,52.1,86.8,2052.0,21.5
2026-07-27 18:56:12,931,53.1,86.8,2052.0,21.5
2026-07-27 18:56:13,932,53.6,86.8,2052.0,21.5
2026-07-27 18:56:14,933,52.5,86.8,2052.0,21.5
2026-07-27 18:56:15,934,52.8,85.9,2052.0,21.5
2026-07-27 18:56:16,935,53.0,85.9,2052.0,21.5
2026-07-27 18:56:17,936,53.1,86.8,2052.0,21.5
2026-07-27 18:56:18,937,52.0,85.9,2052.0,21.5
2026-07-27 18:56:20,939,53.2,86.8,2052.0,21.5
2026-07-27 18:56:21,940,53.2,85.9,2052.0,21.5
2026-07-27 18:56:22,941,52.7,86.8,2052.0,21.5
2026-07-27 18:56:23,942,52.3,85.9,2052.0,21.5
2026-07-27 18:56:24,943,53.7,86.8,2052.0,21.5
2026-07-27 18:56:25,944,53.2,85.9,2052.0,21.5
2026-07-27 18:56:26,945,52.1,85.9,2052.0,21.5
2026-07-27 18:56:28,947,53.1,85.9,2052.0,21.5
2026-07-27 18:56:29,948,52.9,85.9,2052.0,21.5
2026-07-27 18:56:30,949,53.1,86.8,2052.0,21.5
2026-07-27 18:56:31,950,52.0,86.8,2052.0,21.5
2026-07-27 18:56:32,951,53.1,86.8,2052.0,21.5
2026-07-27 18:56:33,952,53.1,85.9,2052.0,21.5
2026-07-27 18:56:34,953,52.0,86.8,2052.0,21.5
2026-07-27 18:56:36,955,53.1,85.9,2052.0,21.5
2026-07-27 18:56:37,956,53.7,86.8,2052.0,21.5
2026-07-27 18:56:38,957,53.2,86.8,2052.0,21.5
2026-07-27 18:56:39,958,52.1,86.8,2052.0,21.5
2026-07-27 18:56:40,959,53.1,86.8,2052.0,21.5
2026-07-27 18:56:41,960,53.2,85.9,2052.0,21.5
2026-07-27 18:56:42,961,52.0,85.9,2052.0,21.5
2026-07-27 18:56:44,963,53.1,85.9,2052.0,21.5
2026-07-27 18:56:45,964,53.1,85.9,2052.0,21.5
2026-07-27 18:56:46,965,53.1,86.8,2052.0,21.5
2026-07-27 18:56:47,966,52.0,85.9,2052.0,21.5
2026-07-27 18:56:48,967,53.6,86.8,2052.0,21.5
2026-07-27 18:56:49,968,53.2,85.9,2052.0,21.5
2026-07-27 18:56:51,969,52.1,85.9,2052.0,21.5
2026-07-27 18:56:52,971,52.9,86.8,2052.0,21.5
2026-07-27 18:56:53,972,53.2,85.9,2052.0,21.5
2026-07-27 18:56:54,973,53.1,86.8,2052.0,21.5
2026-07-27 18:56:55,974,52.0,86.8,2052.0,21.5
2026-07-27 18:56:56,975,53.2,85.9,2052.0,21.5
2026-07-27 18:56:57,976,53.0,85.9,2052.0,21.5
2026-07-27 18:56:59,978,51.9,86.8,2052.0,21.5
2026-07-27 18:57:00,979,53.1,85.9,2052.0,21.5
2026-07-27 18:57:01,980,53.9,85.9,2052.0,21.5
2026-07-27 18:57:02,981,53.0,85.9,2052.0,21.5
2026-07-27 18:57:03,982,52.2,85.9,2052.0,21.5
2026-07-27 18:57:04,983,53.2,85.9,2052.0,21.5
2026-07-27 18:57:05,984,53.0,86.8,2052.0,21.5
2026-07-27 18:57:07,986,52.0,86.8,2052.0,21.5
2026-07-27 18:57:08,987,53.2,85.9,2052.0,21.5
2026-07-27 18:57:09,988,53.1,85.9,2052.0,21.5
2026-07-27 18:57:10,989,53.0,85.9,2052.0,21.5
2026-07-27 18:57:11,990,52.0,85.9,2052.0,21.5
2026-07-27 18:57:12,991,53.8,86.8,2052.0,21.5
2026-07-27 18:57:13,992,53.0,85.9,2052.0,21.5
2026-07-27 18:57:15,994,52.1,86.8,2052.0,21.5
2026-07-27 18:57:16,995,53.1,85.9,2052.0,21.5
2026-07-27 18:57:17,996,53.2,85.9,2052.0,21.5
2026-07-27 18:57:18,997,53.1,86.8,2052.0,21.5
2026-07-27 18:57:19,998,51.9,85.9,2052.0,21.5
2026-07-27 18:57:20,999,53.3,85.9,2052.0,21.5
2026-07-27 18:57:21,1000,53.1,85.9,2052.0,21.5
2026-07-27 18:57:23,1002,52.0,86.8,2052.0,21.5
2026-07-27 18:57:24,1003,53.0,85.9,2052.0,21.5
2026-07-27 18:57:25,1004,53.0,86.8,2052.0,21.5
2026-07-27 18:57:26,1005,53.2,86.8,2052.0,21.5
2026-07-27 18:57:27,1006,51.9,86.8,2052.0,21.5
2026-07-27 18:57:28,1007,53.0,86.8,2052.0,21.5
2026-07-27 18:57:29,1008,53.3,86.8,2052.0,21.5
2026-07-27 18:57:31,1010,53.0,86.8,2052.0,21.5
2026-07-27 18:57:32,1011,52.6,86.8,2052.0,21.5
2026-07-27 18:57:33,1012,53.2,86.8,2052.0,21.5
2026-07-27 18:57:34,1013,53.1,87.7,2052.0,21.5
2026-07-27 18:57:35,1014,51.9,86.8,2052.0,21.5
2026-07-27 18:57:36,1015,53.3,86.8,2052.0,21.5
2026-07-27 18:57:38,1016,52.9,86.8,2052.0,21.5
2026-07-27 18:57:39,1018,52.8,86.8,2052.0,21.5
2026-07-27 18:57:40,1019,52.3,86.8,2052.0,21.5
2026-07-27 18:57:41,1020,53.1,86.8,2052.0,21.5
2026-07-27 18:57:42,1021,53.2,86.8,2052.0,21.5
2026-07-27 18:57:43,1022,52.6,86.8,2052.0,21.5
2026-07-27 18:57:44,1023,53.2,86.8,2052.0,21.5
2026-07-27 18:57:46,1025,53.1,86.8,2052.0,21.5
2026-07-27 18:57:47,1026,52.8,86.8,2052.0,21.5
2026-07-27 18:57:48,1027,52.1,86.8,2052.0,21.5
2026-07-27 18:57:49,1028,53.1,86.8,2052.0,21.5
2026-07-27 18:57:50,1029,53.2,86.8,2052.0,21.5
2026-07-27 18:57:51,1030,52.1,86.8,2052.0,21.5
2026-07-27 18:57:52,1031,53.3,86.8,2052.0,21.5
2026-07-27 18:57:54,1033,53.0,86.8,2052.0,21.5
2026-07-27 18:57:55,1034,53.3,86.8,2052.0,21.5
2026-07-27 18:57:56,1035,52.3,86.8,2052.0,21.5
2026-07-27 18:57:57,1036,53.2,86.8,2052.0,21.5
2026-07-27 18:57:58,1037,52.2,86.8,2052.0,21.5
2026-07-27 18:57:59,1038,53.4,86.8,2052.0,21.5
2026-07-27 18:58:00,1039,52.0,86.8,2052.0,21.5
2026-07-27 18:58:02,1041,53.1,86.8,2052.0,21.5
2026-07-27 18:58:03,1042,53.2,86.8,2052.0,21.5
2026-07-27 18:58:04,1043,51.9,86.8,2052.0,21.5
2026-07-27 18:58:05,1044,53.1,86.8,2052.0,21.5
2026-07-27 18:58:06,1045,53.9,86.8,2052.0,21.5
2026-07-27 18:58:07,1046,53.2,86.8,2052.0,21.5
2026-07-27 18:58:08,1047,52.1,86.8,2052.0,21.5
2026-07-27 18:58:10,1049,53.0,86.8,2052.0,21.5
2026-07-27 18:58:11,1050,53.2,87.7,2052.0,21.5
2026-07-27 18:58:12,1051,51.9,87.7,2052.0,21.5
2026-07-27 18:58:13,1052,53.1,86.8,2052.0,21.5
2026-07-27 18:58:14,1053,53.4,87.7,2052.0,21.5
2026-07-27 18:58:15,1054,53.2,86.8,2052.0,21.5
2026-07-27 18:58:16,1055,51.9,86.8,2052.0,21.5
2026-07-27 18:58:18,1057,53.1,86.8,2052.0,21.5
2026-07-27 18:58:19,1058,53.8,86.8,2052.0,21.5
2026-07-27 18:58:20,1059,52.1,87.7,2052.0,21.5
2026-07-27 18:58:21,1060,53.2,86.8,2052.0,21.5
2026-07-27 18:58:22,1061,53.2,86.8,2052.0,21.5
2026-07-27 18:58:23,1062,52.9,86.8,2052.0,21.5
2026-07-27 18:58:25,1063,52.1,86.8,2052.0,21.5
2026-07-27 18:58:26,1065,53.1,86.8,2052.0,21.5
2026-07-27 18:58:27,1066,53.2,86.8,2052.0,21.5
2026-07-27 18:58:28,1067,52.2,86.8,2052.0,21.5
2026-07-27 18:58:29,1068,52.9,86.8,2052.0,21.5
2026-07-27 18:58:30,1069,53.8,86.8,2052.0,21.5
2026-07-27 18:58:31,1070,53.1,86.8,2052.0,21.5
2026-07-27 18:58:33,1072,51.9,86.8,2052.0,21.5
2026-07-27 18:58:34,1073,53.1,86.8,2052.0,21.5
2026-07-27 18:58:35,1074,53.0,86.8,2052.0,21.5
2026-07-27 18:58:36,1075,52.4,87.7,2052.0,21.5
2026-07-27 18:58:37,1076,52.8,86.8,2052.0,21.5
2026-07-27 18:58:38,1077,53.1,87.7,2052.0,21.5
2026-07-27 18:58:39,1078,53.2,86.8,2052.0,21.5
2026-07-27 18:58:41,1080,52.0,87.7,2052.0,21.5
2026-07-27 18:58:42,1081,52.8,86.8,2052.0,21.5
2026-07-27 18:58:43,1082,53.3,86.8,2052.0,21.5
2026-07-27 18:58:44,1083,52.6,86.8,2052.0,21.5
2026-07-27 18:58:45,1084,52.4,86.8,2052.0,21.5
2026-07-27 18:58:46,1085,53.1,86.8,2052.0,21.5
2026-07-27 18:58:47,1086,53.1,86.8,2052.0,21.5
2026-07-27 18:58:49,1088,54.2,86.8,2052.0,21.5
2026-07-27 18:58:50,1089,53.1,86.8,2052.0,21.5
2026-07-27 18:58:51,1090,53.5,86.8,2052.0,21.5
2026-07-27 18:58:52,1091,52.8,87.7,2052.0,21.5
2026-07-27 18:58:53,1092,52.2,86.8,2052.0,21.5
2026-07-27 18:58:54,1093,53.2,86.8,2052.0,21.5
2026-07-27 18:58:55,1094,53.0,86.8,2052.0,21.5
2026-07-27 18:58:57,1096,51.9,86.8,2052.0,21.5
2026-07-27 18:58:58,1097,53.4,86.8,2052.0,21.5
2026-07-27 18:58:59,1098,53.1,87.7,2052.0,21.5
2026-07-27 18:59:00,1099,53.0,87.7,2052.0,21.5
2026-07-27 18:59:01,1100,52.0,86.8,2052.0,21.5
2026-07-27 18:59:02,1101,53.3,87.7,2052.0,21.5
2026-07-27 18:59:03,1102,53.0,87.7,2052.0,21.5
2026-07-27 18:59:05,1104,52.0,87.7,2052.0,21.5
2026-07-27 18:59:06,1105,53.2,87.7,2052.0,21.5
2026-07-27 18:59:07,1106,53.1,87.7,2052.0,21.5
2026-07-27 18:59:08,1107,53.0,87.7,2052.0,21.5
2026-07-27 18:59:09,1108,52.0,86.8,2052.0,21.5
2026-07-27 18:59:10,1109,53.1,87.7,2052.0,21.5
2026-07-27 18:59:12,1110,53.1,87.7,2052.0,21.5
2026-07-27 18:59:13,1112,52.0,87.7,2052.0,21.5
2026-07-27 18:59:14,1113,53.1,87.7,2052.0,21.5
2026-07-27 18:59:15,1114,53.2,87.7,2052.0,21.5
2026-07-27 18:59:16,1115,53.2,87.7,2052.0,21.5
2026-07-27 18:59:17,1116,52.0,87.7,2052.0,21.5
2026-07-27 18:59:18,1117,53.0,87.7,2052.0,21.5
2026-07-27 18:59:20,1119,53.1,87.7,2052.0,21.5
2026-07-27 18:59:21,1120,52.3,87.7,2052.0,21.5
2026-07-27 18:59:22,1121,53.1,87.7,2052.0,21.5
2026-07-27 18:59:23,1122,53.1,87.7,2052.0,21.5
2026-07-27 18:59:24,1123,53.3,87.7,2052.0,21.5
2026-07-27 18:59:25,1124,52.5,87.7,2052.0,21.5
2026-07-27 18:59:26,1125,53.2,87.7,2052.0,21.5
2026-07-27 18:59:28,1127,53.0,87.7,2052.0,21.5
2026-07-27 18:59:29,1128,52.1,87.7,2052.0,21.5
2026-07-27 18:59:30,1129,53.1,87.7,2052.0,21.5
2026-07-27 18:59:31,1130,53.1,87.7,2052.0,21.5
2026-07-27 18:59:32,1131,53.0,87.7,2052.0,21.5
2026-07-27 18:59:33,1132,52.0,87.7,2052.0,21.5
2026-07-27 18:59:34,1133,53.0,87.7,2052.0,21.5
2026-07-27 18:59:36,1135,53.2,87.7,2052.0,21.5
2026-07-27 18:59:37,1136,52.7,87.7,2052.0,21.5
2026-07-27 18:59:38,1137,52.9,86.8,2052.0,21.5
2026-07-27 18:59:39,1138,53.3,86.8,2052.0,21.5
2026-07-27 18:59:40,1139,53.1,87.7,2052.0,21.5
2026-07-27 18:59:41,1140,52.0,87.7,2052.0,21.5
2026-07-27 18:59:42,1141,53.0,87.7,2052.0,21.5
2026-07-27 18:59:44,1143,53.0,87.7,2052.0,21.5
2026-07-27 18:59:45,1144,52.6,87.7,2052.0,21.5
2026-07-27 18:59:46,1145,52.7,87.7,2052.0,21.5
2026-07-27 18:59:47,1146,53.2,87.7,2052.0,21.5
2026-07-27 18:59:48,1147,53.7,87.7,2052.0,21.5
2026-07-27 18:59:49,1148,52.0,86.8,2052.0,21.5
2026-07-27 18:59:50,1149,53.0,87.7,2052.0,21.5
2026-07-27 18:59:52,1151,53.1,87.7,2052.0,21.5
2026-07-27 18:59:53,1152,52.7,87.7,2052.0,21.5
2026-07-27 18:59:54,1153,52.2,87.7,2052.0,21.5
2026-07-27 18:59:55,1154,53.1,87.7,2052.0,21.5
2026-07-27 18:59:56,1155,53.1,87.7,2052.0,21.5
2026-07-27 18:59:57,1156,51.9,87.7,2052.0,21.5
2026-07-27 18:59:58,1157,53.1,87.7,2052.0,21.5
2026-07-27 19:00:00,1159,53.0,87.7,2052.0,21.5
2026-07-27 19:00:01,1160,52.8,87.7,2052.0,21.5
2026-07-27 19:00:02,1161,52.2,87.7,2052.0,21.5
2026-07-27 19:00:03,1162,53.1,87.7,2052.0,21.5
2026-07-27 19:00:04,1163,53.0,87.7,2052.0,21.5
2026-07-27 19:00:05,1164,52.1,87.7,2052.0,21.5
2026-07-27 19:00:07,1165,52.9,87.7,2052.0,21.5
2026-07-27 19:00:08,1167,53.2,87.7,2052.0,21.5
2026-07-27 19:00:09,1168,53.0,87.7,2052.0,21.5
2026-07-27 19:00:10,1169,52.2,87.7,2052.0,21.5
2026-07-27 19:00:11,1170,53.2,86.8,2052.0,21.5
2026-07-27 19:00:12,1171,53.1,87.7,2052.0,21.5
2026-07-27 19:00:13,1172,52.0,87.7,2052.0,21.5
2026-07-27 19:00:15,1174,53.1,87.7,2052.0,21.5
2026-07-27 19:00:16,1175,53.1,87.7,2052.0,21.5
2026-07-27 19:00:17,1176,53.1,87.7,2052.0,21.5
2026-07-27 19:00:18,1177,51.9,86.8,2052.0,21.5
2026-07-27 19:00:19,1178,53.1,86.8,2052.0,21.5
2026-07-27 19:00:20,1179,53.4,87.7,2052.0,21.5
2026-07-27 19:00:21,1180,52.0,86.8,2052.0,21.5
2026-07-27 19:00:23,1182,53.0,87.7,2052.0,21.5
2026-07-27 19:00:24,1183,53.0,87.7,2052.0,21.5
2026-07-27 19:00:25,1184,53.2,87.7,2052.0,21.5
2026-07-27 19:00:26,1185,52.0,87.7,2052.0,21.5
2026-07-27 19:00:27,1186,53.3,87.7,2052.0,21.5
2026-07-27 19:00:28,1187,53.1,86.8,2052.0,21.5
2026-07-27 19:00:29,1188,52.0,86.8,2052.0,21.5
2026-07-27 19:00:31,1190,53.7,86.8,2052.0,21.5
2026-07-27 19:00:32,1191,53.1,87.7,2052.0,21.5
2026-07-27 19:00:33,1192,53.2,87.7,2052.0,21.5
2026-07-27 19:00:34,1193,51.9,86.8,2052.0,21.5
2026-07-27 19:00:35,1194,53.0,86.8,2052.0,21.5
2026-07-27 19:00:36,1195,53.1,86.8,2052.0,21.5
2026-07-27 19:00:37,1196,51.9,87.7,2052.0,21.5
2026-07-27 19:00:39,1198,53.3,86.8,2052.0,21.5
2026-07-27 19:00:40,1199,53.2,86.8,2052.0,21.5
2026-07-27 19:00:41,1200,53.0,86.8,2052.0,21.5
2026-07-27 19:00:42,1201,51.9,87.7,2052.0,21.5
2026-07-27 19:00:43,1202,53.1,87.7,2052.0,21.5
2026-07-27 19:00:44,1203,53.3,87.7,2052.0,21.5
2026-07-27 19:00:45,1204,51.9,87.7,2052.0,21.5
2026-07-27 19:00:47,1206,53.1,87.7,2052.0,21.5
2026-07-27 19:00:48,1207,53.2,86.8,2052.0,21.5
2026-07-27 19:00:49,1208,53.6,86.8,2052.0,21.5
2026-07-27 19:00:50,1209,52.0,86.8,2052.0,21.5
2026-07-27 19:00:51,1210,53.4,86.8,2052.0,21.5
2026-07-27 19:00:52,1211,53.0,86.8,2052.0,21.5
2026-07-27 19:00:53,1212,51.8,87.7,2052.0,21.5
2026-07-27 19:00:55,1214,53.2,87.7,2052.0,21.5
2026-07-27 19:00:56,1215,53.2,86.8,2052.0,21.5
2026-07-27 19:00:57,1216,53.1,86.8,2052.0,21.5
2026-07-27 19:00:58,1217,52.0,86.8,2052.0,21.5
2026-07-27 19:00:59,1218,53.1,86.8,2052.0,21.5
2026-07-27 19:01:00,1219,53.6,86.8,2052.0,21.5
2026-07-27 19:01:02,1220,52.0,86.8,2052.0,21.5
2026-07-27 19:01:03,1222,53.2,86.8,2052.0,21.5
2026-07-27 19:01:04,1223,53.1,86.8,2052.0,21.5
2026-07-27 19:01:05,1224,53.1,87.7,2052.0,21.5
2026-07-27 19:01:06,1225,51.9,86.8,2052.0,21.5
2026-07-27 19:01:07,1226,53.1,86.8,2052.0,21.5
2026-07-27 19:01:08,1227,53.1,86.8,2052.0,21.5
2026-07-27 19:01:10,1229,52.0,87.7,2052.0,21.5
2026-07-27 19:01:11,1230,53.0,86.8,2052.0,21.5
2026-07-27 19:01:12,1231,53.1,87.7,2052.0,21.5
2026-07-27 19:01:13,1232,53.8,87.7,2052.0,21.5
2026-07-27 19:01:14,1233,51.9,87.7,2052.0,21.5
2026-07-27 19:01:15,1234,53.4,86.8,2052.0,21.5
2026-07-27 19:01:16,1235,53.2,86.8,2052.0,21.5
2026-07-27 19:01:18,1237,52.0,87.7,2052.0,21.5
2026-07-27 19:01:19,1238,52.8,86.8,2052.0,21.5
2026-07-27 19:01:20,1239,53.5,86.8,2052.0,21.5
2026-07-27 19:01:21,1240,53.1,86.8,2052.0,21.5
2026-07-27 19:01:22,1241,51.9,87.7,2052.0,21.5
2026-07-27 19:01:23,1242,53.2,86.8,2052.0,21.5
2026-07-27 19:01:24,1243,53.7,86.8,2052.0,21.5
2026-07-27 19:01:26,1245,52.6,87.7,2052.0,21.5
2026-07-27 19:01:27,1246,52.7,86.8,2052.0,21.5
2026-07-27 19:01:28,1247,53.1,86.8,2052.0,21.5
2026-07-27 19:01:29,1248,53.2,87.7,2052.0,21.5
2026-07-27 19:01:30,1249,51.9,87.7,2052.0,21.5
2026-07-27 19:01:31,1250,53.1,86.8,2052.0,21.5
2026-07-27 19:01:32,1251,53.1,87.7,2052.0,21.5
2026-07-27 19:01:34,1253,52.6,87.7,2052.0,21.5
2026-07-27 19:01:35,1254,52.5,86.8,2052.0,21.5
2026-07-27 19:01:36,1255,53.1,86.8,2052.0,21.5
2026-07-27 19:01:37,1256,53.7,86.8,2052.0,21.5
2026-07-27 19:01:38,1257,52.1,86.8,2052.0,21.5
2026-07-27 19:01:39,1258,53.3,86.8,2052.0,21.5
2026-07-27 19:01:40,1259,53.1,87.7,2052.0,21.5
2026-07-27 19:01:42,1261,52.8,87.7,2052.0,21.5
2026-07-27 19:01:43,1262,52.2,86.8,2052.0,21.5
2026-07-27 19:01:44,1263,53.1,87.7,2052.0,21.5
2026-07-27 19:01:45,1264,53.4,86.8,2052.0,21.5
2026-07-27 19:01:46,1265,51.8,86.8,2052.0,21.5
2026-07-27 19:01:47,1266,53.1,87.7,2052.0,21.5
2026-07-27 19:01:48,1267,53.8,87.7,2052.0,21.5
2026-07-27 19:01:50,1269,52.8,87.7,2052.0,21.5
2026-07-27 19:01:51,1270,52.1,87.7,2052.0,21.5
2026-07-27 19:01:52,1271,53.2,87.7,2052.0,21.5
2026-07-27 19:01:53,1272,53.0,87.7,2052.0,21.5
2026-07-27 19:01:54,1273,52.0,87.7,2052.0,21.5
2026-07-27 19:01:55,1274,53.0,87.7,2052.0,21.5
2026-07-27 19:01:56,1275,53.4,87.7,2052.0,21.5
2026-07-27 19:01:58,1277,53.1,87.7,2052.0,21.5
2026-07-27 19:01:59,1278,52.1,87.7,2052.0,21.5
2026-07-27 19:02:00,1279,52.9,87.7,2052.0,21.5
2026-07-27 19:02:01,1280,53.2,87.7,2052.0,21.5
2026-07-27 19:02:02,1281,52.0,87.7,2052.0,21.5
2026-07-27 19:02:03,1282,52.6,87.7,2052.0,21.5
2026-07-27 19:02:05,1283,53.0,87.7,2052.0,21.5
2026-07-27 19:02:06,1285,53.2,87.7,2052.0,21.5
2026-07-27 19:02:07,1286,52.5,87.7,2052.0,21.5
2026-07-27 19:02:08,1287,53.1,87.7,2052.0,21.5
2026-07-27 19:02:09,1288,53.1,87.7,2052.0,21.5
2026-07-27 19:02:10,1289,51.9,87.7,2052.0,21.5
2026-07-27 19:02:11,1290,53.2,87.7,2052.0,21.5
2026-07-27 19:02:13,1292,53.1,87.7,2052.0,21.5
2026-07-27 19:02:14,1293,53.1,87.7,2052.0,21.5
2026-07-27 19:02:15,1294,52.0,87.7,2052.0,21.5
2026-07-27 19:02:16,1295,53.1,87.7,2052.0,21.5
2026-07-27 19:02:17,1296,53.1,87.7,2052.0,21.5
2026-07-27 19:02:18,1297,51.9,87.7,2052.0,21.5
2026-07-27 19:02:19,1298,53.0,87.7,2052.0,21.5
2026-07-27 19:02:21,1300,53.3,87.7,2052.0,21.5
2026-07-27 19:02:22,1301,53.3,87.7,2052.0,21.5
2026-07-27 19:02:23,1302,51.9,87.7,2052.0,21.5
2026-07-27 19:02:24,1303,53.1,87.7,2052.0,21.5
2026-07-27 19:02:25,1304,53.0,87.7,2052.0,21.5
2026-07-27 19:02:26,1305,52.2,87.7,2052.0,21.5
2026-07-27 19:02:27,1306,53.1,87.7,2052.0,21.5
2026-07-27 19:02:29,1308,53.0,87.7,2052.0,21.5
2026-07-27 19:02:30,1309,53.1,87.7,2052.0,21.5
2026-07-27 19:02:31,1310,52.6,87.7,2052.0,21.5
2026-07-27 19:02:32,1311,53.1,87.7,2052.0,21.5
2026-07-27 19:02:33,1312,53.3,87.7,2052.0,21.5
2026-07-27 19:02:34,1313,51.8,87.7,2052.0,21.5
2026-07-27 19:02:35,1314,53.1,87.7,2052.0,21.5
2026-07-27 19:02:37,1316,53.2,87.7,2052.0,21.5
2026-07-27 19:02:38,1317,53.1,87.7,2052.0,21.5
2026-07-27 19:02:39,1318,52.1,87.7,2052.0,21.5
2026-07-27 19:02:40,1319,53.1,86.8,2052.0,21.5
2026-07-27 19:02:41,1320,53.1,87.7,2052.0,21.5
2026-07-27 19:02:42,1321,52.6,86.8,2052.0,21.5
2026-07-27 19:02:43,1322,53.1,87.7,2052.0,21.5
2026-07-27 19:02:45,1324,53.0,86.8,2052.0,21.5
2026-07-27 19:02:46,1325,53.3,86.8,2052.0,21.5
2026-07-27 19:02:47,1326,51.9,86.8,2052.0,21.5
2026-07-27 19:02:48,1327,85.8,88.6,1908.0,21.6
2026-07-27 19:02:49,1328,60.9,87.7,2052.0,21.6
2026-07-27 19:02:50,1329,52.2,87.7,2052.0,21.6
2026-07-27 19:02:52,1330,55.9,87.7,2052.0,21.6
2026-07-27 19:02:53,1332,53.1,86.8,2052.0,21.6
2026-07-27 19:02:54,1333,53.1,86.8,2052.0,21.5
2026-07-27 19:02:55,1334,52.1,86.8,2052.0,21.6
2026-07-27 19:02:56,1335,53.1,87.7,2052.0,21.5
2026-07-27 19:02:57,1336,53.9,86.8,2052.0,21.6
2026-07-27 19:02:58,1337,52.5,87.7,2052.0,21.5
2026-07-27 19:03:00,1339,52.6,86.8,2052.0,21.5
2026-07-27 19:03:01,1340,53.0,86.8,2052.0,21.5
2026-07-27 19:03:02,1341,53.1,86.8,2052.0,21.6
2026-07-27 19:03:03,1342,52.1,86.8,2052.0,21.5
2026-07-27 19:03:04,1343,53.1,86.8,2052.0,21.5
2026-07-27 19:03:05,1344,53.1,86.8,2052.0,21.5
2026-07-27 19:03:06,1345,52.6,86.8,2052.0,21.6
2026-07-27 19:03:08,1347,52.4,86.8,2052.0,21.6
2026-07-27 19:03:09,1348,53.2,86.8,2052.0,21.5
2026-07-27 19:03:10,1349,53.1,86.8,2052.0,21.6
2026-07-27 19:03:11,1350,52.0,86.8,2052.0,21.5
2026-07-27 19:03:12,1351,53.5,86.8,2052.0,21.5
2026-07-27 19:03:13,1352,53.3,86.8,2052.0,21.6
2026-07-27 19:03:14,1353,53.1,86.8,2052.0,21.5
2026-07-27 19:03:16,1355,52.1,86.8,2052.0,21.6
2026-07-27 19:03:17,1356,53.1,86.8,2052.0,21.5
2026-07-27 19:03:18,1357,53.1,86.8,2052.0,21.5
2026-07-27 19:03:19,1358,52.0,86.8,2052.0,21.6
2026-07-27 19:03:20,1359,56.7,86.8,2052.0,21.5
2026-07-27 19:03:21,1360,53.1,86.8,2052.0,21.6
2026-07-27 19:03:22,1361,52.9,86.8,2052.0,21.5
2026-07-27 19:03:24,1363,52.1,86.8,2052.0,21.5
2026-07-27 19:03:25,1364,53.8,86.8,2052.0,21.5
2026-07-27 19:03:26,1365,53.1,86.8,2052.0,21.5
2026-07-27 19:03:27,1366,52.0,86.8,2052.0,21.5
2026-07-27 19:03:28,1367,52.9,86.8,2052.0,21.6
2026-07-27 19:03:29,1368,53.1,86.8,2052.0,21.5
2026-07-27 19:03:30,1369,53.2,86.8,2052.0,21.6
2026-07-27 19:03:32,1371,52.0,86.8,2052.0,21.6
2026-07-27 19:03:33,1372,53.3,86.8,2052.0,21.5
2026-07-27 19:03:34,1373,53.1,86.8,2052.0,21.6
2026-07-27 19:03:35,1374,51.9,86.8,2052.0,21.5
2026-07-27 19:03:36,1375,53.1,86.8,2052.0,21.6
2026-07-27 19:03:37,1376,53.1,86.8,2052.0,21.5
2026-07-27 19:03:38,1377,53.2,86.8,2052.0,21.5
2026-07-27 19:03:40,1379,51.9,86.8,2052.0,21.5
2026-07-27 19:03:41,1380,53.2,86.8,2052.0,21.6
2026-07-27 19:03:42,1381,53.0,86.8,2052.0,21.6
2026-07-27 19:03:43,1382,52.6,86.8,2052.0,21.6
2026-07-27 19:03:44,1383,53.2,86.8,2052.0,21.6
2026-07-27 19:03:45,1384,53.3,86.8,2052.0,21.6
2026-07-27 19:03:46,1385,53.2,86.8,2052.0,21.6
2026-07-27 19:03:48,1387,51.9,86.8,2052.0,21.5
2026-07-27 19:03:49,1388,53.3,86.8,2052.0,21.5
2026-07-27 19:03:50,1389,53.2,86.8,2052.0,21.6
2026-07-27 19:03:51,1390,52.1,86.8,2052.0,21.5
2026-07-27 19:03:52,1391,53.1,86.8,2052.0,21.5
2026-07-27 19:03:53,1392,52.9,86.8,2052.0,21.6
2026-07-27 19:03:55,1393,53.7,86.8,2052.0,21.6
2026-07-27 19:03:56,1395,52.1,86.8,2052.0,21.5
2026-07-27 19:03:57,1396,53.2,86.8,2052.0,21.5
2026-07-27 19:03:58,1397,53.1,86.8,2052.0,21.6
2026-07-27 19:03:59,1398,52.0,86.8,2052.0,21.6
2026-07-27 19:04:00,1399,53.1,86.8,2052.0,21.6
2026-07-27 19:04:01,1400,53.1,86.8,2052.0,21.6
2026-07-27 19:04:03,1402,53.1,86.8,2052.0,21.5
2026-07-27 19:04:04,1403,52.0,86.8,2052.0,21.6
2026-07-27 19:04:05,1404,53.2,86.8,2052.0,21.6
2026-07-27 19:04:06,1405,53.2,86.8,2052.0,21.6
2026-07-27 19:04:07,1406,52.7,86.8,2052.0,21.5
2026-07-27 19:04:08,1407,53.2,85.9,2052.0,21.5
2026-07-27 19:04:09,1408,53.0,86.8,2052.0,21.6
2026-07-27 19:04:11,1410,53.2,86.8,2052.0,21.5
2026-07-27 19:04:12,1411,52.0,86.8,2052.0,21.5
2026-07-27 19:04:13,1412,53.0,85.9,2052.0,21.6
2026-07-27 19:04:14,1413,53.1,86.8,2052.0,21.6
2026-07-27 19:04:15,1414,52.1,85.9,2052.0,21.6
2026-07-27 19:04:16,1415,53.1,85.9,2052.0,21.5
2026-07-27 19:04:17,1416,53.1,85.9,2052.0,21.5
2026-07-27 19:04:19,1418,53.6,86.8,2052.0,21.6
2026-07-27 19:04:20,1419,57.4,86.8,2052.0,21.6
2026-07-27 19:04:21,1420,53.1,85.9,2052.0,21.6
2026-07-27 19:04:22,1421,53.0,85.9,2052.0,21.6
2026-07-27 19:04:23,1422,52.0,85.9,2052.0,21.5
2026-07-27 19:04:24,1423,53.1,85.9,2052.0,21.5
2026-07-27 19:04:25,1424,53.2,85.9,2052.0,21.6
2026-07-27 19:04:27,1426,53.3,85.9,2052.0,21.6
2026-07-27 19:04:28,1427,51.9,85.9,2052.0,21.6
2026-07-27 19:04:29,1428,53.1,85.9,2052.0,21.6
2026-07-27 19:04:30,1429,53.1,85.9,2052.0,21.5
2026-07-27 19:04:31,1430,52.6,85.9,2052.0,21.5
2026-07-27 19:04:32,1431,53.0,85.9,2052.0,21.5
2026-07-27 19:04:33,1432,53.1,85.9,2052.0,21.6
2026-07-27 19:04:35,1434,53.0,85.9,2052.0,21.5
2026-07-27 19:04:36,1435,52.0,85.9,2052.0,21.6
2026-07-27 19:04:37,1436,53.1,85.9,2052.0,21.5
2026-07-27 19:04:38,1437,52.9,85.9,2052.0,21.6
2026-07-27 19:04:39,1438,52.5,85.9,2052.0,21.5
2026-07-27 19:04:40,1439,52.8,85.9,2052.0,21.5
2026-07-27 19:04:41,1440,53.2,85.9,2052.0,21.6
2026-07-27 19:04:43,1442,53.0,85.9,2052.0,21.6
2026-07-27 19:04:44,1443,51.9,85.9,2052.0,21.6
2026-07-27 19:04:45,1444,53.4,85.9,2052.0,21.6
2026-07-27 19:04:46,1445,53.0,85.9,2052.0,21.6
2026-07-27 19:04:47,1446,52.5,85.9,2052.0,21.5
2026-07-27 19:04:48,1447,53.2,85.9,2052.0,21.5
2026-07-27 19:04:50,1449,53.2,85.9,2052.0,21.6
2026-07-27 19:04:51,1450,53.2,85.9,2052.0,21.5
2026-07-27 19:04:52,1451,51.9,85.9,2052.0,21.5
2026-07-27 19:04:53,1452,53.1,85.9,2052.0,21.5
2026-07-27 19:04:54,1453,53.0,85.9,2052.0,21.5
2026-07-27 19:04:55,1454,52.9,85.9,2052.0,21.6
2026-07-27 19:04:56,1455,52.4,85.9,2052.0,21.6
2026-07-27 19:04:58,1457,52.9,85.9,2052.0,21.6
2026-07-27 19:04:59,1458,53.0,85.9,2052.0,21.5
2026-07-27 19:05:00,1459,51.9,85.9,2052.0,21.5
2026-07-27 19:05:01,1460,53.8,85.9,2052.0,21.6
2026-07-27 19:05:02,1461,53.1,85.9,2052.0,21.6
2026-07-27 19:05:03,1462,53.2,85.9,2052.0,21.6
2026-07-27 19:05:04,1463,51.9,85.9,2052.0,21.6
2026-07-27 19:05:06,1465,53.3,85.9,2052.0,21.6
2026-07-27 19:05:07,1466,52.9,85.9,2052.0,21.5
2026-07-27 19:05:08,1467,51.9,85.9,2052.0,21.5
2026-07-27 19:05:09,1468,53.1,85.9,2052.0,21.6
2026-07-27 19:05:10,1469,53.2,85.9,2052.0,21.5
2026-07-27 19:05:11,1470,53.0,85.9,2052.0,21.6
2026-07-27 19:05:12,1471,52.5,85.9,2052.0,21.6
2026-07-27 19:05:14,1473,53.4,85.9,2052.0,21.6
2026-07-27 19:05:15,1474,53.1,85.9,2052.0,21.5
2026-07-27 19:05:16,1475,52.0,85.9,2052.0,21.6
2026-07-27 19:05:17,1476,52.9,85.9,2052.0,21.6
2026-07-27 19:05:18,1477,53.1,85.9,2052.0,21.5
2026-07-27 19:05:19,1478,52.9,85.9,2052.0,21.6
