timestamp,elapsed_s,cpu_usage_percent,soc_temp_c,avg_frequency_mhz,memory_usage_percent
2026-07-27 21:57:01,1,0.5,50.6,600.0,18.6
2026-07-27 21:57:02,2,4.2,51.1,1800.0,18.7
2026-07-27 21:57:03,3,1.5,51.1,1800.0,18.6
2026-07-27 21:57:04,4,1.0,51.1,1800.0,18.7
2026-07-27 21:57:05,5,1.2,51.6,1800.0,18.7
2026-07-27 21:57:06,6,1.4,51.1,1800.0,18.7
2026-07-27 21:57:07,7,0.7,51.1,600.0,18.7
2026-07-27 21:57:08,8,3.7,51.1,825.0,18.7
2026-07-27 21:57:09,9,3.5,50.6,600.0,18.7
2026-07-27 21:57:10,10,2.1,50.6,700.0,18.6
2026-07-27 21:57:11,11,2.8,51.1,600.0,18.6
2026-07-27 21:57:13,13,3.2,51.6,700.0,18.6
2026-07-27 21:57:14,14,3.0,50.6,900.0,18.6
2026-07-27 21:57:15,15,1.9,49.7,600.0,18.7
2026-07-27 21:57:16,16,3.5,50.6,700.0,18.6
2026-07-27 21:57:17,17,3.0,49.7,850.0,18.6
2026-07-27 21:57:18,18,1.4,50.6,600.0,18.7
2026-07-27 21:57:19,19,3.5,50.6,700.0,18.6
2026-07-27 21:57:20,20,3.3,50.1,600.0,18.6
2026-07-27 21:57:21,21,2.1,50.6,600.0,18.6
2026-07-27 21:57:22,22,3.7,50.1,750.0,18.6
2026-07-27 21:57:23,23,3.3,50.1,600.0,18.7
2026-07-27 21:57:24,24,2.3,50.6,1500.0,18.7
2026-07-27 21:57:25,25,2.8,50.1,1800.0,18.7
2026-07-27 21:57:27,27,1.4,50.6,1800.0,18.7
2026-07-27 21:57:28,28,1.2,50.1,1800.0,18.7
2026-07-27 21:57:29,29,1.0,50.6,1800.0,18.7
2026-07-27 21:57:30,30,1.5,51.1,600.0,18.7
2026-07-27 21:57:31,31,3.7,50.6,600.0,18.6
2026-07-27 21:57:32,32,2.1,51.1,700.0,18.6
2026-07-27 21:57:33,33,3.3,51.1,1800.0,18.6
2026-07-27 21:57:34,34,1.4,51.1,1800.0,18.6
2026-07-27 21:57:35,35,0.7,49.7,1800.0,18.6
2026-07-27 21:57:36,36,1.4,50.1,1800.0,18.6
2026-07-27 21:57:37,37,1.4,50.6,1800.0,18.7
2026-07-27 21:57:38,38,1.2,51.1,700.0,18.7
2026-07-27 21:57:39,39,2.8,51.6,600.0,18.7
2026-07-27 21:57:40,40,3.5,50.6,600.0,18.7
2026-07-27 21:57:41,41,2.5,49.7,600.0,18.7
2026-07-27 21:57:42,42,2.8,51.1,1800.0,18.7
2026-07-27 21:57:43,43,1.4,51.1,1800.0,18.7
2026-07-27 21:57:44,44,1.5,50.6,1800.0,18.7
2026-07-27 21:57:45,45,1.0,51.6,1800.0,18.7
2026-07-27 21:57:47,47,1.5,50.1,600.0,18.7
2026-07-27 21:57:48,48,3.5,50.6,600.0,18.7
2026-07-27 21:57:49,49,2.1,50.1,600.0,18.7
2026-07-27 21:57:50,50,3.5,50.6,1800.0,18.7
2026-07-27 21:57:51,51,1.2,51.1,1800.0,18.7
2026-07-27 21:57:52,52,1.2,51.1,1800.0,18.7
2026-07-27 21:57:53,53,1.5,51.6,1800.0,18.7
2026-07-27 21:57:54,54,2.2,51.1,1800.0,18.7
2026-07-27 21:57:55,55,1.5,51.1,700.0,18.7
2026-07-27 21:57:56,56,3.0,50.1,600.0,18.7
2026-07-27 21:57:57,57,3.2,50.6,600.0,18.7
2026-07-27 21:57:58,58,3.0,51.1,1100.0,18.7
2026-07-27 21:57:59,59,1.7,51.1,600.0,18.7
2026-07-27 21:58:00,60,3.5,51.1,700.0,18.7
2026-07-27 21:58:01,61,3.0,51.1,1100.0,18.7
2026-07-27 21:58:02,62,1.9,51.6,600.0,18.7
2026-07-27 21:58:04,64,3.7,49.2,1800.0,18.8
2026-07-27 21:58:05,65,1.4,50.1,1800.0,18.8
2026-07-27 21:58:06,66,1.0,50.6,1800.0,18.8
2026-07-27 21:58:07,67,1.2,50.6,1800.0,18.8
2026-07-27 21:58:08,68,1.7,51.1,1800.0,18.8
2026-07-27 21:58:09,69,1.0,50.6,600.0,18.8
2026-07-27 21:58:10,70,2.8,51.6,1800.0,18.8
2026-07-27 21:58:11,71,1.4,49.7,1800.0,18.8
2026-07-27 21:58:12,72,0.7,51.6,1800.0,18.8
2026-07-27 21:58:13,73,1.7,51.1,1800.0,18.8
2026-07-27 21:58:14,74,1.5,52.1,1800.0,18.8
2026-07-27 21:58:15,75,1.4,50.1,600.0,18.8
2026-07-27 21:58:16,76,3.0,50.6,700.0,18.8
2026-07-27 21:58:17,77,3.5,50.1,600.0,18.8
2026-07-27 21:58:18,78,3.2,49.7,1100.0,18.8
2026-07-27 21:58:19,79,1.7,50.6,800.0,18.8
2026-07-27 21:58:20,80,3.0,51.1,600.0,18.8
2026-07-27 21:58:21,81,3.5,50.1,1800.0,18.8
2026-07-27 21:58:22,82,1.0,50.6,1800.0,18.8
2026-07-27 21:58:23,83,1.5,50.1,1800.0,18.7
2026-07-27 21:58:25,85,1.4,51.1,1800.0,18.8
2026-07-27 21:58:26,86,0.7,52.1,1800.0,18.7
2026-07-27 21:58:27,87,1.7,49.7,800.0,18.8
2026-07-27 21:58:28,88,3.0,51.1,750.0,18.7
2026-07-27 21:58:29,89,1.9,50.1,600.0,18.7
2026-07-27 21:58:30,90,34.9,54.0,1800.0,19.2
2026-07-27 21:58:31,91,49.8,54.0,1800.0,19.3
2026-07-27 21:58:32,92,52.6,56.0,1800.0,19.3
2026-07-27 21:58:33,93,49.5,55.5,1800.0,19.3
2026-07-27 21:58:34,94,52.1,57.0,1800.0,19.3
2026-07-27 21:58:35,95,49.3,56.5,1800.0,19.4
2026-07-27 21:58:36,96,51.4,57.5,1800.0,19.4
2026-07-27 21:58:37,97,52.1,57.9,1800.0,19.3
2026-07-27 21:58:38,98,50.2,57.9,1800.0,19.3
2026-07-27 21:58:39,99,51.0,59.9,1800.0,19.3
2026-07-27 21:58:40,100,49.5,59.4,1800.0,19.3
2026-07-27 21:58:41,101,51.8,58.9,1800.0,19.3
2026-07-27 21:58:42,102,50.0,58.9,1800.0,19.3
2026-07-27 21:58:43,103,52.0,60.4,1800.0,19.3
2026-07-27 21:58:44,104,50.6,59.9,1800.0,19.4
2026-07-27 21:58:46,106,50.4,60.4,1800.0,19.3
2026-07-27 21:58:47,107,51.1,60.4,1800.0,19.3
2026-07-27 21:58:48,108,49.0,60.9,1800.0,19.4
2026-07-27 21:58:49,109,52.4,61.3,1800.0,19.4
2026-07-27 21:58:50,110,50.2,60.4,1800.0,19.3
2026-07-27 21:58:51,111,52.5,60.9,1800.0,19.3
2026-07-27 21:58:52,112,50.8,61.3,1800.0,19.3
2026-07-27 21:58:53,113,50.1,60.9,1800.0,19.3
2026-07-27 21:58:54,114,51.3,61.8,1800.0,19.3
2026-07-27 21:58:55,115,49.8,61.3,1800.0,19.3
2026-07-27 21:58:56,116,53.1,61.3,1800.0,19.3
2026-07-27 21:58:57,117,50.0,61.3,1800.0,19.3
2026-07-27 21:58:58,118,50.7,62.8,1800.0,19.3
2026-07-27 21:58:59,119,49.8,62.3,1800.0,19.3
2026-07-27 21:59:00,120,50.6,62.8,1800.0,19.4
2026-07-27 21:59:01,121,51.8,62.8,1800.0,19.3
2026-07-27 21:59:02,122,51.4,61.8,1800.0,19.3
2026-07-27 21:59:03,123,52.9,61.3,1800.0,19.3
2026-07-27 21:59:04,124,49.4,62.8,1800.0,19.3
2026-07-27 21:59:05,125,51.3,64.3,1800.0,19.3
2026-07-27 21:59:06,126,49.9,63.3,1800.0,19.3
2026-07-27 21:59:07,127,50.4,62.3,1800.0,19.3
2026-07-27 21:59:08,128,51.7,63.3,1800.0,19.3
2026-07-27 21:59:10,130,50.0,61.8,1800.0,19.3
2026-07-27 21:59:11,131,52.3,63.8,1800.0,19.3
2026-07-27 21:59:12,132,50.1,62.3,1800.0,19.3
2026-07-27 21:59:13,133,53.2,63.8,1800.0,19.3
2026-07-27 21:59:14,134,50.2,63.3,1800.0,19.3
2026-07-27 21:59:15,135,51.2,63.8,1800.0,19.3
2026-07-27 21:59:16,136,50.9,63.8,1800.0,19.3
2026-07-27 21:59:17,137,51.1,63.3,1800.0,19.3
2026-07-27 21:59:18,138,51.4,63.8,1800.0,19.3
2026-07-27 21:59:19,139,51.0,63.8,1800.0,19.3
2026-07-27 21:59:20,140,52.0,63.3,1800.0,19.3
2026-07-27 21:59:21,141,50.4,63.8,1800.0,19.3
2026-07-27 21:59:22,142,50.9,64.8,1800.0,19.3
2026-07-27 21:59:23,143,51.0,64.8,1800.0,19.2
2026-07-27 21:59:24,144,51.0,64.3,1800.0,19.3
2026-07-27 21:59:25,145,51.8,65.2,1800.0,19.2
2026-07-27 21:59:26,146,51.2,64.3,1800.0,19.2
2026-07-27 21:59:27,147,51.9,64.8,1800.0,19.2
2026-07-27 21:59:28,148,50.4,64.3,1800.0,19.2
2026-07-27 21:59:29,149,51.5,64.8,1800.0,19.2
2026-07-27 21:59:30,150,51.6,63.8,1800.0,19.2
2026-07-27 21:59:31,151,50.5,64.3,1800.0,19.2
2026-07-27 21:59:32,152,52.5,64.8,1800.0,19.2
2026-07-27 21:59:34,154,50.6,64.8,1800.0,19.2
2026-07-27 21:59:35,155,50.7,64.8,1800.0,19.2
2026-07-27 21:59:36,156,50.7,64.8,1800.0,19.2
2026-07-27 21:59:37,157,50.4,64.3,1800.0,19.2
2026-07-27 21:59:38,158,51.9,64.8,1800.0,19.2
2026-07-27 21:59:39,159,51.2,65.2,1800.0,19.2
2026-07-27 21:59:40,160,52.3,65.2,1800.0,19.2
2026-07-27 21:59:41,161,49.9,64.3,1800.0,19.2
2026-07-27 21:59:42,162,50.6,66.2,1800.0,19.2
2026-07-27 21:59:43,163,51.6,66.2,1800.0,19.2
2026-07-27 21:59:44,164,51.1,65.2,1800.0,19.2
2026-07-27 21:59:45,165,52.2,66.2,1800.0,19.2
2026-07-27 21:59:46,166,50.5,65.2,1800.0,19.2
2026-07-27 21:59:47,167,51.0,65.2,1800.0,19.2
2026-07-27 21:59:48,168,50.4,65.7,1800.0,19.2
2026-07-27 21:59:49,169,51.0,66.7,1800.0,19.2
2026-07-27 21:59:50,170,52.5,65.2,1800.0,19.2
2026-07-27 21:59:51,171,50.5,66.2,1800.0,19.2
2026-07-27 21:59:52,172,51.9,65.7,1800.0,19.2
2026-07-27 21:59:53,173,50.9,65.2,1800.0,19.2
2026-07-27 21:59:54,174,50.2,65.2,1800.0,19.2
2026-07-27 21:59:55,175,51.9,67.2,1800.0,19.2
2026-07-27 21:59:56,176,50.8,65.2,1800.0,19.2
2026-07-27 21:59:58,178,51.3,65.7,1800.0,19.2
2026-07-27 21:59:59,179,50.0,65.7,1800.0,19.2
2026-07-27 22:00:00,180,51.5,65.7,1800.0,19.2
2026-07-27 22:00:01,181,51.2,66.2,1800.0,19.2
2026-07-27 22:00:02,182,51.8,65.7,1800.0,19.2
2026-07-27 22:00:03,183,52.1,66.7,1800.0,19.2
2026-07-27 22:00:04,184,50.0,65.7,1800.0,19.2
2026-07-27 22:00:05,185,49.9,67.2,1800.0,19.2
2026-07-27 22:00:06,186,51.8,67.2,1800.0,19.2
2026-07-27 22:00:07,187,51.0,66.2,1800.0,19.2
2026-07-27 22:00:08,188,52.2,66.7,1800.0,19.2
2026-07-27 22:00:09,189,50.8,66.2,1800.0,19.2
2026-07-27 22:00:10,190,51.7,66.2,1800.0,19.2
2026-07-27 22:00:11,191,50.4,66.2,1800.0,19.2
2026-07-27 22:00:12,192,51.3,65.7,1800.0,19.2
2026-07-27 22:00:13,193,52.4,66.7,1800.0,19.2
2026-07-27 22:00:14,194,51.1,66.2,1800.0,19.2
2026-07-27 22:00:15,195,51.6,66.2,1800.0,19.2
2026-07-27 22:00:16,196,51.0,66.7,1800.0,19.2
2026-07-27 22:00:17,197,49.5,67.2,1800.0,19.2
2026-07-27 22:00:18,198,51.7,67.2,1800.0,19.2
2026-07-27 22:00:19,199,51.4,66.2,1800.0,19.2
2026-07-27 22:00:20,200,52.0,67.2,1800.0,19.2
2026-07-27 22:00:21,201,51.9,66.2,1800.0,19.2
2026-07-27 22:00:22,202,50.0,66.7,1800.0,19.2
2026-07-27 22:00:24,204,50.9,66.7,1800.0,19.3
2026-07-27 22:00:25,205,51.4,65.7,1800.0,19.3
2026-07-27 22:00:26,206,51.9,67.7,1800.0,19.3
2026-07-27 22:00:27,207,52.5,67.7,1800.0,19.3
2026-07-27 22:00:28,208,50.4,66.7,1800.0,19.3
2026-07-27 22:00:29,209,51.1,67.2,1800.0,19.3
2026-07-27 22:00:30,210,50.6,66.2,1800.0,19.3
2026-07-27 22:00:31,211,51.2,67.2,1800.0,19.3
2026-07-27 22:00:32,212,52.8,67.7,1800.0,19.3
2026-07-27 22:00:33,213,51.9,67.7,1800.0,19.3
2026-07-27 22:00:34,214,50.5,68.2,1800.0,19.3
2026-07-27 22:00:35,215,50.9,67.7,1800.0,19.3
2026-07-27 22:00:36,216,50.2,66.7,1800.0,19.3
2026-07-27 22:00:37,217,51.8,66.7,1800.0,19.3
2026-07-27 22:00:38,218,52.1,67.2,1800.0,19.3
2026-07-27 22:00:39,219,51.9,66.7,1800.0,19.3
2026-07-27 22:00:40,220,51.0,68.2,1800.0,19.3
2026-07-27 22:00:41,221,50.2,67.2,1800.0,19.3
2026-07-27 22:00:42,222,50.6,67.2,1800.0,19.3
2026-07-27 22:00:43,223,51.1,66.7,1800.0,19.3
2026-07-27 22:00:44,224,51.7,67.2,1800.0,19.3
2026-07-27 22:00:45,225,52.5,68.2,1800.0,19.3
2026-07-27 22:00:46,226,51.3,66.7,1800.0,19.3
2026-07-27 22:00:47,227,50.7,68.2,1800.0,19.3
2026-07-27 22:00:48,228,51.5,67.7,1800.0,19.3
2026-07-27 22:00:49,229,50.7,67.7,1800.0,19.3
2026-07-27 22:00:51,231,51.1,67.2,1800.0,19.3
2026-07-27 22:00:52,232,51.9,67.7,1800.0,19.3
2026-07-27 22:00:53,233,50.4,68.2,1800.0,19.3
2026-07-27 22:00:54,234,50.7,67.7,1800.0,19.3
2026-07-27 22:00:55,235,51.5,67.7,1800.0,19.3
2026-07-27 22:00:56,236,51.3,67.2,1800.0,19.3
2026-07-27 22:00:57,237,51.8,69.6,1800.0,19.3
2026-07-27 22:00:58,238,51.4,68.7,1800.0,19.3
2026-07-27 22:00:59,239,51.3,67.2,1800.0,19.3
2026-07-27 22:01:00,240,51.2,68.7,1800.0,19.3
2026-07-27 22:01:01,241,51.1,68.7,1800.0,19.3
2026-07-27 22:01:02,242,51.6,66.7,1800.0,19.3
2026-07-27 22:01:03,243,50.4,69.1,1800.0,19.3
2026-07-27 22:01:04,244,50.9,68.2,1800.0,19.3
2026-07-27 22:01:05,245,52.0,68.7,1800.0,19.3
2026-07-27 22:01:06,246,50.7,68.7,1800.0,19.3
2026-07-27 22:01:07,247,51.2,68.7,1800.0,19.3
2026-07-27 22:01:08,248,51.0,67.2,1800.0,19.3
2026-07-27 22:01:09,249,51.1,68.2,1800.0,19.3
2026-07-27 22:01:10,250,51.7,68.2,1800.0,19.3
2026-07-27 22:01:11,251,51.8,67.7,1800.0,19.3
2026-07-27 22:01:12,252,51.3,68.2,1800.0,19.3
2026-07-27 22:01:13,253,50.9,68.2,1800.0,19.3
2026-07-27 22:01:14,254,50.9,67.7,1800.0,19.3
2026-07-27 22:01:15,255,51.4,69.1,1800.0,19.3
2026-07-27 22:01:16,256,51.8,67.2,1800.0,19.3
2026-07-27 22:01:18,258,51.4,68.2,1800.0,19.3
2026-07-27 22:01:19,259,51.3,68.2,1800.0,19.3
2026-07-27 22:01:20,260,50.4,67.2,1800.0,19.3
2026-07-27 22:01:21,261,51.2,67.2,1800.0,19.3
2026-07-27 22:01:22,262,51.9,68.2,1800.0,19.3
2026-07-27 22:01:23,263,51.2,67.7,1800.0,19.3
2026-07-27 22:01:24,264,52.0,68.2,1800.0,19.3
2026-07-27 22:01:25,265,50.7,68.2,1800.0,19.3
2026-07-27 22:01:26,266,50.2,68.2,1800.0,19.3
2026-07-27 22:01:27,267,51.6,69.1,1800.0,19.3
2026-07-27 22:01:28,268,51.6,69.1,1800.0,19.3
2026-07-27 22:01:29,269,51.6,68.2,1800.0,19.3
2026-07-27 22:01:30,270,51.4,68.7,1800.0,19.3
2026-07-27 22:01:31,271,50.4,68.7,1800.0,19.3
2026-07-27 22:01:32,272,51.3,68.2,1800.0,19.3
2026-07-27 22:01:33,273,50.8,68.7,1800.0,19.3
2026-07-27 22:01:34,274,51.6,68.2,1800.0,19.3
2026-07-27 22:01:35,275,52.5,67.2,1800.0,19.3
2026-07-27 22:01:36,276,51.0,68.2,1800.0,19.3
2026-07-27 22:01:37,277,50.7,68.7,1800.0,19.3
2026-07-27 22:01:38,278,51.3,68.7,1800.0,19.3
2026-07-27 22:01:39,279,50.6,68.7,1800.0,19.3
2026-07-27 22:01:40,280,52.2,69.6,1800.0,19.3
2026-07-27 22:01:41,281,51.4,68.2,1800.0,19.3
2026-07-27 22:01:42,282,50.8,67.7,1800.0,19.3
2026-07-27 22:01:43,283,51.5,69.1,1800.0,19.3
2026-07-27 22:01:45,285,51.2,68.2,1800.0,19.3
2026-07-27 22:01:46,286,51.0,67.7,1800.0,19.3
2026-07-27 22:01:47,287,51.8,68.2,1800.0,19.3
2026-07-27 22:01:48,288,51.0,68.2,1800.0,19.3
2026-07-27 22:01:49,289,51.1,68.2,1800.0,19.3
2026-07-27 22:01:50,290,50.7,69.1,1800.0,19.3
2026-07-27 22:01:51,291,52.3,68.7,1800.0,19.3
2026-07-27 22:01:52,292,51.8,69.1,1800.0,19.3
2026-07-27 22:01:53,293,51.0,68.2,1800.0,19.3
2026-07-27 22:01:54,294,51.1,69.1,1800.0,19.3
2026-07-27 22:01:55,295,51.8,68.2,1800.0,19.3
2026-07-27 22:01:56,296,51.0,69.1,1800.0,19.3
2026-07-27 22:01:57,297,52.0,69.1,1800.0,19.3
2026-07-27 22:01:58,298,51.0,69.1,1800.0,19.3
2026-07-27 22:01:59,299,51.1,68.7,1800.0,19.3
2026-07-27 22:02:00,300,51.0,69.6,1800.0,19.3
2026-07-27 22:02:01,301,51.3,69.6,1800.0,19.3
2026-07-27 22:02:02,302,51.1,68.7,1800.0,19.3
2026-07-27 22:02:03,303,51.9,70.1,1800.0,19.3
2026-07-27 22:02:04,304,51.3,69.1,1800.0,19.3
2026-07-27 22:02:05,305,53.2,68.7,1800.0,19.3
2026-07-27 22:02:06,306,51.3,68.2,1800.0,19.3
2026-07-27 22:02:07,307,51.9,69.1,1800.0,19.3
2026-07-27 22:02:08,308,51.1,68.7,1800.0,19.3
2026-07-27 22:02:09,309,51.2,68.7,1800.0,19.3
2026-07-27 22:02:10,310,51.2,68.2,1800.0,19.3
2026-07-27 22:02:12,312,50.8,69.1,1800.0,19.3
2026-07-27 22:02:13,313,51.3,68.7,1800.0,19.3
2026-07-27 22:02:14,314,51.9,69.1,1800.0,19.3
2026-07-27 22:02:15,315,50.7,68.2,1800.0,19.3
2026-07-27 22:02:16,316,50.6,68.2,1800.0,19.3
2026-07-27 22:02:17,317,51.0,69.6,1800.0,19.3
2026-07-27 22:02:18,318,51.3,68.7,1800.0,19.3
2026-07-27 22:02:19,319,51.4,68.2,1800.0,19.3
2026-07-27 22:02:20,320,52.0,69.1,1800.0,19.3
2026-07-27 22:02:21,321,51.6,68.7,1800.0,19.3
2026-07-27 22:02:22,322,50.6,69.1,1800.0,19.3
2026-07-27 22:02:23,323,50.6,69.6,1800.0,19.3
2026-07-27 22:02:24,324,51.3,68.2,1800.0,19.3
2026-07-27 22:02:25,325,51.7,68.7,1800.0,19.3
2026-07-27 22:02:26,326,52.2,69.1,1800.0,19.3
2026-07-27 22:02:27,327,51.7,68.2,1800.0,19.3
2026-07-27 22:02:28,328,50.4,68.7,1800.0,19.3
2026-07-27 22:02:29,329,50.9,67.7,1800.0,19.3
2026-07-27 22:02:30,330,51.7,69.1,1800.0,19.3
2026-07-27 22:02:31,331,51.3,68.7,1800.0,19.2
2026-07-27 22:02:32,332,52.2,68.2,1800.0,19.2
2026-07-27 22:02:33,333,51.6,69.6,1800.0,19.2
2026-07-27 22:02:34,334,50.9,69.1,1800.0,19.3
2026-07-27 22:02:35,335,51.2,68.7,1800.0,19.3
2026-07-27 22:02:36,336,51.2,69.1,1800.0,19.3
2026-07-27 22:02:37,337,51.2,69.6,1800.0,19.3
2026-07-27 22:02:39,339,50.5,70.1,1800.0,19.3
2026-07-27 22:02:40,340,50.9,69.6,1800.0,19.3
2026-07-27 22:02:41,341,51.5,68.7,1800.0,19.3
2026-07-27 22:02:42,342,51.5,70.6,1800.0,19.3
2026-07-27 22:02:43,343,51.9,68.2,1800.0,19.3
2026-07-27 22:02:44,344,51.7,69.1,1800.0,19.3
2026-07-27 22:02:45,345,50.6,68.2,1800.0,19.3
2026-07-27 22:02:46,346,51.0,69.1,1800.0,19.3
2026-07-27 22:02:47,347,51.5,68.7,1800.0,19.3
2026-07-27 22:02:48,348,51.4,68.7,1800.0,19.3
2026-07-27 22:02:49,349,52.0,68.7,1800.0,19.3
2026-07-27 22:02:50,350,51.4,68.7,1800.0,19.3
2026-07-27 22:02:51,351,50.5,69.6,1800.0,19.3
2026-07-27 22:02:52,352,51.7,67.7,1800.0,19.3
2026-07-27 22:02:53,353,51.9,69.1,1800.0,19.3
2026-07-27 22:02:54,354,51.0,69.1,1800.0,19.3
2026-07-27 22:02:55,355,51.2,67.7,1800.0,19.3
2026-07-27 22:02:56,356,51.1,69.6,1800.0,19.3
2026-07-27 22:02:57,357,51.6,68.7,1800.0,19.2
2026-07-27 22:02:58,358,51.2,68.7,1800.0,19.3
2026-07-27 22:02:59,359,52.0,69.1,1800.0,19.3
2026-07-27 22:03:00,360,51.3,69.1,1800.0,19.2
2026-07-27 22:03:01,361,51.0,68.2,1800.0,19.2
2026-07-27 22:03:02,362,51.2,69.1,1800.0,19.2
2026-07-27 22:03:03,363,51.6,69.1,1800.0,19.2
2026-07-27 22:03:04,364,51.0,68.7,1800.0,19.3
2026-07-27 22:03:05,365,51.9,68.7,1800.0,19.3
2026-07-27 22:03:07,367,51.3,68.7,1800.0,19.3
2026-07-27 22:03:08,368,50.9,68.7,1800.0,19.3
2026-07-27 22:03:09,369,51.0,69.1,1800.0,19.3
2026-07-27 22:03:10,370,51.6,68.7,1800.0,19.3
2026-07-27 22:03:11,371,51.0,67.7,1800.0,19.3
2026-07-27 22:03:12,372,51.8,67.2,1800.0,19.3
2026-07-27 22:03:13,373,51.4,68.7,1800.0,19.3
2026-07-27 22:03:14,374,50.8,68.7,1800.0,19.3
2026-07-27 22:03:15,375,51.6,68.7,1800.0,19.3
2026-07-27 22:03:16,376,51.4,69.1,1800.0,19.3
2026-07-27 22:03:17,377,51.1,69.6,1800.0,19.3
2026-07-27 22:03:18,378,51.3,68.2,1800.0,19.3
2026-07-27 22:03:19,379,51.3,69.1,1800.0,19.3
2026-07-27 22:03:20,380,51.3,68.7,1800.0,19.3
2026-07-27 22:03:21,381,51.0,69.1,1800.0,19.3
2026-07-27 22:03:22,382,51.8,69.1,1800.0,19.3
2026-07-27 22:03:23,383,51.6,67.7,1800.0,19.3
2026-07-27 22:03:24,384,51.6,69.1,1800.0,19.3
2026-07-27 22:03:25,385,51.3,69.6,1800.0,19.3
2026-07-27 22:03:26,386,51.3,68.7,1800.0,19.3
2026-07-27 22:03:27,387,50.7,69.1,1800.0,19.3
2026-07-27 22:03:28,388,51.5,69.1,1800.0,19.3
2026-07-27 22:03:29,389,51.9,67.7,1800.0,19.3
2026-07-27 22:03:30,390,51.0,69.1,1800.0,19.3
2026-07-27 22:03:31,391,51.3,68.7,1800.0,19.3
2026-07-27 22:03:32,392,51.8,69.6,1800.0,19.3
2026-07-27 22:03:34,394,51.0,69.6,1800.0,19.3
2026-07-27 22:03:35,395,51.4,69.6,1800.0,19.3
2026-07-27 22:03:36,396,51.2,68.2,1800.0,19.3
2026-07-27 22:03:37,397,50.6,68.7,1800.0,19.3
2026-07-27 22:03:38,398,51.6,68.2,1800.0,19.3
2026-07-27 22:03:39,399,51.8,69.1,1800.0,19.3
2026-07-27 22:03:40,400,51.0,68.7,1800.0,19.2
2026-07-27 22:03:41,401,51.7,68.2,1800.0,19.3
2026-07-27 22:03:42,402,51.0,68.7,1800.0,19.3
2026-07-27 22:03:43,403,50.9,69.6,1800.0,19.3
2026-07-27 22:03:44,404,50.8,68.7,1800.0,19.3
2026-07-27 22:03:45,405,51.9,69.1,1800.0,19.3
2026-07-27 22:03:46,406,51.9,68.2,1800.0,19.3
2026-07-27 22:03:47,407,51.0,69.1,1800.0,19.3
2026-07-27 22:03:48,408,51.0,68.7,1800.0,19.3
2026-07-27 22:03:49,409,51.1,68.7,1800.0,19.3
2026-07-27 22:03:50,410,51.1,69.6,1800.0,19.3
2026-07-27 22:03:51,411,52.2,69.1,1800.0,19.3
2026-07-27 22:03:52,412,51.8,69.1,1800.0,19.3
2026-07-27 22:03:53,413,50.6,69.1,1800.0,19.3
2026-07-27 22:03:54,414,51.2,68.7,1800.0,19.3
2026-07-27 22:03:55,415,51.1,68.2,1800.0,19.3
2026-07-27 22:03:56,416,51.4,68.2,1800.0,19.3
2026-07-27 22:03:57,417,51.8,69.6,1800.0,19.3
2026-07-27 22:03:58,418,51.3,68.7,1800.0,19.3
2026-07-27 22:03:59,419,51.0,70.1,1800.0,19.3
2026-07-27 22:04:00,420,51.3,68.7,1800.0,19.3
2026-07-27 22:04:02,422,52.2,69.1,1800.0,19.3
2026-07-27 22:04:03,423,51.0,69.1,1800.0,19.3
2026-07-27 22:04:04,424,51.1,68.7,1800.0,19.3
2026-07-27 22:04:05,425,51.4,69.1,1800.0,19.3
2026-07-27 22:04:06,426,51.4,69.1,1800.0,19.3
2026-07-27 22:04:07,427,51.6,69.1,1800.0,19.3
2026-07-27 22:04:08,428,51.6,69.1,1800.0,19.3
2026-07-27 22:04:09,429,51.0,68.7,1800.0,19.3
2026-07-27 22:04:10,430,50.7,69.6,1800.0,19.4
2026-07-27 22:04:11,431,51.3,68.7,1800.0,19.4
2026-07-27 22:04:12,432,51.9,69.1,1800.0,19.4
2026-07-27 22:04:13,433,51.3,68.2,1800.0,19.3
2026-07-27 22:04:14,434,51.6,69.1,1800.0,19.3
2026-07-27 22:04:15,435,51.1,68.7,1800.0,19.3
2026-07-27 22:04:16,436,51.0,68.7,1800.0,19.3
2026-07-27 22:04:17,437,51.4,68.2,1800.0,19.3
2026-07-27 22:04:18,438,51.6,68.7,1800.0,19.3
2026-07-27 22:04:19,439,51.0,68.2,1800.0,19.3
2026-07-27 22:04:20,440,51.3,68.7,1800.0,19.3
2026-07-27 22:04:21,441,51.0,69.1,1800.0,19.3
2026-07-27 22:04:22,442,51.1,70.1,1800.0,19.3
2026-07-27 22:04:23,443,50.9,69.6,1800.0,19.3
2026-07-27 22:04:24,444,51.8,67.7,1800.0,19.3
2026-07-27 22:04:25,445,51.1,69.1,1800.0,19.3
2026-07-27 22:04:26,446,51.7,68.7,1800.0,19.3
2026-07-27 22:04:27,447,51.2,69.1,1800.0,19.3
2026-07-27 22:04:29,449,51.0,69.1,1800.0,19.3
2026-07-27 22:04:30,450,51.1,69.1,1800.0,19.3
2026-07-27 22:04:31,451,51.8,69.1,1800.0,19.3
2026-07-27 22:04:32,452,51.9,67.7,1800.0,19.3
2026-07-27 22:04:33,453,50.8,68.7,1800.0,19.3
2026-07-27 22:04:34,454,51.1,68.7,1800.0,19.4
2026-07-27 22:04:35,455,51.1,68.7,1800.0,19.4
2026-07-27 22:04:36,456,51.0,70.6,1800.0,19.3
2026-07-27 22:04:37,457,52.0,69.6,1800.0,19.3
2026-07-27 22:04:38,458,51.6,68.7,1800.0,19.4
2026-07-27 22:04:39,459,50.7,69.6,1800.0,19.4
2026-07-27 22:04:40,460,51.1,68.2,1800.0,19.4
2026-07-27 22:04:41,461,51.2,69.6,1800.0,19.4
2026-07-27 22:04:42,462,51.6,70.1,1800.0,19.4
2026-07-27 22:04:43,463,51.8,69.1,1800.0,19.4
2026-07-27 22:04:44,464,51.7,68.2,1800.0,19.4
2026-07-27 22:04:45,465,50.5,68.7,1800.0,19.4
2026-07-27 22:04:46,466,51.3,69.1,1800.0,19.4
2026-07-27 22:04:47,467,51.3,69.1,1800.0,19.4
2026-07-27 22:04:48,468,51.3,69.1,1800.0,19.4
2026-07-27 22:04:49,469,51.2,69.6,1800.0,19.4
2026-07-27 22:04:50,470,51.4,69.6,1800.0,19.4
2026-07-27 22:04:51,471,51.4,69.1,1800.0,19.4
2026-07-27 22:04:52,472,50.2,69.6,1800.0,19.4
2026-07-27 22:04:53,473,51.2,68.7,1800.0,19.4
2026-07-27 22:04:54,474,51.4,69.1,1800.0,19.4
2026-07-27 22:04:55,475,51.8,69.6,1800.0,19.4
2026-07-27 22:04:57,477,51.6,68.7,1800.0,19.4
2026-07-27 22:04:58,478,51.3,69.6,1800.0,19.4
2026-07-27 22:04:59,479,50.6,70.1,1800.0,19.4
2026-07-27 22:05:00,480,51.3,69.6,1800.0,19.4
2026-07-27 22:05:01,481,51.6,68.7,1800.0,19.4
2026-07-27 22:05:02,482,51.4,69.1,1800.0,19.4
2026-07-27 22:05:03,483,51.4,68.7,1800.0,19.4
2026-07-27 22:05:04,484,51.5,69.1,1800.0,19.3
2026-07-27 22:05:05,485,50.5,69.1,1800.0,19.3
2026-07-27 22:05:06,486,51.6,68.7,1800.0,19.3
2026-07-27 22:05:07,487,51.7,68.2,1800.0,19.3
2026-07-27 22:05:08,488,51.3,69.6,1800.0,19.3
2026-07-27 22:05:09,489,51.6,68.7,1800.0,19.4
2026-07-27 22:05:10,490,50.9,69.6,1800.0,19.4
2026-07-27 22:05:11,491,51.0,68.7,1800.0,19.3
2026-07-27 22:05:12,492,50.9,69.1,1800.0,19.3
2026-07-27 22:05:13,493,51.9,68.2,1800.0,19.3
2026-07-27 22:05:14,494,51.9,69.6,1800.0,19.3
2026-07-27 22:05:15,495,51.3,69.1,1800.0,19.3
2026-07-27 22:05:16,496,51.2,68.2,1800.0,19.4
2026-07-27 22:05:17,497,51.4,68.7,1800.0,19.4
2026-07-27 22:05:18,498,51.4,69.1,1800.0,19.4
2026-07-27 22:05:19,499,52.0,69.6,1800.0,19.4
2026-07-27 22:05:20,500,51.1,69.6,1800.0,19.4
2026-07-27 22:05:21,501,50.6,68.2,1800.0,19.4
2026-07-27 22:05:22,502,51.2,68.7,1800.0,19.4
2026-07-27 22:05:23,503,51.8,68.7,1800.0,19.4
2026-07-27 22:05:25,505,51.4,69.1,1800.0,19.4
2026-07-27 22:05:26,506,51.1,68.7,1800.0,19.4
2026-07-27 22:05:27,507,50.9,68.7,1800.0,19.4
2026-07-27 22:05:28,508,50.4,68.2,1800.0,19.4
2026-07-27 22:05:29,509,52.1,69.6,1800.0,19.3
2026-07-27 22:05:30,510,52.1,68.7,1800.0,19.3
2026-07-27 22:05:31,511,50.6,69.1,1800.0,19.4
2026-07-27 22:05:32,512,50.9,68.7,1800.0,19.4
2026-07-27 22:05:33,513,50.7,68.7,1800.0,19.4
2026-07-27 22:05:34,514,51.7,69.1,1800.0,19.4
2026-07-27 22:05:35,515,51.7,67.7,1800.0,19.4
2026-07-27 22:05:36,516,51.6,69.6,1800.0,19.4
2026-07-27 22:05:37,517,50.9,67.7,1800.0,19.4
2026-07-27 22:05:38,518,50.5,68.2,1800.0,19.4
2026-07-27 22:05:39,519,51.4,69.6,1800.0,19.3
2026-07-27 22:05:40,520,52.1,69.6,1800.0,19.3
2026-07-27 22:05:41,521,51.4,69.1,1800.0,19.3
2026-07-27 22:05:42,522,50.9,69.6,1800.0,19.3
2026-07-27 22:05:43,523,51.0,69.6,1800.0,19.3
2026-07-27 22:05:44,524,50.7,69.1,1800.0,19.3
2026-07-27 22:05:45,525,51.8,68.7,1800.0,19.3
2026-07-27 22:05:46,526,52.1,68.2,1800.0,19.3
2026-07-27 22:05:47,527,51.8,69.6,1800.0,19.3
2026-07-27 22:05:48,528,51.2,68.2,1800.0,19.3
2026-07-27 22:05:49,529,50.7,69.1,1800.0,19.3
2026-07-27 22:05:50,530,50.2,69.1,1800.0,19.3
2026-07-27 22:05:51,531,52.0,68.7,1800.0,19.3
2026-07-27 22:05:53,533,52.1,68.2,1800.0,19.3
2026-07-27 22:05:54,534,50.7,68.7,1800.0,19.3
2026-07-27 22:05:55,535,50.5,68.7,1800.0,19.3
2026-07-27 22:05:56,536,50.2,70.1,1800.0,19.3
2026-07-27 22:05:57,537,51.4,69.6,1800.0,19.3
2026-07-27 22:05:58,538,52.0,69.1,1800.0,19.3
2026-07-27 22:05:59,539,52.4,68.7,1800.0,19.3
2026-07-27 22:06:00,540,51.3,68.7,1800.0,19.3
2026-07-27 22:06:01,541,50.0,68.7,1800.0,19.3
2026-07-27 22:06:02,542,50.9,68.2,1800.0,19.3
2026-07-27 22:06:03,543,51.7,70.6,1800.0,19.3
2026-07-27 22:06:04,544,51.2,67.7,1800.0,19.3
2026-07-27 22:06:05,545,51.8,69.1,1800.0,19.3
2026-07-27 22:06:06,546,51.3,68.7,1800.0,19.3
2026-07-27 22:06:07,547,50.5,69.6,1800.0,19.3
2026-07-27 22:06:08,548,51.2,69.6,1800.0,19.3
2026-07-27 22:06:09,549,51.9,69.1,1800.0,19.3
2026-07-27 22:06:10,550,51.3,70.6,1800.0,19.3
2026-07-27 22:06:11,551,51.7,69.6,1800.0,19.3
2026-07-27 22:06:12,552,51.2,68.7,1800.0,19.3
2026-07-27 22:06:13,553,50.5,68.7,1800.0,19.3
2026-07-27 22:06:14,554,50.9,69.1,1800.0,19.3
2026-07-27 22:06:15,555,51.6,69.1,1800.0,19.3
2026-07-27 22:06:16,556,51.1,70.1,1800.0,19.3
2026-07-27 22:06:17,557,51.9,69.6,1800.0,19.3
2026-07-27 22:06:18,558,51.6,69.1,1800.0,19.3
2026-07-27 22:06:19,559,51.2,69.6,1800.0,19.3
2026-07-27 22:06:21,561,50.5,69.6,1800.0,19.3
2026-07-27 22:06:22,562,51.3,69.6,1800.0,19.3
2026-07-27 22:06:23,563,51.4,69.6,1800.0,19.3
2026-07-27 22:06:24,564,50.7,68.2,1800.0,19.3
2026-07-27 22:06:25,565,51.1,69.1,1800.0,19.3
2026-07-27 22:06:26,566,51.3,69.1,1800.0,19.3
2026-07-27 22:06:27,567,51.3,68.2,1800.0,19.3
2026-07-27 22:06:28,568,51.8,68.7,1800.0,19.2
2026-07-27 22:06:29,569,51.3,68.2,1800.0,19.3
2026-07-27 22:06:30,570,50.6,69.1,1800.0,19.3
2026-07-27 22:06:31,571,51.1,68.7,1800.0,19.3
2026-07-27 22:06:32,572,51.9,69.1,1800.0,19.3
2026-07-27 22:06:33,573,51.1,69.1,1800.0,19.3
2026-07-27 22:06:34,574,51.8,68.7,1800.0,19.3
2026-07-27 22:06:35,575,51.2,68.2,1800.0,19.3
2026-07-27 22:06:36,576,50.4,68.2,1800.0,19.3
2026-07-27 22:06:37,577,51.1,68.2,1800.0,19.2
2026-07-27 22:06:38,578,51.4,68.2,1800.0,19.2
2026-07-27 22:06:39,579,51.6,68.2,1800.0,19.3
2026-07-27 22:06:40,580,51.7,69.1,1800.0,19.3
2026-07-27 22:06:41,581,51.2,69.6,1800.0,19.3
2026-07-27 22:06:42,582,51.1,69.1,1800.0,19.3
2026-07-27 22:06:43,583,50.7,68.2,1800.0,19.3
2026-07-27 22:06:44,584,51.4,69.1,1800.0,19.3
2026-07-27 22:06:45,585,51.9,68.2,1800.0,19.3
2026-07-27 22:06:46,586,51.2,69.1,1800.0,19.3
2026-07-27 22:06:47,587,51.1,67.7,1800.0,19.3
2026-07-27 22:06:49,589,51.3,68.2,1800.0,19.3
2026-07-27 22:06:50,590,50.7,68.7,1800.0,19.3
2026-07-27 22:06:51,591,51.9,68.7,1800.0,19.3
2026-07-27 22:06:52,592,52.0,68.7,1800.0,19.3
2026-07-27 22:06:53,593,50.8,68.7,1800.0,19.3
2026-07-27 22:06:54,594,51.1,69.1,1800.0,19.3
2026-07-27 22:06:55,595,51.1,69.6,1800.0,19.3
2026-07-27 22:06:56,596,51.0,69.1,1800.0,19.4
2026-07-27 22:06:57,597,52.0,69.1,1800.0,19.3
2026-07-27 22:06:58,598,51.8,68.7,1800.0,19.3
2026-07-27 22:06:59,599,50.7,68.7,1800.0,19.3
2026-07-27 22:07:00,600,51.2,68.7,1800.0,19.3
2026-07-27 22:07:01,601,51.1,68.7,1800.0,19.3
2026-07-27 22:07:02,602,51.3,69.1,1800.0,19.3
2026-07-27 22:07:03,603,51.9,68.7,1800.0,19.3
2026-07-27 22:07:04,604,51.6,68.7,1800.0,19.3
2026-07-27 22:07:05,605,51.1,69.1,1800.0,19.3
2026-07-27 22:07:06,606,50.5,69.1,1800.0,19.3
2026-07-27 22:07:07,607,51.9,69.1,1800.0,19.3
2026-07-27 22:07:08,608,52.2,68.7,1800.0,19.3
2026-07-27 22:07:09,609,51.6,69.1,1800.0,19.3
2026-07-27 22:07:10,610,50.7,69.1,1800.0,19.3
2026-07-27 22:07:11,611,50.7,68.2,1800.0,19.3
2026-07-27 22:07:12,612,50.5,69.6,1800.0,19.3
2026-07-27 22:07:13,613,52.4,68.7,1800.0,19.3
2026-07-27 22:07:14,614,52.3,68.7,1800.0,19.3
2026-07-27 22:07:16,616,51.2,68.7,1800.0,19.3
2026-07-27 22:07:17,617,50.6,68.7,1800.0,19.3
2026-07-27 22:07:18,618,50.9,69.1,1800.0,19.3
2026-07-27 22:07:19,619,50.6,68.2,1800.0,19.4
2026-07-27 22:07:20,620,51.9,69.1,1800.0,19.4
2026-07-27 22:07:21,621,52.0,68.7,1800.0,19.4
2026-07-27 22:07:22,622,51.2,68.7,1800.0,19.4
2026-07-27 22:07:23,623,51.1,69.1,1800.0,19.3
2026-07-27 22:07:24,624,50.9,68.7,1800.0,19.3
2026-07-27 22:07:25,625,51.2,69.6,1800.0,19.3
2026-07-27 22:07:26,626,51.8,69.6,1800.0,19.3
2026-07-27 22:07:27,627,51.9,70.1,1800.0,19.3
2026-07-27 22:07:28,628,51.1,69.1,1800.0,19.3
2026-07-27 22:07:29,629,50.6,68.2,1800.0,19.3
2026-07-27 22:07:30,630,51.2,69.6,1800.0,19.3
2026-07-27 22:07:31,631,51.7,68.2,1800.0,19.4
2026-07-27 22:07:32,632,51.3,69.6,1800.0,19.4
2026-07-27 22:07:33,633,51.9,69.1,1800.0,19.3
2026-07-27 22:07:34,634,50.7,68.7,1800.0,19.4
2026-07-27 22:07:35,635,51.2,69.6,1800.0,19.4
2026-07-27 22:07:36,636,51.1,69.1,1800.0,19.4
2026-07-27 22:07:37,637,51.6,67.7,1800.0,19.4
2026-07-27 22:07:38,638,51.4,69.6,1800.0,19.4
2026-07-27 22:07:39,639,51.7,68.7,1800.0,19.4
2026-07-27 22:07:40,640,51.3,69.6,1800.0,19.3
2026-07-27 22:07:41,641,50.5,68.2,1800.0,19.3
2026-07-27 22:07:42,642,51.6,68.2,1800.0,19.3
2026-07-27 22:07:44,644,51.9,68.7,1800.0,19.3
2026-07-27 22:07:45,645,51.4,69.6,1800.0,19.3
2026-07-27 22:07:46,646,51.2,70.1,1800.0,19.4
2026-07-27 22:07:47,647,51.1,70.6,1800.0,19.4
2026-07-27 22:07:48,648,51.0,69.6,1800.0,19.4
2026-07-27 22:07:49,649,51.4,69.1,1800.0,19.4
2026-07-27 22:07:50,650,51.7,70.1,1800.0,19.3
2026-07-27 22:07:51,651,51.8,69.1,1800.0,19.3
2026-07-27 22:07:52,652,50.7,69.1,1800.0,19.3
2026-07-27 22:07:53,653,51.2,68.7,1800.0,19.3
2026-07-27 22:07:54,654,51.3,69.1,1800.0,19.3
2026-07-27 22:07:55,655,51.2,70.1,1800.0,19.3
2026-07-27 22:07:56,656,51.8,68.7,1800.0,19.3
2026-07-27 22:07:57,657,51.6,68.7,1800.0,19.3
2026-07-27 22:07:58,658,51.0,69.6,1800.0,19.3
2026-07-27 22:07:59,659,51.1,68.7,1800.0,19.3
2026-07-27 22:08:00,660,51.4,70.1,1800.0,19.3
2026-07-27 22:08:01,661,51.0,68.7,1800.0,19.3
2026-07-27 22:08:02,662,52.0,68.7,1800.0,19.3
2026-07-27 22:08:03,663,51.7,68.7,1800.0,19.4
2026-07-27 22:08:04,664,51.0,68.2,1800.0,19.3
2026-07-27 22:08:05,665,51.0,67.2,1800.0,19.3
2026-07-27 22:08:06,666,51.7,68.2,1800.0,19.3
2026-07-27 22:08:07,667,51.1,68.7,1800.0,19.3
2026-07-27 22:08:08,668,52.0,70.6,1800.0,19.3
2026-07-27 22:08:09,669,51.3,68.2,1800.0,19.3
2026-07-27 22:08:10,670,51.3,68.7,1800.0,19.3
2026-07-27 22:08:12,672,50.5,69.1,1800.0,19.3
2026-07-27 22:08:13,673,51.6,69.6,1800.0,19.3
2026-07-27 22:08:14,674,51.7,68.2,1800.0,19.3
2026-07-27 22:08:15,675,51.4,69.6,1800.0,19.3
2026-07-27 22:08:16,676,51.7,68.7,1800.0,19.3
2026-07-27 22:08:17,677,51.2,68.7,1800.0,19.3
2026-07-27 22:08:18,678,50.4,69.6,1800.0,19.3
2026-07-27 22:08:19,679,51.1,70.1,1800.0,19.3
2026-07-27 22:08:20,680,51.7,68.7,1800.0,19.4
2026-07-27 22:08:21,681,51.2,67.7,1800.0,19.4
2026-07-27 22:08:22,682,51.5,68.7,1800.0,19.4
2026-07-27 22:08:23,683,51.4,68.7,1800.0,19.3
2026-07-27 22:08:24,684,50.5,68.7,1800.0,19.3
2026-07-27 22:08:25,685,50.7,69.1,1800.0,19.3
2026-07-27 22:08:26,686,51.4,69.6,1800.0,19.3
2026-07-27 22:08:27,687,51.7,67.2,1800.0,19.3
2026-07-27 22:08:28,688,51.7,69.1,1800.0,19.3
2026-07-27 22:08:29,689,51.1,70.1,1800.0,19.3
2026-07-27 22:08:30,690,50.4,69.1,1800.0,19.3
2026-07-27 22:08:31,691,51.5,69.1,1800.0,19.3
2026-07-27 22:08:32,692,52.3,68.7,1800.0,19.4
2026-07-27 22:08:33,693,51.9,70.6,1800.0,19.3
2026-07-27 22:08:34,694,50.4,68.2,1800.0,19.3
2026-07-27 22:08:35,695,51.1,70.1,1800.0,19.3
2026-07-27 22:08:36,696,51.3,69.1,1800.0,19.3
2026-07-27 22:08:37,697,51.4,68.7,1800.0,19.3
2026-07-27 22:08:39,699,51.8,67.7,1800.0,19.3
2026-07-27 22:08:40,700,51.0,70.1,1800.0,19.3
2026-07-27 22:08:41,701,50.5,69.6,1800.0,19.4
2026-07-27 22:08:42,702,51.2,69.6,1800.0,19.4
2026-07-27 22:08:43,703,52.0,68.7,1800.0,19.4
2026-07-27 22:08:44,704,51.6,69.1,1800.0,19.4
2026-07-27 22:08:45,705,51.6,68.7,1800.0,19.4
2026-07-27 22:08:46,706,51.0,68.7,1800.0,19.4
2026-07-27 22:08:47,707,49.9,69.1,1800.0,19.4
2026-07-27 22:08:48,708,51.3,69.1,1800.0,19.4
2026-07-27 22:08:49,709,52.3,68.7,1800.0,19.4
2026-07-27 22:08:50,710,52.1,68.7,1800.0,19.4
2026-07-27 22:08:51,711,51.3,69.1,1800.0,19.4
2026-07-27 22:08:52,712,50.4,67.7,1800.0,19.4
2026-07-27 22:08:53,713,50.2,68.7,1800.0,19.4
2026-07-27 22:08:54,714,51.7,69.6,1800.0,19.4
2026-07-27 22:08:55,715,52.4,68.7,1800.0,19.4
2026-07-27 22:08:56,716,52.3,69.6,1800.0,19.4
2026-07-27 22:08:57,717,50.7,68.7,1800.0,19.4
2026-07-27 22:08:58,718,50.5,68.2,1800.0,19.4
2026-07-27 22:08:59,719,50.5,69.1,1800.0,19.4
2026-07-27 22:09:00,720,51.3,68.7,1800.0,19.4
2026-07-27 22:09:01,721,52.3,68.2,1800.0,19.3
2026-07-27 22:09:02,722,52.0,69.1,1800.0,19.3
2026-07-27 22:09:03,723,50.9,69.1,1800.0,19.3
2026-07-27 22:09:04,724,51.6,69.1,1800.0,19.3
2026-07-27 22:09:05,725,51.5,69.1,1800.0,19.3
2026-07-27 22:09:07,727,50.8,69.6,1800.0,19.3
2026-07-27 22:09:08,728,51.4,69.1,1800.0,19.3
2026-07-27 22:09:09,729,51.9,69.1,1800.0,19.3
2026-07-27 22:09:10,730,50.8,69.1,1800.0,19.3
2026-07-27 22:09:11,731,51.2,69.6,1800.0,19.2
2026-07-27 22:09:12,732,51.1,69.1,1800.0,19.3
2026-07-27 22:09:13,733,50.6,68.2,1800.0,19.3
2026-07-27 22:09:14,734,51.4,69.1,1800.0,19.3
2026-07-27 22:09:15,735,51.5,70.1,1800.0,19.3
2026-07-27 22:09:16,736,51.0,69.6,1800.0,19.3
2026-07-27 22:09:17,737,51.6,68.7,1800.0,19.3
2026-07-27 22:09:18,738,51.6,68.2,1800.0,19.3
2026-07-27 22:09:19,739,51.2,68.7,1800.0,19.3
2026-07-27 22:09:20,740,51.2,69.6,1800.0,19.3
2026-07-27 22:09:21,741,51.3,69.1,1800.0,19.3
2026-07-27 22:09:22,742,51.6,69.6,1800.0,19.3
2026-07-27 22:09:23,743,51.1,69.1,1800.0,19.3
2026-07-27 22:09:24,744,51.1,68.7,1800.0,19.3
2026-07-27 22:09:25,745,51.3,67.7,1800.0,19.3
2026-07-27 22:09:26,746,51.2,68.7,1800.0,19.3
2026-07-27 22:09:27,747,51.9,70.1,1800.0,19.3
2026-07-27 22:09:28,748,51.6,68.2,1800.0,19.3
2026-07-27 22:09:29,749,51.0,68.7,1800.0,19.3
2026-07-27 22:09:30,750,51.1,69.1,1800.0,19.3
2026-07-27 22:09:31,751,51.8,68.7,1800.0,19.3
2026-07-27 22:09:32,752,51.4,70.1,1800.0,19.3
2026-07-27 22:09:33,753,52.1,68.2,1800.0,19.3
2026-07-27 22:09:35,755,51.3,68.2,1800.0,19.3
2026-07-27 22:09:36,756,50.5,69.1,1800.0,19.3
2026-07-27 22:09:37,757,51.3,68.7,1800.0,19.3
2026-07-27 22:09:38,758,51.2,69.1,1800.0,19.3
2026-07-27 22:09:39,759,51.3,68.7,1800.0,19.3
2026-07-27 22:09:40,760,51.2,69.1,1800.0,19.3
2026-07-27 22:09:41,761,51.4,68.7,1800.0,19.3
2026-07-27 22:09:42,762,51.6,68.2,1800.0,19.3
2026-07-27 22:09:43,763,51.2,68.2,1800.0,19.3
2026-07-27 22:09:44,764,51.2,68.7,1800.0,19.3
2026-07-27 22:09:45,765,51.1,68.7,1800.0,19.3
2026-07-27 22:09:46,766,51.1,69.6,1800.0,19.3
2026-07-27 22:09:47,767,51.6,71.1,1800.0,19.3
2026-07-27 22:09:48,768,51.6,68.7,1800.0,19.3
2026-07-27 22:09:49,769,50.8,69.1,1800.0,19.3
2026-07-27 22:09:50,770,51.5,69.1,1800.0,19.3
2026-07-27 22:09:51,771,51.4,68.7,1800.0,19.3
2026-07-27 22:09:52,772,51.0,68.2,1800.0,19.3
2026-07-27 22:09:53,773,51.7,68.2,1800.0,19.3
2026-07-27 22:09:54,774,51.3,69.6,1800.0,19.3
2026-07-27 22:09:55,775,51.0,68.7,1800.0,19.3
2026-07-27 22:09:56,776,51.3,69.6,1800.0,19.3
2026-07-27 22:09:57,777,51.4,68.7,1800.0,19.3
2026-07-27 22:09:58,778,51.0,68.7,1800.0,19.3
2026-07-27 22:09:59,779,51.6,69.6,1800.0,19.3
2026-07-27 22:10:00,780,51.3,67.2,1800.0,19.3
2026-07-27 22:10:01,781,50.8,69.6,1800.0,19.3
2026-07-27 22:10:03,783,51.3,68.2,1800.0,19.3
2026-07-27 22:10:04,784,51.2,70.1,1800.0,19.3
2026-07-27 22:10:05,785,51.6,68.2,1800.0,19.3
2026-07-27 22:10:06,786,51.3,69.1,1800.0,19.3
2026-07-27 22:10:07,787,51.7,68.7,1800.0,19.3
2026-07-27 22:10:08,788,51.7,69.1,1800.0,19.3
2026-07-27 22:10:09,789,50.4,68.7,1800.0,19.3
2026-07-27 22:10:10,790,51.1,68.2,1800.0,19.2
2026-07-27 22:10:11,791,51.0,69.1,1800.0,19.3
2026-07-27 22:10:12,792,51.4,70.1,1800.0,19.3
2026-07-27 22:10:13,793,51.6,68.7,1800.0,19.3
2026-07-27 22:10:14,794,51.9,68.7,1800.0,19.3
2026-07-27 22:10:15,795,50.6,69.1,1800.0,19.3
2026-07-27 22:10:16,796,51.2,70.1,1800.0,19.3
2026-07-27 22:10:17,797,51.7,68.2,1800.0,19.3
2026-07-27 22:10:18,798,51.4,68.7,1800.0,19.3
2026-07-27 22:10:19,799,51.6,69.1,1800.0,19.3
2026-07-27 22:10:20,800,51.3,69.1,1800.0,19.3
2026-07-27 22:10:21,801,50.4,68.7,1800.0,19.3
2026-07-27 22:10:22,802,51.1,68.7,1800.0,19.3
2026-07-27 22:10:23,803,28.7,67.2,1800.0,18.6
2026-07-27 22:10:24,804,1.2,66.2,1800.0,18.7
2026-07-27 22:10:25,805,1.7,64.8,675.0,18.7
2026-07-27 22:10:26,806,3.3,63.8,1800.0,18.7
2026-07-27 22:10:27,807,1.5,63.3,1800.0,18.7
2026-07-27 22:10:28,808,1.0,62.3,1800.0,18.7
2026-07-27 22:10:30,810,1.4,62.3,1800.0,18.7
2026-07-27 22:10:31,811,1.2,61.8,1800.0,18.7
2026-07-27 22:10:32,812,1.0,61.3,800.0,18.6
2026-07-27 22:10:33,813,3.3,60.4,1800.0,18.6
2026-07-27 22:10:34,814,1.4,59.9,1800.0,18.6
2026-07-27 22:10:35,815,0.7,60.9,1800.0,18.6
2026-07-27 22:10:36,816,1.5,59.9,1800.0,18.6
2026-07-27 22:10:37,817,1.2,60.4,1800.0,18.6
2026-07-27 22:10:38,818,1.2,58.9,600.0,18.6
2026-07-27 22:10:39,819,3.2,60.4,650.0,18.6
2026-07-27 22:10:40,820,3.0,59.4,600.0,18.6
2026-07-27 22:10:41,821,2.1,59.4,600.0,18.6
2026-07-27 22:10:42,822,3.0,58.9,1800.0,18.6
2026-07-27 22:10:43,823,1.4,58.9,1800.0,18.6
2026-07-27 22:10:44,824,1.7,58.9,1800.0,18.6
2026-07-27 22:10:45,825,1.0,58.4,1800.0,18.6
2026-07-27 22:10:46,826,1.5,58.4,600.0,18.6
2026-07-27 22:10:47,827,3.0,57.5,700.0,18.6
2026-07-27 22:10:48,828,2.1,57.9,600.0,18.6
2026-07-27 22:10:50,830,3.7,57.9,600.0,18.6
2026-07-27 22:10:51,831,3.2,57.0,600.0,18.6
2026-07-27 22:10:52,832,2.1,57.5,650.0,18.6
2026-07-27 22:10:53,833,6.0,57.9,1800.0,18.6
2026-07-27 22:10:54,834,1.4,57.5,1800.0,18.7
2026-07-27 22:10:55,835,1.0,57.0,1800.0,18.7
2026-07-27 22:10:56,836,1.2,57.9,1800.0,18.7
2026-07-27 22:10:57,837,1.2,57.0,1800.0,18.7
2026-07-27 22:10:58,838,0.7,57.0,600.0,18.7
2026-07-27 22:10:59,839,3.7,57.0,1800.0,18.7
2026-07-27 22:11:00,840,1.2,57.5,1800.0,18.7
2026-07-27 22:11:01,841,1.7,57.0,1800.0,18.7
2026-07-27 22:11:02,842,1.2,57.0,1800.0,18.7
2026-07-27 22:11:03,843,1.9,56.5,600.0,18.6
2026-07-27 22:11:04,844,3.5,56.5,1800.0,18.6
2026-07-27 22:11:05,845,0.7,56.5,1800.0,18.6
2026-07-27 22:11:06,846,1.5,57.0,1800.0,18.6
2026-07-27 22:11:07,847,1.7,56.0,1800.0,18.6
2026-07-27 22:11:08,848,1.0,56.5,1800.0,18.6
2026-07-27 22:11:10,850,1.2,55.0,600.0,18.6
2026-07-27 22:11:11,851,3.9,56.0,600.0,18.6
2026-07-27 22:11:12,852,2.1,54.5,600.0,18.6
2026-07-27 22:11:13,853,3.0,55.5,675.0,18.6
2026-07-27 22:11:14,854,3.3,55.5,600.0,18.7
2026-07-27 22:11:15,855,2.1,54.5,900.0,18.7
2026-07-27 22:11:16,856,3.0,55.0,600.0,18.7
2026-07-27 22:11:17,857,3.5,56.0,600.0,18.6
2026-07-27 22:11:18,858,3.7,54.5,1200.0,18.7
2026-07-27 22:11:19,859,1.2,55.0,600.0,18.6
2026-07-27 22:11:20,860,3.7,54.0,700.0,18.6
2026-07-27 22:11:21,861,3.0,54.0,600.0,18.6
2026-07-27 22:11:22,862,2.1,54.5,600.0,18.6
2026-07-27 22:11:24,864,3.5,54.0,700.0,18.6
2026-07-27 22:11:25,865,2.8,55.0,1800.0,18.7
2026-07-27 22:11:26,866,1.2,54.0,1800.0,18.7
2026-07-27 22:11:27,867,1.5,54.0,1800.0,18.7
2026-07-27 22:11:28,868,1.7,55.5,1800.0,18.7
2026-07-27 22:11:29,869,1.0,53.6,1800.0,18.7
2026-07-27 22:11:30,870,1.4,54.0,800.0,18.7
2026-07-27 22:11:31,871,3.0,54.5,600.0,18.7
2026-07-27 22:11:32,872,3.2,54.5,1200.0,18.7
2026-07-27 22:11:33,873,1.7,55.0,1800.0,18.7
2026-07-27 22:11:34,874,1.4,54.0,1800.0,18.7
2026-07-27 22:11:35,875,1.7,54.5,1800.0,18.7
2026-07-27 22:11:36,876,0.7,54.0,1800.0,18.8
2026-07-27 22:11:37,877,1.5,54.0,700.0,18.7
2026-07-27 22:11:38,878,3.3,54.5,800.0,18.7
2026-07-27 22:11:39,879,2.3,54.0,800.0,18.7
2026-07-27 22:11:40,880,3.5,54.0,1800.0,18.7
2026-07-27 22:11:41,881,1.2,55.0,1800.0,18.7
2026-07-27 22:11:42,882,0.7,54.0,1800.0,18.7
2026-07-27 22:11:43,883,1.5,54.0,1800.0,18.7
2026-07-27 22:11:45,885,1.4,54.0,1800.0,18.7
2026-07-27 22:11:46,886,1.0,53.6,750.0,18.7
2026-07-27 22:11:47,887,3.0,54.5,600.0,18.7
2026-07-27 22:11:48,888,3.2,54.5,600.0,18.6
2026-07-27 22:11:49,889,3.2,54.0,1800.0,18.6
2026-07-27 22:11:50,890,1.7,53.1,1800.0,18.7
2026-07-27 22:11:51,891,1.4,53.6,1800.0,18.7
2026-07-27 22:11:52,892,1.2,53.1,1800.0,18.7
2026-07-27 22:11:53,893,1.2,54.0,1800.0,18.7
2026-07-27 22:11:54,894,1.2,54.0,600.0,18.7
2026-07-27 22:11:55,895,3.7,54.0,600.0,18.7
2026-07-27 22:11:56,896,1.9,53.6,700.0,18.6
2026-07-27 22:11:57,897,3.9,53.6,600.0,18.7
2026-07-27 22:11:58,898,3.2,53.6,600.0,18.7
2026-07-27 22:11:59,899,2.1,53.1,600.0,18.7
2026-07-27 22:12:00,900,3.2,52.6,600.0,18.6
2026-07-27 22:12:02,902,3.5,52.1,600.0,18.6
2026-07-27 22:12:03,903,3.2,54.0,975.0,18.6
2026-07-27 22:12:04,904,1.6,53.6,1800.0,18.6
2026-07-27 22:12:05,905,1.7,52.6,1800.0,18.7
2026-07-27 22:12:06,906,1.5,53.1,1800.0,18.7
2026-07-27 22:12:07,907,1.0,53.1,1800.0,18.7
2026-07-27 22:12:08,908,1.2,54.0,600.0,18.6
2026-07-27 22:12:09,909,3.5,51.6,600.0,18.7
2026-07-27 22:12:10,910,2.1,52.1,600.0,18.7
2026-07-27 22:12:11,911,3.7,54.0,1800.0,18.7
2026-07-27 22:12:12,912,1.2,53.6,1800.0,18.7
2026-07-27 22:12:13,913,1.0,53.1,1800.0,18.6
2026-07-27 22:12:14,914,1.7,52.1,1800.0,18.6
2026-07-27 22:12:15,915,1.2,52.6,1800.0,18.7
2026-07-27 22:12:16,916,1.0,53.1,700.0,18.7
2026-07-27 22:12:17,917,3.0,53.1,1800.0,18.7
2026-07-27 22:12:18,918,1.2,53.1,1800.0,18.7
2026-07-27 22:12:19,919,1.0,52.6,1800.0,18.7
2026-07-27 22:12:20,920,1.9,53.1,1800.0,18.7
2026-07-27 22:12:22,922,1.2,52.1,600.0,18.7
2026-07-27 22:12:23,923,3.2,52.6,800.0,18.7
2026-07-27 22:12:24,924,1.9,53.1,600.0,18.7
2026-07-27 22:12:25,925,3.5,52.1,700.0,18.7
2026-07-27 22:12:26,926,3.3,52.6,600.0,18.7
2026-07-27 22:12:27,927,2.3,52.1,600.0,18.7
2026-07-27 22:12:28,928,3.2,51.6,600.0,18.7
2026-07-27 22:12:29,929,3.2,51.6,700.0,18.7
2026-07-27 22:12:30,930,1.9,52.1,600.0,18.7
2026-07-27 22:12:31,931,3.2,51.6,600.0,18.7
2026-07-27 22:12:32,932,3.5,52.1,700.0,18.7
2026-07-27 22:12:33,933,3.3,52.6,1500.0,18.7
2026-07-27 22:12:34,934,1.4,51.6,1800.0,18.8
2026-07-27 22:12:35,935,1.4,52.1,1800.0,18.8
2026-07-27 22:12:37,937,1.2,52.1,1800.0,18.7
2026-07-27 22:12:38,938,1.0,52.1,1800.0,18.7
2026-07-27 22:12:39,939,1.4,52.1,700.0,18.7
2026-07-27 22:12:40,940,3.5,52.6,600.0,18.7
2026-07-27 22:12:41,941,2.1,52.1,650.0,18.7
2026-07-27 22:12:42,942,3.2,52.6,700.0,18.7
2026-07-27 22:12:43,943,3.3,52.6,700.0,18.7
2026-07-27 22:12:44,944,1.9,51.6,600.0,18.7
2026-07-27 22:12:45,945,3.0,51.1,600.0,18.7
2026-07-27 22:12:46,946,3.5,52.6,600.0,18.7
2026-07-27 22:12:47,947,3.7,51.6,1500.0,18.8
2026-07-27 22:12:48,948,1.4,53.1,1800.0,18.8
2026-07-27 22:12:49,949,1.4,51.6,1800.0,18.8
2026-07-27 22:12:50,950,1.5,53.1,1800.0,18.8
2026-07-27 22:12:51,951,1.0,53.1,1800.0,18.8
2026-07-27 22:12:52,952,1.4,52.6,600.0,18.8
2026-07-27 22:12:54,954,3.3,51.6,1800.0,18.8
2026-07-27 22:12:55,955,1.0,52.6,1800.0,18.8
2026-07-27 22:12:56,956,1.7,52.6,1800.0,18.8
2026-07-27 22:12:57,957,1.4,52.1,1800.0,18.8
2026-07-27 22:12:58,958,0.7,52.1,1800.0,18.8
2026-07-27 22:12:59,959,1.7,51.6,600.0,18.8
2026-07-27 22:13:00,960,3.5,52.6,700.0,18.7
2026-07-27 22:13:01,961,1.9,52.1,600.0,18.8
2026-07-27 22:13:02,962,3.4,52.6,600.0,18.8
2026-07-27 22:13:03,963,3.3,51.6,600.0,18.8
2026-07-27 22:13:04,964,3.5,51.1,1200.0,18.8
2026-07-27 22:13:05,965,1.6,51.6,600.0,18.8
2026-07-27 22:13:06,966,3.5,52.1,700.0,18.8
2026-07-27 22:13:07,967,3.0,51.1,700.0,18.8
2026-07-27 22:13:08,968,1.9,51.6,700.0,18.8
2026-07-27 22:13:09,969,3.3,52.1,600.0,18.8
2026-07-27 22:13:11,971,3.2,50.6,700.0,18.8
2026-07-27 22:13:12,972,2.3,50.6,600.0,18.8
2026-07-27 22:13:13,973,3.0,50.1,600.0,18.8
2026-07-27 22:13:14,974,3.5,50.1,600.0,18.7
2026-07-27 22:13:15,975,2.1,51.1,600.0,18.7
2026-07-27 22:13:16,976,3.7,50.6,1800.0,18.7
2026-07-27 22:13:17,977,1.2,51.1,1800.0,18.7
2026-07-27 22:13:18,978,1.2,50.6,1800.0,18.7
2026-07-27 22:13:19,979,1.0,51.1,1800.0,18.7
2026-07-27 22:13:20,980,1.5,52.1,800.0,18.7
2026-07-27 22:13:21,981,3.0,51.1,725.0,18.7
2026-07-27 22:13:22,982,1.9,51.6,750.0,18.8
2026-07-27 22:13:23,983,3.5,51.1,600.0,18.8
2026-07-27 22:13:24,984,3.0,50.1,600.0,18.8
2026-07-27 22:13:26,986,2.3,49.7,600.0,18.8
2026-07-27 22:13:27,987,3.2,51.6,700.0,18.8
2026-07-27 22:13:28,988,3.0,51.1,600.0,18.8
2026-07-27 22:13:29,989,2.5,50.6,900.0,18.8
2026-07-27 22:13:30,990,2.8,50.6,1800.0,18.8
2026-07-27 22:13:31,991,1.5,51.6,1800.0,18.8
2026-07-27 22:13:32,992,1.7,50.6,1800.0,18.8
2026-07-27 22:13:33,993,1.2,51.1,1800.0,18.8
2026-07-27 22:13:34,994,1.2,50.1,600.0,18.8
2026-07-27 22:13:35,995,3.2,51.6,600.0,18.8
2026-07-27 22:13:36,996,2.1,51.1,650.0,18.8
2026-07-27 22:13:37,997,3.3,50.6,600.0,18.8
2026-07-27 22:13:38,998,3.9,49.2,700.0,18.8
2026-07-27 22:13:39,999,1.9,50.6,600.0,18.8
2026-07-27 22:13:40,1000,3.0,49.2,600.0,18.7
2026-07-27 22:13:42,1002,3.5,50.6,1800.0,18.7
2026-07-27 22:13:43,1003,1.2,51.6,1800.0,18.7
2026-07-27 22:13:44,1004,1.4,51.1,1800.0,18.7
2026-07-27 22:13:45,1005,1.2,50.1,1800.0,18.8
2026-07-27 22:13:46,1006,1.7,50.1,1800.0,18.7
2026-07-27 22:13:47,1007,1.0,50.6,600.0,18.7
2026-07-27 22:13:48,1008,3.5,50.1,1800.0,18.7
2026-07-27 22:13:49,1009,1.2,51.1,1800.0,18.7
2026-07-27 22:13:50,1010,1.0,51.6,1800.0,18.7
2026-07-27 22:13:51,1011,1.7,52.1,1800.0,18.7
2026-07-27 22:13:52,1012,1.2,51.6,1800.0,18.7
2026-07-27 22:13:53,1013,1.2,51.1,600.0,18.7
2026-07-27 22:13:54,1014,3.2,50.1,1800.0,18.7
2026-07-27 22:13:55,1015,1.4,51.1,1800.0,18.7
2026-07-27 22:13:56,1016,1.0,51.1,1800.0,18.7
2026-07-27 22:13:57,1017,1.2,50.1,1800.0,18.7
2026-07-27 22:13:58,1018,1.4,50.6,1800.0,18.7
2026-07-27 22:13:59,1019,1.2,49.7,600.0,18.7
2026-07-27 22:14:00,1020,3.0,51.1,600.0,18.6
2026-07-27 22:14:01,1021,3.7,50.1,600.0,18.6
2026-07-27 22:14:02,1022,2.5,49.2,600.0,18.7
2026-07-27 22:14:04,1024,3.2,50.6,1800.0,18.7
2026-07-27 22:14:05,1025,1.2,50.6,1800.0,18.7
2026-07-27 22:14:06,1026,1.7,51.6,1800.0,18.7
2026-07-27 22:14:07,1027,1.0,51.1,1800.0,18.7
2026-07-27 22:14:08,1028,1.2,50.1,675.0,18.7
2026-07-27 22:14:09,1029,3.3,50.1,1800.0,18.7
2026-07-27 22:14:10,1030,1.0,50.6,1800.0,18.7
2026-07-27 22:14:11,1031,1.7,51.1,1800.0,18.7
2026-07-27 22:14:12,1032,1.0,50.6,1800.0,18.7
2026-07-27 22:14:13,1033,1.2,51.6,1800.0,18.7
2026-07-27 22:14:14,1034,1.2,51.1,600.0,18.7
2026-07-27 22:14:15,1035,3.5,50.6,1800.0,18.7
2026-07-27 22:14:16,1036,1.0,50.1,1800.0,18.7
2026-07-27 22:14:17,1037,1.4,50.6,1800.0,18.7
2026-07-27 22:14:18,1038,1.5,51.1,1800.0,18.7
2026-07-27 22:14:19,1039,0.7,50.6,1800.0,18.7
2026-07-27 22:14:20,1040,1.7,50.6,600.0,18.7
2026-07-27 22:14:21,1041,3.9,50.6,600.0,18.7
2026-07-27 22:14:22,1042,3.0,49.7,600.0,18.7
2026-07-27 22:14:23,1043,2.3,51.1,1800.0,18.7
2026-07-27 22:14:25,1045,1.7,50.6,1800.0,18.7
2026-07-27 22:14:26,1046,1.5,50.6,1800.0,18.7
2026-07-27 22:14:27,1047,1.0,50.6,1800.0,18.7
2026-07-27 22:14:28,1048,1.7,50.6,750.0,18.7
2026-07-27 22:14:29,1049,3.3,50.1,600.0,18.7
2026-07-27 22:14:30,1050,1.9,50.1,600.0,18.8
2026-07-27 22:14:31,1051,3.2,49.2,700.0,18.7
2026-07-27 22:14:32,1052,3.5,50.1,700.0,18.7
2026-07-27 22:14:33,1053,1.6,50.6,600.0,18.8
2026-07-27 22:14:34,1054,3.0,49.7,600.0,18.7
2026-07-27 22:14:35,1055,3.7,50.1,1800.0,18.8
2026-07-27 22:14:36,1056,1.2,50.1,1800.0,18.8
2026-07-27 22:14:37,1057,1.4,51.1,1800.0,18.8
2026-07-27 22:14:38,1058,1.5,51.1,1800.0,18.8
2026-07-27 22:14:39,1059,1.7,50.6,1800.0,18.8
2026-07-27 22:14:40,1060,0.7,51.1,600.0,18.7
2026-07-27 22:14:41,1061,3.5,50.6,750.0,18.8
2026-07-27 22:14:43,1063,3.5,50.6,1800.0,18.8
2026-07-27 22:14:44,1064,0.7,50.6,1800.0,18.8
2026-07-27 22:14:45,1065,1.5,50.1,1800.0,18.8
2026-07-27 22:14:46,1066,1.2,50.1,1800.0,18.8
2026-07-27 22:14:47,1067,1.2,50.6,1800.0,18.8
2026-07-27 22:14:48,1068,1.5,49.7,600.0,18.8
2026-07-27 22:14:49,1069,3.7,49.7,700.0,18.7
2026-07-27 22:14:50,1070,1.6,50.1,700.0,18.7
2026-07-27 22:14:51,1071,3.5,50.1,650.0,18.7
2026-07-27 22:14:52,1072,3.0,50.6,600.0,18.8
2026-07-27 22:14:53,1073,1.9,49.2,600.0,18.8
2026-07-27 22:14:54,1074,3.5,50.1,1800.0,18.8
2026-07-27 22:14:55,1075,1.4,50.6,1800.0,18.8
2026-07-27 22:14:56,1076,1.9,49.7,1800.0,18.8
2026-07-27 22:14:57,1077,1.0,51.1,1800.0,18.8
2026-07-27 22:14:58,1078,1.5,50.1,600.0,18.7
2026-07-27 22:14:59,1079,3.5,49.7,700.0,18.7
2026-07-27 22:15:01,1081,2.1,50.1,600.0,18.8
2026-07-27 22:15:02,1082,3.2,49.7,600.0,18.8
2026-07-27 22:15:03,1083,3.2,49.2,700.0,18.8
2026-07-27 22:15:04,1084,2.3,49.7,600.0,18.8
2026-07-27 22:15:05,1085,2.8,49.7,700.0,18.8
2026-07-27 22:15:06,1086,2.8,49.7,600.0,18.8
2026-07-27 22:15:07,1087,3.0,50.1,600.0,18.8
2026-07-27 22:15:08,1088,2.8,49.7,1800.0,18.8
2026-07-27 22:15:09,1089,1.2,50.6,1800.0,18.8
2026-07-27 22:15:10,1090,1.7,50.1,1800.0,18.8
2026-07-27 22:15:11,1091,1.0,49.7,1800.0,18.8
2026-07-27 22:15:12,1092,1.4,49.7,700.0,18.8
2026-07-27 22:15:13,1093,3.5,49.2,600.0,18.8
2026-07-27 22:15:14,1094,2.3,50.6,700.0,18.8
2026-07-27 22:15:15,1095,3.0,49.7,600.0,18.8
2026-07-27 22:15:17,1097,3.5,49.7,700.0,18.8
2026-07-27 22:15:18,1098,1.9,49.2,600.0,18.8
2026-07-27 22:15:19,1099,3.2,49.2,600.0,18.8
2026-07-27 22:15:20,1100,3.2,49.2,750.0,18.8
2026-07-27 22:15:21,1101,2.8,49.7,700.0,18.8
2026-07-27 22:15:22,1102,1.9,49.7,600.0,18.8
2026-07-27 22:15:23,1103,3.5,48.7,800.0,18.8
2026-07-27 22:15:24,1104,3.3,49.2,950.0,18.8
2026-07-27 22:15:25,1105,1.4,48.7,600.0,18.8
2026-07-27 22:15:26,1106,3.7,48.2,700.0,18.8
2026-07-27 22:15:27,1107,3.0,48.7,800.0,18.8
2026-07-27 22:15:28,1108,2.1,49.2,700.0,18.8
2026-07-27 22:15:29,1109,2.8,48.2,600.0,18.8
2026-07-27 22:15:31,1111,3.7,49.2,1800.0,18.8
2026-07-27 22:15:32,1112,0.7,50.1,1800.0,18.8
2026-07-27 22:15:33,1113,1.5,49.7,1800.0,18.8
2026-07-27 22:15:34,1114,1.4,49.7,1800.0,18.7
2026-07-27 22:15:35,1115,0.7,50.1,1800.0,18.7
2026-07-27 22:15:36,1116,1.5,50.1,600.0,18.7
2026-07-27 22:15:37,1117,3.5,49.7,1800.0,18.7
2026-07-27 22:15:38,1118,1.2,50.1,1800.0,18.7
2026-07-27 22:15:39,1119,1.2,50.1,1800.0,18.7
2026-07-27 22:15:40,1120,1.2,49.7,1800.0,18.7
2026-07-27 22:15:41,1121,1.2,49.7,1800.0,18.7
2026-07-27 22:15:42,1122,0.7,50.1,600.0,18.7
2026-07-27 22:15:43,1123,3.5,49.2,600.0,18.7
2026-07-27 22:15:44,1124,3.2,49.2,600.0,18.7
2026-07-27 22:15:45,1125,2.5,48.7,600.0,18.7
2026-07-27 22:15:46,1126,3.2,49.2,800.0,18.7
2026-07-27 22:15:47,1127,2.8,48.7,800.0,18.7
2026-07-27 22:15:48,1128,2.1,49.2,600.0,18.7
2026-07-27 22:15:50,1130,3.0,48.2,600.0,18.7
2026-07-27 22:15:51,1131,3.5,48.7,1800.0,18.7
2026-07-27 22:15:52,1132,1.4,50.1,1800.0,18.7
2026-07-27 22:15:53,1133,0.7,50.1,1800.0,18.7
2026-07-27 22:15:54,1134,1.7,50.1,1800.0,18.7
2026-07-27 22:15:55,1135,1.5,51.1,1800.0,18.7
2026-07-27 22:15:56,1136,1.0,49.7,600.0,18.7
2026-07-27 22:15:57,1137,3.0,49.7,800.0,18.7
2026-07-27 22:15:58,1138,3.0,50.1,1800.0,18.7
2026-07-27 22:15:59,1139,1.2,50.1,1800.0,18.7
2026-07-27 22:16:00,1140,1.2,49.7,1800.0,18.7
2026-07-27 22:16:01,1141,1.2,49.7,1800.0,18.7
2026-07-27 22:16:02,1142,1.2,50.1,1800.0,18.7
2026-07-27 22:16:03,1143,1.4,50.1,600.0,18.7
2026-07-27 22:16:04,1144,3.9,50.1,1800.0,18.8
2026-07-27 22:16:05,1145,1.0,50.1,1800.0,18.7
2026-07-27 22:16:06,1146,1.4,50.1,1800.0,18.7
2026-07-27 22:16:07,1147,1.4,50.6,1800.0,18.7
2026-07-27 22:16:08,1148,1.0,50.1,1800.0,18.7
2026-07-27 22:16:09,1149,1.9,51.1,600.0,18.7
2026-07-27 22:16:10,1150,3.7,49.7,600.0,18.7
2026-07-27 22:16:12,1152,3.0,50.6,1500.0,18.7
2026-07-27 22:16:13,1153,1.9,49.7,1800.0,18.7
2026-07-27 22:16:14,1154,1.5,50.1,1800.0,18.7
2026-07-27 22:16:15,1155,1.2,50.6,1800.0,18.7
2026-07-27 22:16:16,1156,1.0,50.6,1800.0,18.7
2026-07-27 22:16:17,1157,1.4,50.1,600.0,18.7
2026-07-27 22:16:18,1158,3.2,49.7,600.0,18.7
2026-07-27 22:16:19,1159,2.1,48.7,600.0,18.7
2026-07-27 22:16:20,1160,3.2,50.1,1800.0,18.7
2026-07-27 22:16:21,1161,1.7,51.1,1800.0,18.7
2026-07-27 22:16:22,1162,0.7,49.7,1800.0,18.7
2026-07-27 22:16:23,1163,1.4,49.7,1800.0,18.7
2026-07-27 22:16:24,1164,1.2,49.7,1800.0,18.7
2026-07-27 22:16:25,1165,1.0,49.2,600.0,18.7
2026-07-27 22:16:26,1166,3.0,50.1,700.0,18.7
2026-07-27 22:16:27,1167,3.0,48.7,675.0,18.7
2026-07-27 22:16:28,1168,3.3,49.2,1100.0,18.7
2026-07-27 22:16:29,1169,1.2,49.2,600.0,18.7
2026-07-27 22:16:31,1171,3.5,49.2,700.0,18.7
2026-07-27 22:16:32,1172,3.3,50.1,825.0,18.7
2026-07-27 22:16:33,1173,2.1,49.7,600.0,18.7
2026-07-27 22:16:34,1174,3.2,48.2,700.0,18.7
2026-07-27 22:16:35,1175,3.3,49.7,750.0,18.7
2026-07-27 22:16:36,1176,1.9,49.7,600.0,18.7
2026-07-27 22:16:37,1177,3.0,49.2,600.0,18.7
2026-07-27 22:16:38,1178,3.2,49.2,600.0,18.7
2026-07-27 22:16:39,1179,2.5,49.7,600.0,18.7
2026-07-27 22:16:40,1180,3.9,49.2,1800.0,18.7
2026-07-27 22:16:41,1181,1.2,49.2,1800.0,18.7
2026-07-27 22:16:42,1182,1.4,50.1,1800.0,18.7
2026-07-27 22:16:43,1183,1.0,49.2,1800.0,18.7
2026-07-27 22:16:44,1184,1.2,48.7,600.0,18.7
2026-07-27 22:16:46,1186,3.5,50.1,1800.0,18.7
2026-07-27 22:16:47,1187,0.7,50.1,1800.0,18.7
2026-07-27 22:16:48,1188,1.4,49.7,1800.0,18.7
2026-07-27 22:16:49,1189,1.5,50.6,1800.0,18.8
2026-07-27 22:16:50,1190,0.7,49.7,1800.0,18.8
2026-07-27 22:16:51,1191,1.9,49.7,750.0,18.7
2026-07-27 22:16:52,1192,3.5,49.2,1800.0,18.7
2026-07-27 22:16:53,1193,0.7,49.2,1800.0,18.7
2026-07-27 22:16:54,1194,1.4,49.7,1800.0,18.7
2026-07-27 22:16:55,1195,1.4,49.7,1800.0,18.7
2026-07-27 22:16:56,1196,1.0,49.7,1800.0,18.7
2026-07-27 22:16:57,1197,1.4,49.7,600.0,18.7
2026-07-27 22:16:58,1198,3.2,49.7,700.0,18.7
2026-07-27 22:16:59,1199,2.1,50.6,600.0,18.7
2026-07-27 22:17:00,1200,3.5,50.1,1800.0,18.7
2026-07-27 22:17:01,1201,1.5,49.7,1800.0,18.7
2026-07-27 22:17:02,1202,1.2,48.7,1800.0,18.7
2026-07-27 22:17:03,1203,1.2,50.1,1800.0,18.7
2026-07-27 22:17:04,1204,1.2,49.7,600.0,18.7
2026-07-27 22:17:05,1205,3.5,50.1,1800.0,18.7
2026-07-27 22:17:06,1206,1.2,50.1,1800.0,18.7
2026-07-27 22:17:07,1207,1.2,49.7,1800.0,18.7
2026-07-27 22:17:09,1209,1.7,50.1,1800.0,18.7
2026-07-27 22:17:10,1210,1.0,49.2,1800.0,18.7
2026-07-27 22:17:11,1211,1.2,48.7,600.0,18.7
2026-07-27 22:17:12,1212,3.2,49.2,700.0,18.7
2026-07-27 22:17:13,1213,1.9,49.7,600.0,18.7
2026-07-27 22:17:14,1214,3.2,48.7,600.0,18.7
2026-07-27 22:17:15,1215,3.5,50.1,1800.0,18.7
2026-07-27 22:17:16,1216,1.2,49.7,1800.0,18.7
2026-07-27 22:17:17,1217,1.4,50.1,1800.0,18.7
2026-07-27 22:17:18,1218,1.7,49.7,1800.0,18.7
2026-07-27 22:17:19,1219,1.5,50.6,1800.0,18.7
2026-07-27 22:17:20,1220,1.0,50.1,600.0,18.7
2026-07-27 22:17:21,1221,3.5,50.6,600.0,18.7
2026-07-27 22:17:22,1222,3.7,50.6,800.0,18.7
2026-07-27 22:17:23,1223,1.7,48.7,600.0,18.7
2026-07-27 22:17:24,1224,3.5,49.2,600.0,18.7
2026-07-27 22:17:26,1226,3.7,48.7,750.0,18.7
2026-07-27 22:17:27,1227,2.1,49.2,600.0,18.8
2026-07-27 22:17:28,1228,2.8,48.7,600.0,18.8
2026-07-27 22:17:29,1229,3.5,49.2,650.0,18.7
2026-07-27 22:17:30,1230,1.9,49.7,600.0,18.7
2026-07-27 22:17:31,1231,3.5,49.2,1800.0,18.7
2026-07-27 22:17:32,1232,1.7,48.7,1800.0,18.7
2026-07-27 22:17:33,1233,1.5,49.2,1800.0,18.7
2026-07-27 22:17:34,1234,0.7,48.7,1800.0,18.7
2026-07-27 22:17:35,1235,1.4,49.2,600.0,18.7
2026-07-27 22:17:36,1236,3.5,49.7,700.0,18.7
2026-07-27 22:17:37,1237,1.7,49.2,600.0,18.7
2026-07-27 22:17:38,1238,3.2,48.7,700.0,18.7
2026-07-27 22:17:39,1239,3.5,49.7,600.0,18.7
2026-07-27 22:17:40,1240,1.9,48.7,600.0,18.7
2026-07-27 22:17:42,1242,3.0,49.2,600.0,18.7
2026-07-27 22:17:43,1243,3.5,48.7,600.0,18.7
2026-07-27 22:17:44,1244,3.0,49.2,600.0,18.7
2026-07-27 22:17:45,1245,2.6,48.7,1800.0,18.7
2026-07-27 22:17:46,1246,1.4,49.2,1800.0,18.7
2026-07-27 22:17:47,1247,1.2,50.1,1800.0,18.7
2026-07-27 22:17:48,1248,0.7,49.2,1800.0,18.7
2026-07-27 22:17:49,1249,1.4,48.2,700.0,18.7
2026-07-27 22:17:50,1250,3.5,48.7,600.0,18.7
2026-07-27 22:17:51,1251,2.1,48.7,600.0,18.7
2026-07-27 22:17:52,1252,3.7,48.7,700.0,18.7
2026-07-27 22:17:53,1253,3.7,48.2,800.0,18.7
2026-07-27 22:17:54,1254,1.9,48.7,700.0,18.7
2026-07-27 22:17:55,1255,2.8,48.2,600.0,18.7
2026-07-27 22:17:56,1256,3.7,48.2,600.0,18.7
2026-07-27 22:17:58,1258,3.2,47.7,900.0,18.6
2026-07-27 22:17:59,1259,1.9,49.2,1800.0,18.6
2026-07-27 22:18:00,1260,1.5,49.2,1800.0,18.7
2026-07-27 22:18:01,1261,1.4,49.2,1800.0,18.7
2026-07-27 22:18:02,1262,0.7,49.7,1800.0,18.7
2026-07-27 22:18:03,1263,1.7,48.7,600.0,18.7
2026-07-27 22:18:04,1264,3.7,48.7,600.0,18.7
2026-07-27 22:18:05,1265,2.3,48.7,700.0,18.6
2026-07-27 22:18:06,1266,3.3,49.2,1800.0,18.7
2026-07-27 22:18:07,1267,1.5,48.7,1800.0,18.7
2026-07-27 22:18:08,1268,1.0,49.7,1800.0,18.7
2026-07-27 22:18:09,1269,1.5,49.7,1800.0,18.7
2026-07-27 22:18:10,1270,1.4,49.7,1800.0,18.7
2026-07-27 22:18:11,1271,1.4,47.7,600.0,18.7
2026-07-27 22:18:12,1272,3.2,47.7,600.0,18.7
2026-07-27 22:18:13,1273,3.5,48.7,750.0,18.7
2026-07-27 22:18:14,1274,3.3,48.7,900.0,18.7
2026-07-27 22:18:16,1276,1.7,47.7,600.0,18.7
2026-07-27 22:18:17,1277,3.2,48.7,600.0,18.7
2026-07-27 22:18:18,1278,3.2,48.7,1800.0,18.7
2026-07-27 22:18:19,1279,1.2,48.7,1800.0,18.7
2026-07-27 22:18:20,1280,1.2,48.7,1800.0,18.7
2026-07-27 22:18:21,1281,1.9,48.7,1800.0,18.7
2026-07-27 22:18:22,1282,0.7,49.2,1800.0,18.7
2026-07-27 22:18:23,1283,1.5,49.2,600.0,18.7
2026-07-27 22:18:24,1284,3.7,48.7,600.0,18.7
2026-07-27 22:18:25,1285,2.1,48.2,600.0,18.7
2026-07-27 22:18:26,1286,3.0,48.2,600.0,18.7
2026-07-27 22:18:27,1287,3.7,48.2,600.0,18.7
2026-07-27 22:18:28,1288,3.5,48.2,1800.0,18.7
2026-07-27 22:18:29,1289,1.9,47.7,1800.0,18.7
2026-07-27 22:18:30,1290,1.2,47.7,1800.0,18.7
2026-07-27 22:18:31,1291,1.4,49.2,1800.0,18.7
2026-07-27 22:18:32,1292,1.0,48.7,1800.0,18.7
2026-07-27 22:18:33,1293,1.7,48.2,600.0,18.7
2026-07-27 22:18:35,1295,3.5,47.7,600.0,18.7
2026-07-27 22:18:36,1296,2.3,46.7,800.0,18.7
2026-07-27 22:18:37,1297,2.8,47.7,600.0,18.7
2026-07-27 22:18:38,1298,3.0,47.7,600.0,18.7
2026-07-27 22:18:39,1299,2.3,46.7,600.0,18.7
2026-07-27 22:18:40,1300,2.8,48.2,600.0,18.7
2026-07-27 22:18:41,1301,3.0,47.7,650.0,18.7
2026-07-27 22:18:42,1302,3.7,48.2,1200.0,18.7
2026-07-27 22:18:43,1303,1.4,48.2,1800.0,18.7
2026-07-27 22:18:44,1304,1.5,49.7,1800.0,18.7
2026-07-27 22:18:45,1305,1.4,49.2,1800.0,18.8
2026-07-27 22:18:46,1306,1.0,48.7,1800.0,18.7
2026-07-27 22:18:47,1307,1.5,47.7,600.0,18.7
2026-07-27 22:18:48,1308,3.5,48.7,600.0,18.7
2026-07-27 22:18:50,1310,2.5,47.7,600.0,18.7
2026-07-27 22:18:51,1311,3.5,47.7,600.0,18.7
2026-07-27 22:18:52,1312,3.5,47.7,600.0,18.7
2026-07-27 22:18:53,1313,2.3,47.7,750.0,18.7
2026-07-27 22:18:54,1314,2.8,47.7,600.0,18.7
2026-07-27 22:18:55,1315,3.7,48.7,800.0,18.7
2026-07-27 22:18:56,1316,2.8,48.7,1100.0,18.7
2026-07-27 22:18:57,1317,1.4,47.7,600.0,18.7
2026-07-27 22:18:58,1318,3.5,47.7,600.0,18.7
2026-07-27 22:18:59,1319,3.3,47.7,1800.0,18.7
2026-07-27 22:19:00,1320,0.7,48.2,1800.0,18.7
2026-07-27 22:19:01,1321,1.7,47.7,1800.0,18.7
2026-07-27 22:19:02,1322,1.7,49.7,1800.0,18.7
2026-07-27 22:19:03,1323,1.0,48.2,1800.0,18.8
2026-07-27 22:19:04,1324,1.5,48.7,600.0,18.8
2026-07-27 22:19:05,1325,3.5,47.7,1800.0,18.8
2026-07-27 22:19:07,1327,1.0,48.7,1800.0,18.8
2026-07-27 22:19:08,1328,1.4,48.2,1800.0,18.8
2026-07-27 22:19:09,1329,1.2,48.7,1800.0,18.8
2026-07-27 22:19:10,1330,0.7,46.7,1800.0,18.8
2026-07-27 22:19:11,1331,1.4,48.2,600.0,18.8
2026-07-27 22:19:12,1332,3.5,47.2,600.0,18.8
2026-07-27 22:19:13,1333,1.9,47.7,600.0,18.8
2026-07-27 22:19:14,1334,3.2,48.2,1800.0,18.8
2026-07-27 22:19:15,1335,1.9,48.2,1800.0,18.8
2026-07-27 22:19:16,1336,1.2,49.2,1800.0,18.8
2026-07-27 22:19:17,1337,1.0,48.2,1800.0,18.8
2026-07-27 22:19:18,1338,1.4,48.2,600.0,18.8
2026-07-27 22:19:19,1339,3.5,47.7,600.0,18.8
2026-07-27 22:19:20,1340,2.3,47.7,800.0,18.7
2026-07-27 22:19:21,1341,3.5,48.2,600.0,18.8
2026-07-27 22:19:22,1342,3.2,47.7,1800.0,18.8
2026-07-27 22:19:23,1343,1.0,48.2,1800.0,18.8
2026-07-27 22:19:24,1344,1.2,47.7,1800.0,18.8
2026-07-27 22:19:25,1345,1.5,48.7,1800.0,18.8
2026-07-27 22:19:27,1347,1.2,47.7,1800.0,18.8
2026-07-27 22:19:28,1348,1.4,46.7,600.0,18.8
2026-07-27 22:19:29,1349,3.7,47.7,1800.0,18.8
2026-07-27 22:19:30,1350,1.0,48.2,1800.0,18.7
2026-07-27 22:19:31,1351,1.4,48.2,1800.0,18.7
2026-07-27 22:19:32,1352,1.2,47.7,1800.0,18.7
2026-07-27 22:19:33,1353,1.4,48.7,1800.0,18.7
2026-07-27 22:19:34,1354,1.0,47.2,600.0,18.7
2026-07-27 22:19:35,1355,3.5,46.3,750.0,18.7
2026-07-27 22:19:36,1356,3.3,48.2,1200.0,18.8
2026-07-27 22:19:37,1357,1.2,47.7,600.0,18.7
2026-07-27 22:19:38,1358,3.2,48.7,1800.0,18.7
2026-07-27 22:19:39,1359,1.7,48.7,1800.0,18.7
2026-07-27 22:19:40,1360,0.7,47.7,1800.0,18.7
2026-07-27 22:19:41,1361,1.7,48.2,1800.0,18.7
2026-07-27 22:19:42,1362,1.2,47.7,1800.0,18.7
2026-07-27 22:19:43,1363,1.0,48.2,600.0,18.7
2026-07-27 22:19:44,1364,3.7,48.7,1800.0,18.7
2026-07-27 22:19:45,1365,1.5,48.7,1800.0,18.7
2026-07-27 22:19:46,1366,0.7,48.2,1800.0,18.7
2026-07-27 22:19:47,1367,1.7,47.7,1800.0,18.8
2026-07-27 22:19:49,1369,1.7,48.2,1800.0,18.8
2026-07-27 22:19:50,1370,1.0,47.7,600.0,18.7
2026-07-27 22:19:51,1371,3.0,48.7,600.0,18.8
2026-07-27 22:19:52,1372,3.5,48.2,1800.0,18.7
2026-07-27 22:19:53,1373,1.5,47.7,1800.0,18.8
2026-07-27 22:19:54,1374,1.2,49.2,1800.0,18.8
2026-07-27 22:19:55,1375,1.2,48.2,1800.0,18.8
2026-07-27 22:19:56,1376,1.7,47.7,1800.0,18.8
2026-07-27 22:19:57,1377,1.4,47.7,600.0,18.7
2026-07-27 22:19:58,1378,2.8,47.2,600.0,18.7
2026-07-27 22:19:59,1379,3.2,47.7,600.0,18.7
2026-07-27 22:20:00,1380,1.9,47.2,750.0,18.7
2026-07-27 22:20:01,1381,3.0,47.7,600.0,18.7
2026-07-27 22:20:02,1382,3.5,47.2,700.0,18.7
2026-07-27 22:20:03,1383,2.1,46.7,600.0,18.7
2026-07-27 22:20:04,1384,3.0,46.7,1800.0,18.7
2026-07-27 22:20:05,1385,1.4,47.2,1800.0,18.7
2026-07-27 22:20:07,1387,1.5,47.7,1800.0,18.7
2026-07-27 22:20:08,1388,1.0,47.2,1800.0,18.7
2026-07-27 22:20:09,1389,1.4,48.7,600.0,18.7
2026-07-27 22:20:10,1390,3.0,47.7,700.0,18.7
2026-07-27 22:20:11,1391,1.9,48.2,700.0,18.7
2026-07-27 22:20:12,1392,2.8,48.2,600.0,18.7
2026-07-27 22:20:13,1393,3.5,47.7,800.0,18.7
2026-07-27 22:20:14,1394,1.9,47.2,600.0,18.7
2026-07-27 22:20:15,1395,3.7,47.2,600.0,18.7
2026-07-27 22:20:16,1396,3.2,46.3,1800.0,18.7
2026-07-27 22:20:17,1397,1.0,47.7,1800.0,18.8
2026-07-27 22:20:18,1398,1.9,47.2,1800.0,18.7
2026-07-27 22:20:19,1399,1.5,47.7,1800.0,18.7
2026-07-27 22:20:20,1400,1.2,47.7,1800.0,18.7
2026-07-27 22:20:21,1401,1.2,47.7,600.0,18.7
2026-07-27 22:20:22,1402,3.7,47.7,600.0,18.7
2026-07-27 22:20:24,1404,3.7,46.7,1200.0,18.7
2026-07-27 22:20:25,1405,1.2,46.7,600.0,18.7
2026-07-27 22:20:26,1406,2.8,46.3,600.0,18.7
2026-07-27 22:20:27,1407,3.2,46.7,800.0,18.7
2026-07-27 22:20:28,1408,2.1,46.3,700.0,18.7
2026-07-27 22:20:29,1409,3.0,46.7,700.0,18.7
2026-07-27 22:20:30,1410,3.0,47.2,1800.0,18.7
2026-07-27 22:20:31,1411,1.0,46.3,1800.0,18.7
2026-07-27 22:20:32,1412,1.2,47.7,1800.0,18.7
2026-07-27 22:20:33,1413,1.4,47.7,1800.0,18.7
2026-07-27 22:20:34,1414,0.7,47.2,1800.0,18.8
2026-07-27 22:20:35,1415,1.4,47.2,600.0,18.7
2026-07-27 22:20:36,1416,4.1,46.7,1800.0,18.8
2026-07-27 22:20:37,1417,1.0,47.2,1800.0,18.7
2026-07-27 22:20:38,1418,1.5,47.2,1800.0,18.7
2026-07-27 22:20:39,1419,1.5,47.7,1800.0,18.8
2026-07-27 22:20:40,1420,1.4,47.7,1800.0,18.8
2026-07-27 22:20:41,1421,1.0,47.7,800.0,18.7
2026-07-27 22:20:42,1422,3.3,47.2,1800.0,18.7
2026-07-27 22:20:43,1423,1.2,47.2,1800.0,18.8
2026-07-27 22:20:45,1425,1.0,47.2,1800.0,18.8
2026-07-27 22:20:46,1426,1.7,48.7,1800.0,18.8
2026-07-27 22:20:47,1427,1.4,47.7,1800.0,18.8
2026-07-27 22:20:48,1428,1.0,46.3,600.0,18.7
2026-07-27 22:20:49,1429,3.7,46.7,650.0,18.7
2026-07-27 22:20:50,1430,3.0,47.7,650.0,18.7
2026-07-27 22:20:51,1431,2.3,47.7,600.0,18.7
2026-07-27 22:20:52,1432,2.6,46.7,700.0,18.7
2026-07-27 22:20:53,1433,3.3,47.2,600.0,18.7
2026-07-27 22:20:54,1434,2.5,46.7,600.0,18.7
2026-07-27 22:20:55,1435,3.0,46.3,1800.0,18.7
2026-07-27 22:20:56,1436,1.2,47.2,1800.0,18.7
2026-07-27 22:20:57,1437,1.7,47.7,1800.0,18.7
2026-07-27 22:20:58,1438,1.0,47.2,1800.0,18.7
2026-07-27 22:20:59,1439,1.4,47.7,600.0,18.7
2026-07-27 22:21:00,1440,3.5,47.7,1800.0,18.7
2026-07-27 22:21:01,1441,0.7,47.2,1800.0,18.7
2026-07-27 22:21:03,1443,1.7,46.7,1800.0,18.7
2026-07-27 22:21:04,1444,1.4,47.2,1800.0,18.7
2026-07-27 22:21:05,1445,0.7,47.7,1800.0,18.7
2026-07-27 22:21:06,1446,1.4,47.7,700.0,18.7
2026-07-27 22:21:07,1447,2.8,47.7,700.0,18.7
2026-07-27 22:21:08,1448,2.1,46.7,600.0,18.7
2026-07-27 22:21:09,1449,2.8,47.2,600.0,18.7
2026-07-27 22:21:10,1450,3.5,46.7,600.0,18.7
2026-07-27 22:21:11,1451,3.5,46.7,1800.0,18.7
2026-07-27 22:21:12,1452,1.0,47.7,1800.0,18.7
2026-07-27 22:21:13,1453,1.4,47.2,1800.0,18.7
2026-07-27 22:21:14,1454,1.2,46.3,1800.0,18.7
2026-07-27 22:21:15,1455,1.0,47.7,1800.0,18.7
2026-07-27 22:21:16,1456,1.2,47.2,600.0,18.7
2026-07-27 22:21:17,1457,3.2,46.7,600.0,18.7
2026-07-27 22:21:18,1458,2.1,47.2,700.0,18.7
2026-07-27 22:21:19,1459,3.0,45.8,650.0,18.7
2026-07-27 22:21:21,1461,3.3,47.2,600.0,18.7
2026-07-27 22:21:22,1462,2.1,46.3,750.0,18.7
2026-07-27 22:21:23,1463,3.0,46.7,600.0,18.7
2026-07-27 22:21:24,1464,3.0,46.7,800.0,18.7
2026-07-27 22:21:25,1465,2.1,47.7,600.0,18.7
2026-07-27 22:21:26,1466,3.0,45.8,1800.0,18.7
2026-07-27 22:21:27,1467,1.7,46.3,1800.0,18.7
2026-07-27 22:21:28,1468,1.2,46.7,1800.0,18.7
2026-07-27 22:21:29,1469,0.7,48.2,1800.0,18.7
2026-07-27 22:21:30,1470,1.4,46.7,750.0,18.7
2026-07-27 22:21:31,1471,3.5,46.3,600.0,18.7
2026-07-27 22:21:32,1472,2.3,46.7,600.0,18.7
2026-07-27 22:21:33,1473,3.3,46.3,600.0,18.7
2026-07-27 22:21:34,1474,3.0,46.7,600.0,18.7
2026-07-27 22:21:35,1475,2.8,46.3,600.0,18.7
2026-07-27 22:21:37,1477,2.6,46.7,600.0,18.7
2026-07-27 22:21:38,1478,3.5,47.2,700.0,18.7
2026-07-27 22:21:39,1479,2.8,46.3,600.0,18.7
2026-07-27 22:21:40,1480,2.3,46.7,1800.0,18.7
2026-07-27 22:21:41,1481,1.4,46.7,1800.0,18.8
2026-07-27 22:21:42,1482,1.2,46.7,1800.0,18.8
2026-07-27 22:21:43,1483,1.0,46.7,1800.0,18.8
2026-07-27 22:21:44,1484,1.4,46.7,600.0,18.7
2026-07-27 22:21:45,1485,3.5,46.7,600.0,18.7
2026-07-27 22:21:46,1486,2.1,46.3,700.0,18.8
2026-07-27 22:21:47,1487,3.3,46.3,1800.0,18.8
2026-07-27 22:21:48,1488,1.2,47.7,1800.0,18.8
2026-07-27 22:21:49,1489,1.2,46.7,1800.0,18.8
2026-07-27 22:21:50,1490,1.0,47.7,1800.0,18.8
2026-07-27 22:21:51,1491,1.7,46.7,1800.0,18.8
2026-07-27 22:21:52,1492,0.7,46.7,700.0,18.8
2026-07-27 22:21:53,1493,3.0,46.7,600.0,18.8
2026-07-27 22:21:55,1495,3.2,47.7,700.0,18.8
2026-07-27 22:21:56,1496,2.8,46.7,600.0,18.8
2026-07-27 22:21:57,1497,2.6,46.3,1800.0,18.8
2026-07-27 22:21:58,1498,1.2,48.2,1800.0,18.8
2026-07-27 22:21:59,1499,1.9,46.7,1800.0,18.8
2026-07-27 22:22:00,1500,0.7,47.2,1800.0,18.7
2026-07-27 22:22:01,1501,1.4,47.2,600.0,18.7
2026-07-27 22:22:02,1502,3.2,46.7,600.0,18.7
2026-07-27 22:22:03,1503,2.3,46.7,600.0,18.7
2026-07-27 22:22:04,1504,3.2,47.2,600.0,18.7
2026-07-27 22:22:05,1505,3.0,47.2,600.0,18.7
2026-07-27 22:22:06,1506,2.3,46.3,675.0,18.7
2026-07-27 22:22:07,1507,2.8,46.3,600.0,18.7
2026-07-27 22:22:08,1508,3.7,46.7,700.0,18.7
2026-07-27 22:22:09,1509,3.0,46.7,1800.0,18.7
2026-07-27 22:22:11,1511,1.4,46.7,1800.0,18.7
2026-07-27 22:22:12,1512,1.2,46.7,1800.0,18.7
2026-07-27 22:22:13,1513,1.4,47.2,1800.0,18.7
2026-07-27 22:22:14,1514,0.7,46.3,1800.0,18.7
2026-07-27 22:22:15,1515,1.5,47.7,700.0,18.7
2026-07-27 22:22:16,1516,3.0,45.8,700.0,18.7
2026-07-27 22:22:17,1517,1.9,46.7,700.0,18.7
2026-07-27 22:22:18,1518,3.5,45.8,600.0,18.7
2026-07-27 22:22:19,1519,3.2,46.3,700.0,18.7
2026-07-27 22:22:20,1520,1.9,45.3,600.0,18.7
2026-07-27 22:22:21,1521,3.2,45.8,600.0,18.7
2026-07-27 22:22:22,1522,3.7,46.3,600.0,18.7
2026-07-27 22:22:23,1523,3.3,46.3,1200.0,18.7
2026-07-27 22:22:24,1524,1.0,45.3,600.0,18.7
2026-07-27 22:22:25,1525,3.2,45.3,600.0,18.7
2026-07-27 22:22:27,1527,3.0,46.3,600.0,18.7
2026-07-27 22:22:28,1528,2.3,45.3,600.0,18.7
2026-07-27 22:22:29,1529,3.5,47.2,600.0,18.7
2026-07-27 22:22:30,1530,3.2,44.8,600.0,18.7
2026-07-27 22:22:31,1531,1.9,46.3,600.0,18.7
2026-07-27 22:22:32,1532,3.2,45.8,600.0,18.8
2026-07-27 22:22:33,1533,3.5,46.7,750.0,18.8
2026-07-27 22:22:34,1534,2.1,46.3,600.0,18.8
2026-07-27 22:22:35,1535,3.5,45.8,1800.0,18.8
2026-07-27 22:22:36,1536,1.4,45.3,1800.0,18.7
2026-07-27 22:22:37,1537,1.5,45.8,1800.0,18.7
2026-07-27 22:22:38,1538,0.7,45.8,1800.0,18.7
2026-07-27 22:22:39,1539,1.4,46.7,600.0,18.7
2026-07-27 22:22:40,1540,3.5,46.3,1800.0,18.7
2026-07-27 22:22:41,1541,1.2,46.7,1800.0,18.8
2026-07-27 22:22:42,1542,1.2,46.3,1800.0,18.8
2026-07-27 22:22:44,1544,1.7,47.2,1800.0,18.8
2026-07-27 22:22:45,1545,1.2,46.3,1800.0,18.8
2026-07-27 22:22:46,1546,1.5,46.3,600.0,18.8
2026-07-27 22:22:47,1547,3.0,47.2,800.0,18.8
2026-07-27 22:22:48,1548,2.1,45.8,600.0,18.8
2026-07-27 22:22:49,1549,2.8,46.3,600.0,18.8
2026-07-27 22:22:50,1550,3.2,46.3,1800.0,18.8
2026-07-27 22:22:51,1551,1.0,46.3,1800.0,18.8
2026-07-27 22:22:52,1552,1.7,45.8,1800.0,18.8
2026-07-27 22:22:53,1553,1.4,46.7,1800.0,18.8
2026-07-27 22:22:54,1554,1.5,47.2,1800.0,18.8
2026-07-27 22:22:55,1555,1.0,45.8,600.0,18.7
2026-07-27 22:22:56,1556,3.2,46.3,600.0,18.7
2026-07-27 22:22:57,1557,3.2,45.8,700.0,18.7
2026-07-27 22:22:58,1558,1.7,45.3,600.0,18.7
2026-07-27 22:22:59,1559,3.5,46.3,700.0,18.7
2026-07-27 22:23:00,1560,3.0,45.8,1800.0,18.7
2026-07-27 22:23:02,1562,1.0,45.3,1800.0,18.7
2026-07-27 22:23:03,1563,1.2,46.3,1800.0,18.8
2026-07-27 22:23:04,1564,1.7,46.3,1800.0,18.7
2026-07-27 22:23:05,1565,0.7,46.7,1800.0,18.7
2026-07-27 22:23:06,1566,1.4,46.3,600.0,18.7
2026-07-27 22:23:07,1567,3.5,45.8,600.0,18.7
2026-07-27 22:23:08,1568,2.1,45.3,600.0,18.7
2026-07-27 22:23:09,1569,3.2,45.3,1800.0,18.7
2026-07-27 22:23:10,1570,1.7,45.8,1800.0,18.8
2026-07-27 22:23:11,1571,1.2,46.3,1800.0,18.8
2026-07-27 22:23:12,1572,1.2,47.2,1800.0,18.8
2026-07-27 22:23:13,1573,1.5,46.3,600.0,18.7
2026-07-27 22:23:14,1574,3.2,45.3,700.0,18.7
2026-07-27 22:23:15,1575,2.1,45.8,600.0,18.7
2026-07-27 22:23:16,1576,3.5,46.3,1800.0,18.7
2026-07-27 22:23:17,1577,1.2,46.7,1800.0,18.7
2026-07-27 22:23:18,1578,0.7,46.7,1800.0,18.7
2026-07-27 22:23:19,1579,1.7,46.3,1800.0,18.7
2026-07-27 22:23:20,1580,1.5,47.2,1800.0,18.7
2026-07-27 22:23:21,1581,0.7,45.8,600.0,18.7
2026-07-27 22:23:23,1583,3.0,45.8,750.0,18.7
2026-07-27 22:23:24,1584,3.3,46.3,600.0,18.7
2026-07-27 22:23:25,1585,2.3,45.8,800.0,18.7
2026-07-27 22:23:26,1586,2.8,45.3,600.0,18.7
2026-07-27 22:23:27,1587,3.2,45.8,600.0,18.7
2026-07-27 22:23:28,1588,3.5,46.3,1800.0,18.7
2026-07-27 22:23:29,1589,1.0,46.3,1800.0,18.7
2026-07-27 22:23:30,1590,1.7,45.8,1800.0,18.7
2026-07-27 22:23:31,1591,1.2,46.7,1800.0,18.7
2026-07-27 22:23:32,1592,1.0,46.3,1800.0,18.7
2026-07-27 22:23:33,1593,1.4,46.3,600.0,18.7
2026-07-27 22:23:34,1594,3.5,46.3,600.0,18.7
2026-07-27 22:23:35,1595,1.9,45.8,600.0,18.7
2026-07-27 22:23:36,1596,3.0,45.8,600.0,18.7
2026-07-27 22:23:37,1597,3.2,45.8,1800.0,18.7
2026-07-27 22:23:39,1599,1.0,46.3,1800.0,18.7
2026-07-27 22:23:40,1600,1.5,46.3,1800.0,18.7
2026-07-27 22:23:41,1601,1.7,46.7,1800.0,18.7
2026-07-27 22:23:42,1602,1.0,46.3,1800.0,18.7
2026-07-27 22:23:43,1603,1.9,47.2,700.0,18.7
2026-07-27 22:23:44,1604,3.3,46.7,1800.0,18.7
2026-07-27 22:23:45,1605,1.4,46.3,1800.0,18.8
2026-07-27 22:23:46,1606,1.0,46.7,1800.0,18.8
2026-07-27 22:23:47,1607,1.2,45.8,1800.0,18.8
2026-07-27 22:23:48,1608,1.5,45.8,1800.0,18.8
2026-07-27 22:23:49,1609,1.2,46.3,600.0,18.8
2026-07-27 22:23:50,1610,3.2,46.3,800.0,18.7
2026-07-27 22:23:51,1611,3.3,45.8,700.0,18.7
2026-07-27 22:23:52,1612,2.1,46.7,600.0,18.7
2026-07-27 22:23:53,1613,3.2,45.8,600.0,18.7
2026-07-27 22:23:54,1614,3.5,46.7,1800.0,18.8
2026-07-27 22:23:55,1615,0.7,45.8,1800.0,18.8
2026-07-27 22:23:56,1616,1.7,45.3,1800.0,18.8
2026-07-27 22:23:57,1617,1.4,46.3,1800.0,18.8
2026-07-27 22:23:58,1618,1.0,46.3,1800.0,18.8
2026-07-27 22:24:00,1620,1.2,45.8,600.0,18.8
2026-07-27 22:24:01,1621,3.7,45.8,725.0,18.8
2026-07-27 22:24:02,1622,2.8,46.7,900.0,18.8
2026-07-27 22:24:03,1623,1.4,46.3,600.0,18.8
2026-07-27 22:24:04,1624,2.8,45.8,700.0,18.8
2026-07-27 22:24:05,1625,3.0,45.3,600.0,18.8
2026-07-27 22:24:06,1626,2.5,46.3,600.0,18.8
2026-07-27 22:24:07,1627,3.0,46.3,1800.0,18.8
2026-07-27 22:24:08,1628,1.5,45.3,1800.0,18.8
2026-07-27 22:24:09,1629,1.2,45.3,1800.0,18.8
2026-07-27 22:24:10,1630,1.4,44.3,1800.0,18.8
2026-07-27 22:24:11,1631,1.2,46.7,1800.0,18.8
2026-07-27 22:24:12,1632,1.4,45.3,600.0,18.8
2026-07-27 22:24:13,1633,2.8,46.7,600.0,18.8
2026-07-27 22:24:14,1634,3.7,44.8,700.0,18.8
2026-07-27 22:24:15,1635,2.6,45.8,1500.0,18.8
2026-07-27 22:24:17,1637,1.9,46.3,1800.0,18.7
2026-07-27 22:24:18,1638,1.2,46.3,1800.0,18.7
2026-07-27 22:24:19,1639,1.2,46.3,1800.0,18.7
2026-07-27 22:24:20,1640,1.0,47.7,1800.0,18.7
2026-07-27 22:24:21,1641,1.2,45.3,600.0,18.8
2026-07-27 22:24:22,1642,3.5,46.3,1800.0,18.8
2026-07-27 22:24:23,1643,1.0,46.3,1800.0,18.7
2026-07-27 22:24:24,1644,1.5,46.3,1800.0,18.7
2026-07-27 22:24:25,1645,1.2,46.7,1800.0,18.7
2026-07-27 22:24:26,1646,1.2,46.3,1800.0,18.7
2026-07-27 22:24:27,1647,1.5,45.8,600.0,18.7
2026-07-27 22:24:28,1648,3.2,46.3,600.0,18.7
2026-07-27 22:24:29,1649,2.3,44.8,675.0,18.7
2026-07-27 22:24:30,1650,3.0,46.7,600.0,18.7
2026-07-27 22:24:31,1651,3.7,44.8,800.0,18.7
2026-07-27 22:24:32,1652,2.6,45.3,700.0,18.7
2026-07-27 22:24:33,1653,2.1,45.8,1800.0,18.7
2026-07-27 22:24:34,1654,1.5,45.3,1800.0,18.7
2026-07-27 22:24:35,1655,1.4,45.8,1800.0,18.7
2026-07-27 22:24:37,1657,1.0,47.2,1800.0,18.8
2026-07-27 22:24:38,1658,1.4,46.3,600.0,18.8
2026-07-27 22:24:39,1659,3.5,46.3,1800.0,18.7
2026-07-27 22:24:40,1660,1.0,46.3,1800.0,18.7
2026-07-27 22:24:41,1661,1.4,45.8,1800.0,18.7
2026-07-27 22:24:42,1662,1.5,45.8,1800.0,18.7
2026-07-27 22:24:43,1663,1.2,46.3,1800.0,18.7
2026-07-27 22:24:44,1664,1.2,46.3,600.0,18.7
2026-07-27 22:24:45,1665,3.7,45.8,1800.0,18.7
2026-07-27 22:24:46,1666,1.0,46.7,1800.0,18.7
2026-07-27 22:24:47,1667,1.2,46.7,1800.0,18.7
2026-07-27 22:24:48,1668,1.5,46.7,1800.0,18.7
2026-07-27 22:24:49,1669,1.0,46.7,1800.0,18.7
2026-07-27 22:24:50,1670,1.2,45.8,600.0,18.7
2026-07-27 22:24:51,1671,3.0,45.8,600.0,18.7
2026-07-27 22:24:52,1672,3.5,46.7,1800.0,18.7
2026-07-27 22:24:53,1673,1.4,45.8,1800.0,18.7
2026-07-27 22:24:54,1674,1.7,46.7,1800.0,18.7
2026-07-27 22:24:55,1675,1.2,46.3,1800.0,18.7
2026-07-27 22:24:56,1676,1.2,46.3,1800.0,18.7
2026-07-27 22:24:57,1677,1.4,46.7,800.0,18.7
2026-07-27 22:24:59,1679,2.8,46.3,600.0,18.7
2026-07-27 22:25:00,1680,2.5,45.8,675.0,18.7
2026-07-27 22:25:01,1681,3.5,46.3,600.0,18.7
2026-07-27 22:25:02,1682,3.2,46.3,600.0,18.6
2026-07-27 22:25:03,1683,2.8,45.8,700.0,18.7
2026-07-27 22:25:04,1684,2.8,46.3,1800.0,18.7
2026-07-27 22:25:05,1685,1.5,46.3,1800.0,18.7
2026-07-27 22:25:06,1686,0.7,46.3,1800.0,18.7
2026-07-27 22:25:07,1687,1.4,45.3,1800.0,18.7
2026-07-27 22:25:08,1688,1.2,45.8,600.0,18.6
2026-07-27 22:25:09,1689,3.2,45.3,1200.0,18.6
2026-07-27 22:25:10,1690,1.2,45.8,600.0,18.7
2026-07-27 22:25:11,1691,3.5,44.8,700.0,18.7
2026-07-27 22:25:12,1692,3.3,46.3,600.0,18.7
2026-07-27 22:25:13,1693,2.1,44.8,600.0,18.7
2026-07-27 22:25:15,1695,3.5,45.3,700.0,18.7
2026-07-27 22:25:16,1696,3.3,45.3,600.0,18.7
2026-07-27 22:25:17,1697,2.3,45.3,600.0,18.7
2026-07-27 22:25:18,1698,2.8,46.3,800.0,18.7
2026-07-27 22:25:19,1699,3.0,45.3,600.0,18.7
2026-07-27 22:25:20,1700,3.2,44.3,900.0,18.6
2026-07-27 22:25:21,1701,1.6,46.3,1800.0,18.7
2026-07-27 22:25:22,1702,1.7,45.8,1800.0,18.7
2026-07-27 22:25:23,1703,1.4,45.8,1800.0,18.7
2026-07-27 22:25:24,1704,0.7,46.3,1800.0,18.7
2026-07-27 22:25:25,1705,1.7,45.3,600.0,18.7
2026-07-27 22:25:26,1706,3.9,45.8,600.0,18.7
2026-07-27 22:25:27,1707,2.1,45.8,600.0,18.7
2026-07-27 22:25:28,1708,3.2,45.8,600.0,18.7
2026-07-27 22:25:29,1709,3.2,45.3,600.0,18.7
2026-07-27 22:25:31,1711,2.1,44.8,600.0,18.7
2026-07-27 22:25:32,1712,3.2,45.3,675.0,18.7
2026-07-27 22:25:33,1713,2.8,45.3,600.0,18.7
2026-07-27 22:25:34,1714,3.0,46.3,1200.0,18.7
2026-07-27 22:25:35,1715,1.9,44.8,600.0,18.7
2026-07-27 22:25:36,1716,3.2,44.8,600.0,18.7
2026-07-27 22:25:37,1717,3.2,45.3,700.0,18.7
2026-07-27 22:25:38,1718,2.1,45.3,600.0,18.7
2026-07-27 22:25:39,1719,3.0,44.3,600.0,18.7
2026-07-27 22:25:40,1720,3.7,45.8,700.0,18.7
2026-07-27 22:25:41,1721,1.6,44.8,600.0,18.7
2026-07-27 22:25:42,1722,2.8,45.8,800.0,18.7
2026-07-27 22:25:44,1724,3.0,45.8,650.0,18.7
2026-07-27 22:25:45,1725,2.3,45.3,600.0,18.7
2026-07-27 22:25:46,1726,2.6,45.8,1800.0,18.7
2026-07-27 22:25:47,1727,1.5,45.3,1800.0,18.7
2026-07-27 22:25:48,1728,1.5,45.3,1800.0,18.7
2026-07-27 22:25:49,1729,0.7,45.3,1800.0,18.7
2026-07-27 22:25:50,1730,1.4,45.3,600.0,18.7
2026-07-27 22:25:51,1731,3.7,45.8,700.0,18.7
2026-07-27 22:25:52,1732,1.9,46.3,600.0,18.7
2026-07-27 22:25:53,1733,3.0,45.3,600.0,18.7
2026-07-27 22:25:54,1734,3.5,44.3,1200.0,18.7
2026-07-27 22:25:55,1735,1.4,45.3,800.0,18.7
2026-07-27 22:25:56,1736,2.8,44.3,675.0,18.7
2026-07-27 22:25:57,1737,3.5,45.3,600.0,18.7
2026-07-27 22:25:58,1738,2.3,44.8,1000.0,18.8
2026-07-27 22:26:00,1740,3.3,44.8,600.0,18.7
2026-07-27 22:26:01,1741,3.0,45.3,1800.0,18.7
2026-07-27 22:26:02,1742,1.7,45.8,1800.0,18.7
2026-07-27 22:26:03,1743,1.2,45.8,1800.0,18.7
2026-07-27 22:26:04,1744,1.7,45.8,1800.0,18.8
2026-07-27 22:26:05,1745,1.4,46.3,1800.0,18.8
2026-07-27 22:26:06,1746,1.2,45.8,600.0,18.8
2026-07-27 22:26:07,1747,3.0,45.3,600.0,18.8
2026-07-27 22:26:08,1748,3.5,45.8,1800.0,18.8
2026-07-27 22:26:09,1749,1.2,45.8,1800.0,18.8
2026-07-27 22:26:10,1750,1.7,46.3,1800.0,18.7
2026-07-27 22:26:11,1751,1.2,45.8,1800.0,18.7
2026-07-27 22:26:12,1752,1.7,45.8,1800.0,18.8
2026-07-27 22:26:13,1753,1.2,45.3,700.0,18.8
2026-07-27 22:26:14,1754,3.2,45.8,600.0,18.7
2026-07-27 22:26:15,1755,2.1,46.7,800.0,18.7
2026-07-27 22:26:16,1756,2.8,45.8,600.0,18.8
2026-07-27 22:26:17,1757,3.5,45.8,700.0,18.8
2026-07-27 22:26:19,1759,3.0,45.3,1100.0,18.8
2026-07-27 22:26:20,1760,1.7,44.8,600.0,18.8
2026-07-27 22:26:21,1761,3.3,46.3,600.0,18.8
2026-07-27 22:26:22,1762,3.7,45.8,600.0,18.8
2026-07-27 22:26:23,1763,2.1,44.8,600.0,18.8
2026-07-27 22:26:24,1764,3.0,44.3,1800.0,18.8
2026-07-27 22:26:25,1765,1.2,45.8,1800.0,18.8
2026-07-27 22:26:26,1766,1.0,45.8,1800.0,18.8
2026-07-27 22:26:27,1767,1.7,45.8,1800.0,18.8
2026-07-27 22:26:28,1768,1.2,45.8,1800.0,18.8
2026-07-27 22:26:29,1769,1.0,46.3,600.0,18.7
2026-07-27 22:26:30,1770,2.8,45.3,600.0,18.7
2026-07-27 22:26:31,1771,3.5,45.8,700.0,18.7
2026-07-27 22:26:32,1772,2.8,45.3,1000.0,18.8
2026-07-27 22:26:33,1773,1.9,45.8,600.0,18.8
2026-07-27 22:26:34,1774,3.0,45.8,600.0,18.8
2026-07-27 22:26:36,1776,3.5,44.8,600.0,18.8
2026-07-27 22:26:37,1777,2.1,45.3,600.0,18.8
2026-07-27 22:26:38,1778,3.2,44.8,700.0,18.8
2026-07-27 22:26:39,1779,3.5,46.3,1800.0,18.8
2026-07-27 22:26:40,1780,1.0,46.3,1800.0,18.8
2026-07-27 22:26:41,1781,1.7,45.3,1800.0,18.8
2026-07-27 22:26:42,1782,1.4,45.8,1800.0,18.8
2026-07-27 22:26:43,1783,1.0,45.3,1800.0,18.8
2026-07-27 22:26:44,1784,1.7,45.3,600.0,18.8
2026-07-27 22:26:45,1785,3.2,44.8,600.0,18.8
2026-07-27 22:26:46,1786,2.5,46.3,1000.0,18.8
2026-07-27 22:26:47,1787,2.4,45.3,600.0,18.8
2026-07-27 22:26:48,1788,3.2,43.8,700.0,18.8
2026-07-27 22:26:49,1789,2.8,45.3,1000.0,18.8
2026-07-27 22:26:50,1790,1.2,45.8,700.0,18.8
2026-07-27 22:26:52,1792,3.0,44.3,600.0,18.8
2026-07-27 22:26:53,1793,3.2,44.8,600.0,18.8
2026-07-27 22:26:54,1794,2.1,45.3,750.0,18.7
2026-07-27 22:26:55,1795,3.3,44.8,600.0,18.7
2026-07-27 22:26:56,1796,3.5,44.8,1800.0,18.8
2026-07-27 22:26:57,1797,1.4,44.8,1800.0,18.8
2026-07-27 22:26:58,1798,1.4,44.8,1800.0,18.8
2026-07-27 22:26:59,1799,1.4,45.8,1800.0,18.8
2026-07-27 22:27:00,1800,1.0,45.8,1800.0,18.7
2026-07-27 22:27:01,1801,1.4,45.3,600.0,18.7
2026-07-27 22:27:02,1802,3.2,45.3,600.0,18.7
2026-07-27 22:27:03,1803,3.5,45.8,1200.0,18.7
2026-07-27 22:27:04,1804,1.7,45.8,600.0,18.7
2026-07-27 22:27:05,1805,3.5,45.3,600.0,18.7
2026-07-27 22:27:06,1806,3.5,45.3,600.0,18.7
2026-07-27 22:27:07,1807,1.9,45.3,600.0,18.7
2026-07-27 22:27:09,1809,3.7,44.3,600.0,18.7
2026-07-27 22:27:10,1810,3.5,44.3,600.0,18.7
2026-07-27 22:27:11,1811,1.9,44.8,700.0,18.7
2026-07-27 22:27:12,1812,2.8,44.3,675.0,18.7
2026-07-27 22:27:13,1813,3.5,43.8,600.0,18.7
2026-07-27 22:27:14,1814,3.2,45.3,1500.0,18.7
2026-07-27 22:27:15,1815,1.9,45.3,1800.0,18.7
2026-07-27 22:27:16,1816,1.2,44.8,1800.0,18.7
2026-07-27 22:27:17,1817,1.7,45.8,1800.0,18.7
2026-07-27 22:27:18,1818,0.7,45.3,1800.0,18.7
2026-07-27 22:27:19,1819,1.2,44.8,600.0,18.7
2026-07-27 22:27:20,1820,3.7,44.3,600.0,18.7
2026-07-27 22:27:21,1821,2.1,45.3,600.0,18.7
2026-07-27 22:27:22,1822,3.5,44.8,600.0,18.7
2026-07-27 22:27:24,1824,3.2,43.8,1200.0,18.7
2026-07-27 22:27:25,1825,1.4,45.3,800.0,18.7
2026-07-27 22:27:26,1826,2.8,44.3,600.0,18.7
2026-07-27 22:27:27,1827,3.7,44.8,1800.0,18.7
2026-07-27 22:27:28,1828,0.5,44.3,1800.0,18.7
2026-07-27 22:27:29,1829,1.7,45.3,1800.0,18.7
2026-07-27 22:27:30,1830,1.4,44.8,1800.0,18.7
2026-07-27 22:27:31,1831,1.2,46.3,1800.0,18.7
2026-07-27 22:27:32,1832,1.0,45.8,600.0,18.7
2026-07-27 22:27:33,1833,3.5,45.3,700.0,18.7
2026-07-27 22:27:34,1834,3.0,45.3,1200.0,18.8
2026-07-27 22:27:35,1835,1.2,44.8,600.0,18.8
2026-07-27 22:27:36,1836,3.2,44.8,600.0,18.8
2026-07-27 22:27:37,1837,3.7,45.8,600.0,18.8
2026-07-27 22:27:38,1838,2.1,45.3,725.0,18.8
2026-07-27 22:27:39,1839,2.8,45.3,600.0,18.8
2026-07-27 22:27:41,1841,3.5,44.3,1800.0,18.8
2026-07-27 22:27:42,1842,1.0,45.3,1800.0,18.8
2026-07-27 22:27:43,1843,1.4,45.3,1800.0,18.8
2026-07-27 22:27:44,1844,1.5,45.3,1800.0,18.8
2026-07-27 22:27:45,1845,1.0,45.3,1800.0,18.8
2026-07-27 22:27:46,1846,1.2,45.8,600.0,18.8
2026-07-27 22:27:47,1847,3.5,45.3,1800.0,18.8
2026-07-27 22:27:48,1848,1.7,46.3,1800.0,18.8
2026-07-27 22:27:49,1849,1.0,45.8,1800.0,18.8
2026-07-27 22:27:50,1850,1.5,46.3,1800.0,18.8
2026-07-27 22:27:51,1851,1.2,45.8,1800.0,18.9
2026-07-27 22:27:52,1852,1.2,45.8,600.0,18.9
2026-07-27 22:27:53,1853,3.0,45.3,600.0,18.9
2026-07-27 22:27:54,1854,3.2,45.8,700.0,18.8
2026-07-27 22:27:55,1855,1.6,45.8,600.0,18.8
