unix_time,datetime,temp_c,arm_clock_hz,throttled
1785055580,2026-07-26 16:46:20,46.2,600169920,0x0
1785055582,2026-07-26 16:46:22,46.2,1800404352,0x0
1785055584,2026-07-26 16:46:24,47.2,1800457088,0x0
1785055587,2026-07-26 16:46:27,46.2,600117184,0x0
1785055589,2026-07-26 16:46:29,46.7,600117184,0x0
1785055591,2026-07-26 16:46:31,46.7,1800457088,0x0
1785055593,2026-07-26 16:46:33,46.7,1800404352,0x0
1785055595,2026-07-26 16:46:35,46.2,600169920,0x0
1785055597,2026-07-26 16:46:37,45.7,900228544,0x0
1785055599,2026-07-26 16:46:39,45.7,600169920,0x0
1785055601,2026-07-26 16:46:41,45.2,600169920,0x0
1785055603,2026-07-26 16:46:43,46.7,1800404352,0x0
1785055605,2026-07-26 16:46:45,46.2,1800404352,0x0
1785055607,2026-07-26 16:46:47,46.2,700154304,0x0
1785055609,2026-07-26 16:46:49,46.2,900175808,0x0
1785055611,2026-07-26 16:46:51,50.6,1800457088,0x0
1785055613,2026-07-26 16:46:53,54.5,1800404352,0x0
1785055615,2026-07-26 16:46:55,56.9,1800457088,0x0
1785055617,2026-07-26 16:46:57,57.9,1800404352,0x0
1785055619,2026-07-26 16:46:59,60.8,1800457088,0x0
1785055621,2026-07-26 16:47:01,61.3,1800457088,0x0
1785055623,2026-07-26 16:47:03,61.3,1800457088,0x0
1785055625,2026-07-26 16:47:05,62.8,1800404352,0x0
1785055627,2026-07-26 16:47:07,64.2,1800404352,0x0
1785055629,2026-07-26 16:47:09,63.7,1800457088,0x0
1785055631,2026-07-26 16:47:11,65.2,1800457088,0x0
1785055633,2026-07-26 16:47:13,66.2,1800457088,0x0
1785055635,2026-07-26 16:47:15,66.2,1800404352,0x0
1785055637,2026-07-26 16:47:17,65.7,1800404352,0x0
1785055639,2026-07-26 16:47:19,66.7,1800457088,0x0
1785055641,2026-07-26 16:47:21,67.6,1800457088,0x0
1785055643,2026-07-26 16:47:23,67.6,1800457088,0x0
1785055646,2026-07-26 16:47:26,67.6,1800404352,0x0
1785055648,2026-07-26 16:47:28,69.1,1800457088,0x0
1785055650,2026-07-26 16:47:30,68.6,1800457088,0x0
1785055652,2026-07-26 16:47:32,69.6,1800457088,0x0
1785055654,2026-07-26 16:47:34,70.1,1800404352,0x0
1785055656,2026-07-26 16:47:36,69.1,1800457088,0x0
1785055658,2026-07-26 16:47:38,69.6,1800457088,0x0
1785055660,2026-07-26 16:47:40,69.6,1800457088,0x0
1785055662,2026-07-26 16:47:42,70.1,1800404352,0x0
1785055664,2026-07-26 16:47:44,72.0,1800404352,0x0
1785055666,2026-07-26 16:47:46,71.5,1800457088,0x0
1785055668,2026-07-26 16:47:48,72.0,1800457088,0x0
1785055670,2026-07-26 16:47:50,71.5,1800404352,0x0
1785055672,2026-07-26 16:47:52,71.5,1800457088,0x0
1785055674,2026-07-26 16:47:54,72.0,1800457088,0x0
1785055676,2026-07-26 16:47:56,72.0,1800457088,0x0
1785055678,2026-07-26 16:47:58,72.0,1800457088,0x0
1785055680,2026-07-26 16:48:00,71.5,1800404352,0x0
1785055682,2026-07-26 16:48:02,73.5,1800404352,0x0
1785055684,2026-07-26 16:48:04,72.0,1800457088,0x0
1785055686,2026-07-26 16:48:06,73.0,1800404352,0x0
1785055688,2026-07-26 16:48:08,73.5,1800457088,0x0
1785055690,2026-07-26 16:48:10,74.0,1800457088,0x0
1785055692,2026-07-26 16:48:12,72.5,1800457088,0x0
1785055694,2026-07-26 16:48:14,74.0,1800457088,0x0
1785055696,2026-07-26 16:48:17,73.0,1800457088,0x0
1785055699,2026-07-26 16:48:19,75.4,1800404352,0x0
1785055701,2026-07-26 16:48:21,74.0,1800457088,0x0
1785055703,2026-07-26 16:48:23,74.5,1800457088,0x0
1785055705,2026-07-26 16:48:25,74.0,1800457088,0x0
1785055707,2026-07-26 16:48:27,74.5,1800457088,0x0
1785055709,2026-07-26 16:48:29,75.0,1800457088,0x0
1785055711,2026-07-26 16:48:31,75.4,1800457088,0x0
1785055713,2026-07-26 16:48:33,75.0,1800404352,0x0
1785055715,2026-07-26 16:48:35,74.5,1800457088,0x0
1785055717,2026-07-26 16:48:37,75.4,1800404352,0x0
1785055719,2026-07-26 16:48:39,75.0,1800457088,0x0
1785055721,2026-07-26 16:48:41,75.4,1800404352,0x0
1785055723,2026-07-26 16:48:43,76.4,1800457088,0x0
1785055725,2026-07-26 16:48:45,76.9,1800457088,0x0
1785055727,2026-07-26 16:48:47,76.4,1800457088,0x0
1785055729,2026-07-26 16:48:49,76.4,1800457088,0x0
1785055731,2026-07-26 16:48:51,75.9,1800457088,0x0
1785055733,2026-07-26 16:48:53,77.4,1800457088,0x0
1785055735,2026-07-26 16:48:55,75.9,1800457088,0x0
1785055737,2026-07-26 16:48:57,76.9,1800457088,0x0
1785055739,2026-07-26 16:48:59,77.4,1800457088,0x0
1785055741,2026-07-26 16:49:01,76.9,1800457088,0x0
1785055743,2026-07-26 16:49:03,76.9,1800404352,0x0
1785055745,2026-07-26 16:49:05,76.9,1800457088,0x0
1785055747,2026-07-26 16:49:07,77.9,1800404352,0x0
1785055750,2026-07-26 16:49:10,77.4,1800457088,0x0
1785055752,2026-07-26 16:49:12,76.9,1800457088,0x0
1785055754,2026-07-26 16:49:14,77.4,1800457088,0x0
1785055756,2026-07-26 16:49:16,76.4,1800457088,0x0
1785055758,2026-07-26 16:49:18,77.4,1800457088,0x0
1785055760,2026-07-26 16:49:20,78.8,1800457088,0x0
1785055762,2026-07-26 16:49:22,77.4,1800457088,0x0
1785055764,2026-07-26 16:49:24,77.9,1800404352,0x0
1785055766,2026-07-26 16:49:26,78.4,1800457088,0x0
1785055768,2026-07-26 16:49:28,77.9,1800457088,0x0
1785055770,2026-07-26 16:49:30,77.9,1800457088,0x0
1785055772,2026-07-26 16:49:32,77.4,1800457088,0x0
1785055774,2026-07-26 16:49:34,77.9,1800457088,0x0
1785055776,2026-07-26 16:49:36,78.4,1800404352,0x0
1785055778,2026-07-26 16:49:38,77.9,1800457088,0x0
1785055780,2026-07-26 16:49:40,77.9,1800457088,0x0
1785055782,2026-07-26 16:49:42,77.9,1800457088,0x0
1785055784,2026-07-26 16:49:44,78.4,1800457088,0x0
1785055786,2026-07-26 16:49:46,78.8,1800404352,0x0
1785055788,2026-07-26 16:49:48,78.4,1800457088,0x0
1785055790,2026-07-26 16:49:50,78.4,1800404352,0x0
1785055792,2026-07-26 16:49:52,77.9,1800457088,0x0
1785055794,2026-07-26 16:49:54,78.8,1800457088,0x0
1785055796,2026-07-26 16:49:56,79.3,1800457088,0x0
1785055798,2026-07-26 16:49:58,78.8,1800457088,0x0
1785055800,2026-07-26 16:50:00,79.3,1800404352,0x0
1785055802,2026-07-26 16:50:02,77.9,1800457088,0x0
1785055805,2026-07-26 16:50:05,78.8,1800404352,0x0
1785055807,2026-07-26 16:50:07,79.3,1800404352,0x0
1785055809,2026-07-26 16:50:09,80.3,1800457088,0x0
1785055811,2026-07-26 16:50:11,79.3,1800457088,0x0
1785055813,2026-07-26 16:50:13,79.3,1800457088,0x0
1785055815,2026-07-26 16:50:15,78.8,1800404352,0x0
1785055817,2026-07-26 16:50:17,78.8,1800404352,0x0
1785055819,2026-07-26 16:50:19,79.8,1800404352,0x0
1785055821,2026-07-26 16:50:21,79.3,1800457088,0x0
1785055823,2026-07-26 16:50:23,79.3,1800457088,0x0
1785055825,2026-07-26 16:50:25,79.3,1800457088,0x0
1785055827,2026-07-26 16:50:27,78.8,1800457088,0x0
1785055829,2026-07-26 16:50:29,80.3,1800404352,0x0
1785055831,2026-07-26 16:50:31,79.8,1800457088,0x0
1785055833,2026-07-26 16:50:33,80.8,1800404352,0x0
1785055835,2026-07-26 16:50:35,79.3,1800457088,0x0
1785055837,2026-07-26 16:50:37,79.8,1800457088,0x0
1785055839,2026-07-26 16:50:39,80.3,1800457088,0x0
1785055841,2026-07-26 16:50:41,81.3,1800457088,0x0
1785055843,2026-07-26 16:50:43,80.3,1800404352,0x0
1785055845,2026-07-26 16:50:45,81.3,1800404352,0x0
1785055847,2026-07-26 16:50:47,80.8,1800457088,0x0
1785055849,2026-07-26 16:50:49,80.8,1800457088,0x0
1785055851,2026-07-26 16:50:51,81.3,1800457088,0x0
1785055853,2026-07-26 16:50:53,81.3,1800457088,0x80000
1785055855,2026-07-26 16:50:55,80.3,1800404352,0x80000
1785055857,2026-07-26 16:50:58,81.3,1800457088,0x80000
1785055860,2026-07-26 16:51:00,79.8,1800404352,0x80000
1785055862,2026-07-26 16:51:02,81.3,1800457088,0x80000
1785055864,2026-07-26 16:51:04,80.3,1800457088,0x80000
1785055866,2026-07-26 16:51:06,81.3,1800457088,0x80000
1785055868,2026-07-26 16:51:08,81.3,1800457088,0x80000
1785055870,2026-07-26 16:51:10,80.8,1800457088,0x80000
1785055872,2026-07-26 16:51:12,79.3,1800457088,0x80000
1785055874,2026-07-26 16:51:14,81.3,1800404352,0x80000
1785055876,2026-07-26 16:51:16,81.3,1800457088,0x80000
1785055878,2026-07-26 16:51:18,80.8,1800457088,0x80000
1785055880,2026-07-26 16:51:20,81.3,1800457088,0x80000
1785055882,2026-07-26 16:51:22,81.8,1800457088,0x80000
1785055884,2026-07-26 16:51:24,81.3,1800404352,0x80000
1785055886,2026-07-26 16:51:26,81.8,1800457088,0x80000
1785055888,2026-07-26 16:51:28,80.8,1800404352,0x80000
1785055890,2026-07-26 16:51:30,80.8,1800457088,0x80000
1785055892,2026-07-26 16:51:32,80.3,1800457088,0x80000
1785055894,2026-07-26 16:51:34,80.8,1800457088,0x80000
1785055896,2026-07-26 16:51:36,80.8,1800457088,0x80000
1785055898,2026-07-26 16:51:38,81.8,1800457088,0x80000
1785055900,2026-07-26 16:51:40,80.3,1800457088,0x80000
1785055902,2026-07-26 16:51:42,80.3,1800457088,0x80000
1785055904,2026-07-26 16:51:44,81.3,1800404352,0x80000
1785055906,2026-07-26 16:51:46,79.8,1800457088,0x80000
1785055908,2026-07-26 16:51:48,81.3,1800404352,0x80000
1785055910,2026-07-26 16:51:50,81.3,1800404352,0x80000
1785055912,2026-07-26 16:51:52,81.8,1800404352,0x80000
1785055915,2026-07-26 16:51:55,81.3,1800457088,0x80000
1785055917,2026-07-26 16:51:57,81.8,1800404352,0x80000
1785055919,2026-07-26 16:51:59,81.3,1800457088,0x80000
1785055921,2026-07-26 16:52:01,81.3,1800404352,0x80000
1785055923,2026-07-26 16:52:03,80.3,1800457088,0x80000
1785055925,2026-07-26 16:52:05,81.3,1800457088,0x80000
1785055927,2026-07-26 16:52:07,81.8,1800404352,0x80000
1785055929,2026-07-26 16:52:09,81.8,1800457088,0x80000
1785055931,2026-07-26 16:52:11,81.8,1800404352,0x80000
1785055933,2026-07-26 16:52:13,81.8,1800457088,0x80000
1785055935,2026-07-26 16:52:15,82.3,1775460992,0x80008
1785055937,2026-07-26 16:52:17,82.3,1800404352,0x80008
1785055939,2026-07-26 16:52:19,80.3,1800457088,0x80000
1785055941,2026-07-26 16:52:21,80.3,1800404352,0x80000
1785055943,2026-07-26 16:52:23,82.3,1800457088,0x80000
1785055945,2026-07-26 16:52:25,82.7,1775460992,0x80008
1785055947,2026-07-26 16:52:27,82.3,1800457088,0x80000
1785055949,2026-07-26 16:52:29,82.7,1726417920,0x80008
1785055951,2026-07-26 16:52:31,82.3,1800404352,0x80000
1785055953,2026-07-26 16:52:33,80.8,1800404352,0x80000
1785055955,2026-07-26 16:52:35,81.8,1800457088,0x80000
1785055957,2026-07-26 16:52:37,81.8,1800404352,0x80000
1785055959,2026-07-26 16:52:39,81.3,1800457088,0x80000
1785055961,2026-07-26 16:52:41,81.8,1726470656,0x80008
1785055963,2026-07-26 16:52:43,82.7,1726417920,0x80008
1785055965,2026-07-26 16:52:45,81.8,1800457088,0x80000
1785055967,2026-07-26 16:52:47,81.8,1726417920,0x80008
1785055970,2026-07-26 16:52:50,82.3,1800457088,0x80000
1785055972,2026-07-26 16:52:52,81.8,1726417920,0x80008
1785055974,2026-07-26 16:52:54,81.8,1800457088,0x80000
1785055976,2026-07-26 16:52:56,81.8,1800457088,0x80000
1785055978,2026-07-26 16:52:58,82.3,1800404352,0x80000
1785055980,2026-07-26 16:53:00,82.7,1800404352,0x80000
1785055982,2026-07-26 16:53:02,81.3,1800457088,0x80000
1785055984,2026-07-26 16:53:04,80.8,1800404352,0x80000
1785055986,2026-07-26 16:53:06,81.8,1775408256,0x80008
1785055988,2026-07-26 16:53:08,82.3,1775408256,0x80000
1785055990,2026-07-26 16:53:10,81.8,1800457088,0x80008
1785055992,2026-07-26 16:53:12,81.8,1800457088,0x80000
1785055994,2026-07-26 16:53:14,81.3,1800457088,0x80000
1785055996,2026-07-26 16:53:16,80.8,1800457088,0x80000
1785055998,2026-07-26 16:53:18,81.3,1800457088,0x80000
1785056000,2026-07-26 16:53:20,82.3,1775408256,0x80008
1785056002,2026-07-26 16:53:22,81.3,1800404352,0x80000
1785056004,2026-07-26 16:53:24,80.8,1800404352,0x80000
1785056006,2026-07-26 16:53:26,81.8,1800457088,0x80000
1785056008,2026-07-26 16:53:28,81.8,1800457088,0x80000
1785056010,2026-07-26 16:53:30,81.8,1800457088,0x80000
1785056012,2026-07-26 16:53:32,82.3,1800404352,0x80000
1785056014,2026-07-26 16:53:34,82.3,1800457088,0x80000
1785056016,2026-07-26 16:53:36,81.8,1800404352,0x80000
1785056018,2026-07-26 16:53:38,81.3,1800457088,0x80000
1785056020,2026-07-26 16:53:40,80.8,1775408256,0x80000
1785056022,2026-07-26 16:53:42,81.8,1800404352,0x80000
1785056025,2026-07-26 16:53:45,81.3,1775408256,0x80008
1785056027,2026-07-26 16:53:47,81.3,1800457088,0x80000
1785056029,2026-07-26 16:53:49,81.3,1726417920,0x80008
1785056031,2026-07-26 16:53:51,82.3,1800457088,0x80000
1785056033,2026-07-26 16:53:53,80.8,1800404352,0x80000
1785056035,2026-07-26 16:53:55,81.8,1800457088,0x80000
1785056037,2026-07-26 16:53:57,81.8,1800457088,0x80000
1785056039,2026-07-26 16:53:59,82.3,1800457088,0x80000
1785056041,2026-07-26 16:54:01,81.8,1800457088,0x80000
1785056043,2026-07-26 16:54:03,82.3,1775408256,0x80008
1785056045,2026-07-26 16:54:05,82.7,1800404352,0x80008
1785056047,2026-07-26 16:54:07,82.3,1775460992,0x80008
1785056049,2026-07-26 16:54:09,82.7,1775408256,0x80000
1785056051,2026-07-26 16:54:11,81.8,1775408256,0x80000
1785056053,2026-07-26 16:54:13,81.8,1775460992,0x80008
1785056055,2026-07-26 16:54:15,82.3,1800457088,0x80000
1785056057,2026-07-26 16:54:17,82.7,1775460992,0x80008
1785056059,2026-07-26 16:54:19,81.8,1775408256,0x80008
1785056061,2026-07-26 16:54:21,81.8,1800404352,0x80000
1785056063,2026-07-26 16:54:23,82.7,1800457088,0x80000
1785056065,2026-07-26 16:54:25,82.3,1775408256,0x80008
1785056067,2026-07-26 16:54:27,82.7,1800457088,0x80000
1785056069,2026-07-26 16:54:29,82.3,1800457088,0x80000
1785056071,2026-07-26 16:54:31,82.3,1800457088,0x80000
1785056073,2026-07-26 16:54:33,82.3,1775408256,0x80000
1785056075,2026-07-26 16:54:35,81.8,1775460992,0x80008
1785056077,2026-07-26 16:54:38,81.8,1775460992,0x80008
1785056080,2026-07-26 16:54:40,82.3,1677427712,0x80008
1785056082,2026-07-26 16:54:42,82.3,1775460992,0x80008
1785056084,2026-07-26 16:54:44,81.8,1775408256,0x80000
1785056086,2026-07-26 16:54:46,81.3,1726417920,0x80008
1785056088,2026-07-26 16:54:48,82.3,1775408256,0x80008
1785056090,2026-07-26 16:54:50,81.3,1800457088,0x80000
1785056092,2026-07-26 16:54:52,82.7,1775408256,0x80008
1785056094,2026-07-26 16:54:54,83.7,1629386752,0x80008
1785056096,2026-07-26 16:54:56,82.3,1726417920,0x80000
1785056098,2026-07-26 16:54:58,82.3,1775408256,0x80000
1785056100,2026-07-26 16:55:00,82.3,1775460992,0x80008
1785056102,2026-07-26 16:55:02,82.7,1726417920,0x80000
1785056104,2026-07-26 16:55:04,82.7,1726417920,0x80008
1785056106,2026-07-26 16:55:06,82.3,1775408256,0x80008
1785056108,2026-07-26 16:55:08,81.8,1726417920,0x80008
1785056110,2026-07-26 16:55:10,81.8,1677427712,0x80008
1785056112,2026-07-26 16:55:12,82.3,1726417920,0x80008
1785056114,2026-07-26 16:55:14,82.7,1800404352,0x80000
1785056116,2026-07-26 16:55:16,81.3,1800457088,0x80000
1785056118,2026-07-26 16:55:18,81.8,1800457088,0x80000
1785056120,2026-07-26 16:55:20,81.8,1800457088,0x80000
1785056122,2026-07-26 16:55:22,82.7,1800457088,0x80000
1785056124,2026-07-26 16:55:24,82.3,1800404352,0x80000
1785056126,2026-07-26 16:55:26,83.2,1677427712,0x80008
1785056128,2026-07-26 16:55:28,82.7,1726417920,0x80008
1785056130,2026-07-26 16:55:30,81.3,1677427712,0x80008
1785056133,2026-07-26 16:55:33,82.3,1775460992,0x80008
1785056135,2026-07-26 16:55:35,81.3,1677427712,0x80008
1785056137,2026-07-26 16:55:37,81.8,1800457088,0x80000
1785056139,2026-07-26 16:55:39,81.8,1800404352,0x80000
1785056141,2026-07-26 16:55:41,82.3,1800457088,0x80000
1785056143,2026-07-26 16:55:43,81.8,1677427712,0x80008
1785056145,2026-07-26 16:55:45,83.2,1775460992,0x80008
1785056147,2026-07-26 16:55:47,81.3,1677427712,0x80008
1785056149,2026-07-26 16:55:49,81.8,1800457088,0x80000
1785056151,2026-07-26 16:55:51,82.7,1800457088,0x80008
1785056153,2026-07-26 16:55:53,81.8,1775408256,0x80000
1785056155,2026-07-26 16:55:55,82.3,1775460992,0x80008
1785056157,2026-07-26 16:55:57,81.8,1800457088,0x80000
1785056159,2026-07-26 16:55:59,81.3,1800457088,0x80000
1785056161,2026-07-26 16:56:01,83.2,1677374976,0x80008
1785056163,2026-07-26 16:56:03,81.3,1800404352,0x80000
1785056165,2026-07-26 16:56:05,82.3,1800457088,0x80000
1785056167,2026-07-26 16:56:07,82.7,1800404352,0x80000
1785056169,2026-07-26 16:56:09,81.8,1726417920,0x80008
1785056171,2026-07-26 16:56:11,82.3,1775408256,0x80008
1785056173,2026-07-26 16:56:13,82.7,1726417920,0x80008
1785056175,2026-07-26 16:56:15,82.3,1775460992,0x80008
1785056177,2026-07-26 16:56:17,82.7,1775460992,0x80008
1785056179,2026-07-26 16:56:19,82.7,1726417920,0x80008
1785056181,2026-07-26 16:56:21,81.8,1800457088,0x80000
1785056183,2026-07-26 16:56:23,81.8,1726417920,0x80008
1785056186,2026-07-26 16:56:26,82.3,1775408256,0x80008
1785056188,2026-07-26 16:56:28,82.3,1775408256,0x80008
1785056190,2026-07-26 16:56:30,82.3,1775460992,0x80008
1785056192,2026-07-26 16:56:32,80.8,1726417920,0x80008
1785056194,2026-07-26 16:56:34,81.3,1726417920,0x80008
1785056196,2026-07-26 16:56:36,81.8,1775408256,0x80008
1785056198,2026-07-26 16:56:38,82.3,1775460992,0x80008
1785056200,2026-07-26 16:56:40,82.7,1800404352,0x80000
1785056202,2026-07-26 16:56:42,82.7,1726417920,0x80008
1785056204,2026-07-26 16:56:44,82.3,1775408256,0x80008
1785056206,2026-07-26 16:56:46,82.3,1775408256,0x80000
1785056208,2026-07-26 16:56:48,82.3,1775408256,0x80008
1785056210,2026-07-26 16:56:50,82.3,1726417920,0x80008
1785056212,2026-07-26 16:56:52,81.3,1800457088,0x80000
1785056214,2026-07-26 16:56:54,82.3,1800404352,0x80000
1785056216,2026-07-26 16:56:56,81.8,1775408256,0x80008
1785056218,2026-07-26 16:56:58,81.8,1800457088,0x80000
1785056220,2026-07-26 16:57:00,82.3,1800457088,0x80000
1785056222,2026-07-26 16:57:02,82.7,1775408256,0x80008
1785056224,2026-07-26 16:57:04,82.3,1800404352,0x80000
1785056226,2026-07-26 16:57:06,81.8,1726417920,0x80008
1785056228,2026-07-26 16:57:08,81.8,1800457088,0x80000
1785056230,2026-07-26 16:57:10,82.3,1800404352,0x80000
1785056232,2026-07-26 16:57:12,82.3,1775460992,0x80008
1785056234,2026-07-26 16:57:14,82.7,1726417920,0x80008
1785056236,2026-07-26 16:57:17,82.7,1726417920,0x80008
1785056239,2026-07-26 16:57:19,82.3,1775408256,0x80008
1785056241,2026-07-26 16:57:21,81.8,1800404352,0x80000
1785056243,2026-07-26 16:57:23,82.3,1775408256,0x80008
1785056245,2026-07-26 16:57:25,81.8,1775460992,0x80008
1785056247,2026-07-26 16:57:27,83.2,1677427712,0x80008
1785056249,2026-07-26 16:57:29,82.7,1800457088,0x80000
1785056251,2026-07-26 16:57:31,82.3,1800457088,0x80000
1785056253,2026-07-26 16:57:33,81.8,1775408256,0x80008
1785056255,2026-07-26 16:57:35,82.7,1726417920,0x80000
1785056257,2026-07-26 16:57:37,82.3,1775460992,0x80008
1785056259,2026-07-26 16:57:39,82.7,1775460992,0x80008
1785056261,2026-07-26 16:57:41,82.7,1800404352,0x80008
1785056263,2026-07-26 16:57:43,82.3,1800404352,0x80000
1785056265,2026-07-26 16:57:45,82.3,1726417920,0x80008
1785056267,2026-07-26 16:57:47,82.7,1726417920,0x80008
1785056269,2026-07-26 16:57:49,82.7,1775460992,0x80008
1785056271,2026-07-26 16:57:51,82.3,1726417920,0x80008
1785056273,2026-07-26 16:57:53,81.8,1726417920,0x80008
1785056275,2026-07-26 16:57:55,82.7,1726417920,0x80008
1785056277,2026-07-26 16:57:57,82.3,1775460992,0x80008
1785056279,2026-07-26 16:57:59,81.8,1775460992,0x80008
1785056281,2026-07-26 16:58:01,82.7,1726417920,0x80008
1785056283,2026-07-26 16:58:03,81.8,1800457088,0x80000
1785056285,2026-07-26 16:58:05,81.8,1800404352,0x80000
1785056287,2026-07-26 16:58:07,82.7,1677427712,0x80008
1785056289,2026-07-26 16:58:09,82.3,1775460992,0x80008
1785056292,2026-07-26 16:58:12,81.8,1775408256,0x80008
1785056294,2026-07-26 16:58:14,82.7,1726417920,0x80008
1785056296,2026-07-26 16:58:16,82.7,1775408256,0x80008
1785056298,2026-07-26 16:58:18,82.3,1775460992,0x80008
1785056300,2026-07-26 16:58:20,83.2,1677427712,0x80008
1785056302,2026-07-26 16:58:22,82.7,1775408256,0x80008
1785056304,2026-07-26 16:58:24,82.7,1775460992,0x80008
1785056306,2026-07-26 16:58:26,82.7,1775460992,0x80008
1785056308,2026-07-26 16:58:28,83.2,1800457088,0x80000
1785056310,2026-07-26 16:58:30,83.2,1677427712,0x80008
1785056312,2026-07-26 16:58:32,82.7,1800404352,0x80008
1785056314,2026-07-26 16:58:34,81.8,1800457088,0x80008
1785056316,2026-07-26 16:58:36,82.3,1775460992,0x80008
1785056318,2026-07-26 16:58:38,82.3,1800457088,0x80000
1785056320,2026-07-26 16:58:40,82.7,1726417920,0x80008
1785056322,2026-07-26 16:58:42,81.8,1775408256,0x80008
1785056324,2026-07-26 16:58:44,82.3,1726417920,0x80008
1785056326,2026-07-26 16:58:46,82.3,1775408256,0x80008
1785056328,2026-07-26 16:58:48,82.7,1726417920,0x80008
1785056330,2026-07-26 16:58:50,82.3,1726417920,0x80008
1785056332,2026-07-26 16:58:52,82.3,1726417920,0x80008
1785056334,2026-07-26 16:58:54,81.3,1726417920,0x80008
1785056336,2026-07-26 16:58:56,82.7,1726417920,0x80008
1785056338,2026-07-26 16:58:58,82.3,1775460992,0x80008
1785056340,2026-07-26 16:59:00,81.8,1775460992,0x80008
1785056342,2026-07-26 16:59:02,81.3,1726417920,0x80008
1785056344,2026-07-26 16:59:04,82.3,1726417920,0x80008
1785056347,2026-07-26 16:59:07,82.3,1800404352,0x80000
1785056349,2026-07-26 16:59:09,81.8,1775460992,0x80008
1785056351,2026-07-26 16:59:11,82.7,1775460992,0x80008
1785056353,2026-07-26 16:59:13,82.3,1726417920,0x80008
1785056355,2026-07-26 16:59:15,82.3,1726417920,0x80008
1785056357,2026-07-26 16:59:17,81.8,1726417920,0x80008
1785056359,2026-07-26 16:59:19,81.8,1677374976,0x80008
1785056361,2026-07-26 16:59:21,82.3,1726417920,0x80008
1785056363,2026-07-26 16:59:23,81.8,1800457088,0x80000
1785056365,2026-07-26 16:59:25,82.3,1775460992,0x80008
1785056367,2026-07-26 16:59:27,82.7,1800457088,0x80008
1785056369,2026-07-26 16:59:29,81.3,1800404352,0x80008
1785056371,2026-07-26 16:59:31,82.3,1726417920,0x80008
1785056373,2026-07-26 16:59:33,81.8,1726417920,0x80008
1785056375,2026-07-26 16:59:35,81.3,1800457088,0x80000
1785056377,2026-07-26 16:59:37,82.7,1726417920,0x80008
1785056379,2026-07-26 16:59:39,83.2,1775460992,0x80008
1785056381,2026-07-26 16:59:41,81.3,1800404352,0x80000
1785056383,2026-07-26 16:59:43,81.8,1800404352,0x80008
1785056385,2026-07-26 16:59:45,82.3,1775408256,0x80008
1785056387,2026-07-26 16:59:47,82.3,1800457088,0x80000
1785056389,2026-07-26 16:59:49,83.2,1775408256,0x80008
1785056391,2026-07-26 16:59:51,83.2,1677427712,0x80008
1785056393,2026-07-26 16:59:53,81.3,1726417920,0x80008
1785056395,2026-07-26 16:59:55,82.7,1726417920,0x80008
1785056397,2026-07-26 16:59:57,82.3,1775408256,0x80008
1785056399,2026-07-26 16:59:59,82.3,1677427712,0x80008
1785056402,2026-07-26 17:00:02,82.7,1775408256,0x80008
1785056404,2026-07-26 17:00:04,82.3,1775408256,0x80008
1785056406,2026-07-26 17:00:06,83.2,1677374976,0x80008
1785056408,2026-07-26 17:00:08,82.3,1726417920,0x80008
1785056410,2026-07-26 17:00:10,82.7,1677374976,0x80008
1785056412,2026-07-26 17:00:12,82.3,1726417920,0x80008
1785056414,2026-07-26 17:00:14,83.2,1775460992,0x80008
1785056416,2026-07-26 17:00:16,82.3,1775460992,0x80008
1785056418,2026-07-26 17:00:18,82.7,1800457088,0x80000
1785056420,2026-07-26 17:00:20,82.7,1726417920,0x80008
1785056422,2026-07-26 17:00:22,82.3,1775408256,0x80008
1785056424,2026-07-26 17:00:24,82.3,1775408256,0x80008
1785056426,2026-07-26 17:00:26,82.7,1775408256,0x80008
1785056428,2026-07-26 17:00:28,82.3,1677374976,0x80008
1785056430,2026-07-26 17:00:30,82.7,1800457088,0x80000
1785056432,2026-07-26 17:00:32,83.2,1677374976,0x80008
1785056434,2026-07-26 17:00:34,81.8,1800404352,0x80000
1785056436,2026-07-26 17:00:36,82.3,1800457088,0x80008
1785056438,2026-07-26 17:00:38,82.7,1677374976,0x80008
1785056440,2026-07-26 17:00:40,82.3,1775408256,0x80008
1785056442,2026-07-26 17:00:42,82.3,1726470656,0x80008
1785056444,2026-07-26 17:00:44,82.3,1775408256,0x80008
1785056446,2026-07-26 17:00:46,82.7,1677427712,0x80008
1785056448,2026-07-26 17:00:48,82.7,1726470656,0x80008
1785056450,2026-07-26 17:00:50,81.3,1726417920,0x80008
1785056452,2026-07-26 17:00:52,82.3,1677427712,0x80008
1785056454,2026-07-26 17:00:54,82.7,1800457088,0x80000
1785056457,2026-07-26 17:00:57,82.3,1775460992,0x80008
1785056459,2026-07-26 17:00:59,82.3,1726417920,0x80008
1785056461,2026-07-26 17:01:01,82.3,1726417920,0x80008
1785056463,2026-07-26 17:01:03,82.3,1775460992,0x80008
1785056465,2026-07-26 17:01:05,82.3,1775408256,0x80008
1785056467,2026-07-26 17:01:07,81.8,1677427712,0x80000
1785056469,2026-07-26 17:01:09,82.7,1800457088,0x80000
1785056471,2026-07-26 17:01:11,81.3,1775408256,0x80008
1785056473,2026-07-26 17:01:13,83.2,1775408256,0x80008
1785056475,2026-07-26 17:01:15,83.2,1677374976,0x80008
1785056477,2026-07-26 17:01:17,82.3,1677427712,0x80000
1785056479,2026-07-26 17:01:19,83.2,1800457088,0x80000
1785056481,2026-07-26 17:01:21,82.3,1726470656,0x80008
1785056483,2026-07-26 17:01:23,82.3,1775460992,0x80008
1785056485,2026-07-26 17:01:25,82.7,1775460992,0x80008
1785056487,2026-07-26 17:01:27,82.3,1800404352,0x80000
1785056489,2026-07-26 17:01:29,82.3,1775408256,0x80008
1785056491,2026-07-26 17:01:31,81.8,1726417920,0x80000
1785056493,2026-07-26 17:01:33,81.8,1726417920,0x80008
1785056495,2026-07-26 17:01:35,82.3,1800404352,0x80000
1785056497,2026-07-26 17:01:37,82.7,1726417920,0x80008
1785056499,2026-07-26 17:01:39,82.3,1775408256,0x80008
1785056501,2026-07-26 17:01:41,82.7,1775408256,0x80008
1785056503,2026-07-26 17:01:43,81.3,1800457088,0x80000
1785056505,2026-07-26 17:01:45,82.7,1726417920,0x80008
1785056507,2026-07-26 17:01:47,82.7,1629386752,0x80008
1785056509,2026-07-26 17:01:50,82.7,1726417920,0x80008
1785056512,2026-07-26 17:01:52,83.2,1775408256,0x80008
1785056514,2026-07-26 17:01:54,81.3,1800457088,0x80000
1785056516,2026-07-26 17:01:56,82.7,1677374976,0x80008
1785056518,2026-07-26 17:01:58,83.2,1775460992,0x80008
1785056520,2026-07-26 17:02:00,83.7,1726417920,0x80008
1785056522,2026-07-26 17:02:02,83.7,1629386752,0x80008
1785056524,2026-07-26 17:02:04,82.3,1775460992,0x80008
1785056526,2026-07-26 17:02:06,83.7,1775408256,0x80008
1785056528,2026-07-26 17:02:08,82.7,1726417920,0x80008
1785056530,2026-07-26 17:02:10,82.3,1775460992,0x80008
1785056532,2026-07-26 17:02:12,83.2,1677427712,0x80008
1785056534,2026-07-26 17:02:14,82.3,1677427712,0x80008
1785056536,2026-07-26 17:02:16,82.3,1775408256,0x80008
1785056538,2026-07-26 17:02:18,82.3,1677427712,0x80008
1785056540,2026-07-26 17:02:20,82.7,1775408256,0x80008
1785056542,2026-07-26 17:02:22,82.7,1726417920,0x80008
1785056544,2026-07-26 17:02:24,81.8,1775460992,0x80008
1785056546,2026-07-26 17:02:26,81.8,1800404352,0x80008
1785056548,2026-07-26 17:02:28,82.7,1775460992,0x80008
1785056550,2026-07-26 17:02:30,82.7,1800457088,0x80000
1785056552,2026-07-26 17:02:32,83.2,1677427712,0x80008
1785056554,2026-07-26 17:02:34,82.7,1726417920,0x80008
1785056556,2026-07-26 17:02:36,82.3,1677374976,0x80008
1785056558,2026-07-26 17:02:38,82.3,1726417920,0x80008
1785056560,2026-07-26 17:02:40,82.3,1677374976,0x80008
1785056562,2026-07-26 17:02:42,82.7,1726417920,0x80008
1785056565,2026-07-26 17:02:45,81.3,1629386752,0x80008
1785056567,2026-07-26 17:02:47,82.3,1775408256,0x80008
1785056569,2026-07-26 17:02:49,81.8,1677427712,0x80008
1785056571,2026-07-26 17:02:51,81.3,1800404352,0x80000
1785056573,2026-07-26 17:02:53,81.8,1775408256,0x80008
1785056575,2026-07-26 17:02:55,83.2,1775408256,0x80008
1785056577,2026-07-26 17:02:57,82.3,1775408256,0x80008
1785056579,2026-07-26 17:02:59,83.7,1629386752,0x80008
1785056581,2026-07-26 17:03:01,82.7,1800404352,0x80000
1785056583,2026-07-26 17:03:03,82.3,1775408256,0x80008
1785056585,2026-07-26 17:03:05,83.2,1800457088,0x80000
1785056587,2026-07-26 17:03:07,83.2,1775408256,0x80008
1785056589,2026-07-26 17:03:09,82.7,1775460992,0x80008
1785056591,2026-07-26 17:03:11,82.3,1726417920,0x80008
1785056593,2026-07-26 17:03:13,81.8,1726417920,0x80008
1785056595,2026-07-26 17:03:15,81.8,1775408256,0x80008
1785056597,2026-07-26 17:03:17,82.7,1726417920,0x80008
1785056599,2026-07-26 17:03:19,82.7,1800457088,0x80000
1785056601,2026-07-26 17:03:21,82.7,1800457088,0x80000
1785056603,2026-07-26 17:03:23,81.8,1800457088,0x80000
1785056605,2026-07-26 17:03:25,82.7,1775408256,0x80008
1785056607,2026-07-26 17:03:27,82.3,1775408256,0x80008
1785056609,2026-07-26 17:03:29,82.3,1800457088,0x80000
1785056611,2026-07-26 17:03:31,82.7,1775460992,0x80008
1785056613,2026-07-26 17:03:33,83.2,1726417920,0x80008
1785056615,2026-07-26 17:03:35,81.8,1800457088,0x80000
1785056618,2026-07-26 17:03:38,82.7,1677427712,0x80008
1785056620,2026-07-26 17:03:40,83.2,1775460992,0x80008
1785056622,2026-07-26 17:03:42,82.3,1726417920,0x80008
1785056624,2026-07-26 17:03:44,82.7,1775408256,0x80008
1785056626,2026-07-26 17:03:46,82.3,1775408256,0x80008
1785056628,2026-07-26 17:03:48,82.3,1775460992,0x80008
1785056630,2026-07-26 17:03:50,82.3,1726417920,0x80008
1785056632,2026-07-26 17:03:52,82.3,1775460992,0x80008
1785056634,2026-07-26 17:03:54,81.8,1726417920,0x80008
1785056636,2026-07-26 17:03:56,82.7,1726417920,0x80008
1785056638,2026-07-26 17:03:58,83.2,1726417920,0x80008
1785056640,2026-07-26 17:04:00,82.7,1800457088,0x80000
1785056642,2026-07-26 17:04:02,81.8,1726417920,0x80008
1785056644,2026-07-26 17:04:04,82.7,1726417920,0x80008
1785056646,2026-07-26 17:04:06,82.7,1775460992,0x80008
1785056648,2026-07-26 17:04:08,82.3,1775460992,0x80008
1785056650,2026-07-26 17:04:10,83.2,1775460992,0x80008
1785056652,2026-07-26 17:04:12,82.7,1726417920,0x80008
1785056654,2026-07-26 17:04:14,81.8,1726417920,0x80000
1785056656,2026-07-26 17:04:16,82.7,1775408256,0x80008
1785056658,2026-07-26 17:04:18,82.3,1775408256,0x80008
1785056660,2026-07-26 17:04:20,82.7,1726417920,0x80008
1785056662,2026-07-26 17:04:22,82.7,1726470656,0x80008
1785056664,2026-07-26 17:04:24,82.3,1775408256,0x80008
1785056666,2026-07-26 17:04:26,82.7,1726417920,0x80008
1785056668,2026-07-26 17:04:28,82.7,1726417920,0x80008
1785056671,2026-07-26 17:04:31,82.7,1775460992,0x80008
1785056673,2026-07-26 17:04:33,83.2,1775408256,0x80008
1785056675,2026-07-26 17:04:35,81.8,1800404352,0x80000
1785056677,2026-07-26 17:04:37,83.2,1677374976,0x80008
1785056679,2026-07-26 17:04:39,82.3,1677374976,0x80008
1785056681,2026-07-26 17:04:41,82.7,1726417920,0x80008
1785056683,2026-07-26 17:04:43,82.3,1726417920,0x80008
1785056685,2026-07-26 17:04:45,82.3,1775408256,0x80008
1785056687,2026-07-26 17:04:47,83.2,1677427712,0x80008
1785056689,2026-07-26 17:04:49,82.7,1775460992,0x80008
1785056691,2026-07-26 17:04:51,82.7,1677427712,0x80008
1785056693,2026-07-26 17:04:53,82.3,1775408256,0x80008
1785056695,2026-07-26 17:04:55,83.2,1775460992,0x80000
1785056697,2026-07-26 17:04:57,81.8,1775408256,0x80008
1785056699,2026-07-26 17:04:59,82.7,1726417920,0x80008
1785056701,2026-07-26 17:05:01,83.2,1775408256,0x80008
1785056703,2026-07-26 17:05:03,82.7,1677374976,0x80008
1785056705,2026-07-26 17:05:05,82.3,1775460992,0x80008
1785056707,2026-07-26 17:05:07,82.3,1775408256,0x80008
1785056709,2026-07-26 17:05:09,82.3,1775408256,0x80008
1785056711,2026-07-26 17:05:11,82.3,1775408256,0x80008
1785056713,2026-07-26 17:05:13,82.3,1677427712,0x80008
1785056715,2026-07-26 17:05:15,83.2,1677427712,0x80008
1785056717,2026-07-26 17:05:17,82.3,1726417920,0x80008
1785056719,2026-07-26 17:05:19,82.7,1775408256,0x80008
1785056721,2026-07-26 17:05:21,82.7,1629386752,0x80008
1785056723,2026-07-26 17:05:23,83.7,1629439488,0x80008
1785056726,2026-07-26 17:05:26,81.8,1775408256,0x80000
1785056728,2026-07-26 17:05:28,82.7,1775460992,0x80008
1785056730,2026-07-26 17:05:30,82.7,1775460992,0x80008
1785056732,2026-07-26 17:05:32,83.7,1629386752,0x80008
1785056734,2026-07-26 17:05:34,82.7,1800404352,0x80000
1785056736,2026-07-26 17:05:36,82.7,1726417920,0x80008
1785056738,2026-07-26 17:05:38,81.8,1726417920,0x80008
1785056740,2026-07-26 17:05:40,82.3,1775460992,0x80008
1785056742,2026-07-26 17:05:42,82.7,1726417920,0x80008
1785056744,2026-07-26 17:05:44,82.3,1775408256,0x80008
1785056746,2026-07-26 17:05:46,82.7,1726417920,0x80008
1785056748,2026-07-26 17:05:48,82.7,1629386752,0x80008
1785056750,2026-07-26 17:05:50,82.3,1726417920,0x80008
1785056752,2026-07-26 17:05:52,80.8,1629439488,0x80008
1785056754,2026-07-26 17:05:54,82.7,1677374976,0x80008
1785056756,2026-07-26 17:05:56,81.8,1800457088,0x80000
1785056758,2026-07-26 17:05:58,82.3,1800457088,0x80000
1785056760,2026-07-26 17:06:00,81.8,1775460992,0x80008
1785056762,2026-07-26 17:06:02,82.7,1677427712,0x80008
1785056764,2026-07-26 17:06:04,82.7,1677427712,0x80008
1785056766,2026-07-26 17:06:06,83.2,1775408256,0x80008
1785056768,2026-07-26 17:06:08,82.3,1677427712,0x80008
1785056770,2026-07-26 17:06:10,81.3,1775460992,0x80008
1785056772,2026-07-26 17:06:12,82.7,1726417920,0x80008
1785056774,2026-07-26 17:06:14,81.3,1677427712,0x80008
1785056776,2026-07-26 17:06:16,82.3,1775408256,0x80008
1785056778,2026-07-26 17:06:18,82.3,1775460992,0x80008
1785056781,2026-07-26 17:06:21,81.8,1800404352,0x80000
1785056783,2026-07-26 17:06:23,82.3,1775408256,0x80008
1785056785,2026-07-26 17:06:25,82.3,1775408256,0x80008
1785056787,2026-07-26 17:06:27,82.3,1726417920,0x80008
1785056789,2026-07-26 17:06:29,82.7,1726417920,0x80008
1785056791,2026-07-26 17:06:31,82.3,1726417920,0x80008
1785056793,2026-07-26 17:06:33,82.3,1800404352,0x80000
1785056795,2026-07-26 17:06:35,81.8,1726417920,0x80008
1785056797,2026-07-26 17:06:37,83.2,1677374976,0x80008
1785056799,2026-07-26 17:06:39,81.8,1800404352,0x80000
1785056801,2026-07-26 17:06:41,82.7,1800457088,0x80008
1785056803,2026-07-26 17:06:43,82.3,1800404352,0x80000
1785056805,2026-07-26 17:06:45,82.7,1677427712,0x80008
1785056807,2026-07-26 17:06:47,82.7,1775460992,0x80008
1785056809,2026-07-26 17:06:49,82.3,1800457088,0x80000
1785056811,2026-07-26 17:06:51,82.7,1726417920,0x80008
1785056813,2026-07-26 17:06:53,83.2,1775460992,0x80008
1785056815,2026-07-26 17:06:55,82.3,1775460992,0x80008
1785056817,2026-07-26 17:06:57,81.8,1800457088,0x80000
1785056819,2026-07-26 17:06:59,82.7,1775460992,0x80008
1785056821,2026-07-26 17:07:01,81.3,1726417920,0x80008
1785056823,2026-07-26 17:07:03,82.3,1800457088,0x80000
1785056825,2026-07-26 17:07:05,82.3,1800457088,0x80000
1785056827,2026-07-26 17:07:07,82.7,1800457088,0x80000
1785056829,2026-07-26 17:07:09,81.8,1726417920,0x80008
1785056831,2026-07-26 17:07:11,81.3,1775460992,0x80008
1785056833,2026-07-26 17:07:14,82.7,1775460992,0x80008
1785056836,2026-07-26 17:07:16,82.3,1775460992,0x80008
1785056838,2026-07-26 17:07:18,83.7,1775408256,0x80008
1785056840,2026-07-26 17:07:20,81.8,1775408256,0x80008
1785056842,2026-07-26 17:07:22,82.3,1775460992,0x80008
1785056844,2026-07-26 17:07:24,82.3,1775408256,0x80008
1785056846,2026-07-26 17:07:26,81.8,1800457088,0x80000
1785056848,2026-07-26 17:07:28,82.3,1726417920,0x80008
1785056850,2026-07-26 17:07:30,81.8,1775460992,0x80008
1785056852,2026-07-26 17:07:32,82.7,1726417920,0x80008
1785056854,2026-07-26 17:07:34,81.3,1800457088,0x80000
1785056856,2026-07-26 17:07:36,83.7,1629386752,0x80000
1785056858,2026-07-26 17:07:38,83.2,1775460992,0x80008
1785056860,2026-07-26 17:07:40,81.8,1775460992,0x80008
1785056862,2026-07-26 17:07:42,82.3,1775408256,0x80008
1785056864,2026-07-26 17:07:44,81.8,1800404352,0x80000
1785056866,2026-07-26 17:07:46,82.3,1775408256,0x80000
1785056868,2026-07-26 17:07:48,82.7,1677374976,0x80008
1785056870,2026-07-26 17:07:50,81.8,1677374976,0x80008
1785056872,2026-07-26 17:07:52,82.3,1775460992,0x80008
1785056874,2026-07-26 17:07:54,82.7,1726417920,0x80008
1785056876,2026-07-26 17:07:56,83.2,1800457088,0x80000
1785056878,2026-07-26 17:07:58,82.7,1726417920,0x80008
1785056880,2026-07-26 17:08:00,82.7,1775408256,0x80008
1785056882,2026-07-26 17:08:02,81.8,1726417920,0x80008
1785056884,2026-07-26 17:08:04,82.3,1677427712,0x80008
1785056886,2026-07-26 17:08:06,82.7,1677374976,0x80008
1785056889,2026-07-26 17:08:09,81.8,1800457088,0x80000
1785056891,2026-07-26 17:08:11,82.7,1726417920,0x80008
1785056893,2026-07-26 17:08:13,82.7,1726417920,0x80008
1785056895,2026-07-26 17:08:15,83.2,1800457088,0x80000
1785056897,2026-07-26 17:08:17,82.7,1726417920,0x80008
1785056899,2026-07-26 17:08:19,83.2,1775408256,0x80008
1785056901,2026-07-26 17:08:21,82.7,1726417920,0x80008
1785056903,2026-07-26 17:08:23,82.7,1775460992,0x80008
1785056905,2026-07-26 17:08:25,82.7,1726417920,0x80008
1785056907,2026-07-26 17:08:27,83.2,1677374976,0x80008
1785056909,2026-07-26 17:08:29,82.7,1775460992,0x80000
1785056911,2026-07-26 17:08:31,82.3,1800457088,0x80000
1785056913,2026-07-26 17:08:33,82.3,1775460992,0x80008
1785056915,2026-07-26 17:08:35,82.3,1775460992,0x80008
1785056917,2026-07-26 17:08:37,82.7,1800404352,0x80000
1785056919,2026-07-26 17:08:39,82.3,1677427712,0x80008
1785056921,2026-07-26 17:08:41,81.8,1726417920,0x80000
1785056923,2026-07-26 17:08:43,82.7,1775460992,0x80008
1785056925,2026-07-26 17:08:45,81.8,1775460992,0x80008
1785056927,2026-07-26 17:08:47,82.7,1775408256,0x80008
1785056929,2026-07-26 17:08:49,82.7,1677427712,0x80008
1785056931,2026-07-26 17:08:51,82.7,1775460992,0x80008
1785056933,2026-07-26 17:08:53,81.8,1775460992,0x80008
1785056935,2026-07-26 17:08:55,82.3,1800457088,0x80000
1785056937,2026-07-26 17:08:57,82.7,1775460992,0x80008
1785056939,2026-07-26 17:08:59,82.7,1726417920,0x80008
1785056942,2026-07-26 17:09:02,82.3,1800404352,0x80000
1785056944,2026-07-26 17:09:04,82.3,1775408256,0x80008
1785056946,2026-07-26 17:09:06,82.7,1775460992,0x80008
1785056948,2026-07-26 17:09:08,83.7,1629386752,0x80008
1785056950,2026-07-26 17:09:10,83.2,1800404352,0x80000
1785056952,2026-07-26 17:09:12,82.3,1800404352,0x80000
1785056954,2026-07-26 17:09:14,82.7,1800457088,0x80000
1785056956,2026-07-26 17:09:16,82.7,1775408256,0x80008
1785056958,2026-07-26 17:09:18,81.8,1775460992,0x80008
1785056960,2026-07-26 17:09:20,82.3,1775460992,0x80000
1785056962,2026-07-26 17:09:22,82.7,1800457088,0x80008
1785056964,2026-07-26 17:09:24,82.3,1800404352,0x80000
1785056966,2026-07-26 17:09:26,82.7,1726417920,0x80008
1785056968,2026-07-26 17:09:28,82.7,1726470656,0x80008
1785056970,2026-07-26 17:09:30,82.3,1726417920,0x80008
1785056972,2026-07-26 17:09:32,82.7,1775460992,0x80008
1785056974,2026-07-26 17:09:34,82.3,1800457088,0x80000
1785056976,2026-07-26 17:09:36,81.8,1775408256,0x80000
1785056978,2026-07-26 17:09:38,81.8,1726417920,0x80008
1785056980,2026-07-26 17:09:40,83.7,1726417920,0x80008
1785056982,2026-07-26 17:09:42,82.3,1775460992,0x80008
1785056984,2026-07-26 17:09:44,82.7,1800457088,0x80000
1785056986,2026-07-26 17:09:46,82.3,1677427712,0x80008
1785056988,2026-07-26 17:09:48,82.7,1726417920,0x80008
1785056990,2026-07-26 17:09:50,82.3,1775460992,0x80008
1785056992,2026-07-26 17:09:52,81.8,1775408256,0x80008
1785056995,2026-07-26 17:09:55,82.3,1800457088,0x80000
1785056997,2026-07-26 17:09:57,82.7,1726417920,0x80008
1785056999,2026-07-26 17:09:59,82.3,1775460992,0x80008
1785057001,2026-07-26 17:10:01,82.3,1775408256,0x80008
1785057003,2026-07-26 17:10:03,82.3,1726417920,0x80008
1785057005,2026-07-26 17:10:05,81.8,1726417920,0x80008
1785057007,2026-07-26 17:10:07,81.8,1726417920,0x80008
1785057009,2026-07-26 17:10:09,82.7,1726470656,0x80008
1785057011,2026-07-26 17:10:11,82.7,1726417920,0x80008
1785057013,2026-07-26 17:10:13,82.3,1775408256,0x80008
1785057015,2026-07-26 17:10:15,82.3,1775408256,0x80008
1785057017,2026-07-26 17:10:17,82.7,1677427712,0x80008
1785057019,2026-07-26 17:10:19,81.8,1677427712,0x80008
1785057021,2026-07-26 17:10:21,82.7,1800404352,0x80000
1785057023,2026-07-26 17:10:23,83.2,1677374976,0x80008
1785057025,2026-07-26 17:10:25,82.3,1629386752,0x80008
1785057027,2026-07-26 17:10:27,82.7,1629386752,0x80008
1785057029,2026-07-26 17:10:29,81.8,1775460992,0x80008
1785057031,2026-07-26 17:10:31,83.2,1726417920,0x80008
1785057033,2026-07-26 17:10:33,82.3,1677427712,0x80008
1785057035,2026-07-26 17:10:35,81.8,1726417920,0x80008
1785057037,2026-07-26 17:10:37,82.3,1726417920,0x80008
1785057039,2026-07-26 17:10:39,83.2,1677427712,0x80008
1785057041,2026-07-26 17:10:41,81.8,1726417920,0x80008
1785057043,2026-07-26 17:10:43,82.7,1726417920,0x80008
1785057045,2026-07-26 17:10:45,82.3,1800404352,0x80000
1785057048,2026-07-26 17:10:48,82.3,1775408256,0x80008
1785057050,2026-07-26 17:10:50,82.7,1775408256,0x80008
1785057052,2026-07-26 17:10:52,82.7,1726417920,0x80008
1785057054,2026-07-26 17:10:54,82.3,1726417920,0x80008
1785057056,2026-07-26 17:10:56,83.2,1677427712,0x80008
1785057058,2026-07-26 17:10:58,82.3,1775460992,0x80008
1785057060,2026-07-26 17:11:00,82.7,1775460992,0x80008
1785057062,2026-07-26 17:11:02,83.2,1726417920,0x80008
1785057064,2026-07-26 17:11:04,82.3,1775460992,0x80008
1785057066,2026-07-26 17:11:06,83.2,1775460992,0x80000
1785057068,2026-07-26 17:11:08,81.8,1800404352,0x80008
1785057070,2026-07-26 17:11:10,82.3,1775460992,0x80008
1785057072,2026-07-26 17:11:12,82.3,1800457088,0x80000
1785057074,2026-07-26 17:11:14,81.3,1726417920,0x80008
1785057076,2026-07-26 17:11:16,82.3,1800457088,0x80000
1785057078,2026-07-26 17:11:18,82.7,1677374976,0x80008
1785057080,2026-07-26 17:11:20,82.3,1726417920,0x80008
1785057082,2026-07-26 17:11:22,82.7,1800457088,0x80000
1785057084,2026-07-26 17:11:24,81.8,1677427712,0x80008
1785057086,2026-07-26 17:11:26,82.7,1726417920,0x80008
1785057088,2026-07-26 17:11:28,82.7,1726417920,0x80008
1785057090,2026-07-26 17:11:30,81.8,1800404352,0x80000
1785057092,2026-07-26 17:11:32,82.7,1726417920,0x80008
1785057094,2026-07-26 17:11:34,81.8,1726417920,0x80000
1785057096,2026-07-26 17:11:36,83.2,1800457088,0x80000
1785057099,2026-07-26 17:11:39,83.2,1677427712,0x80008
1785057101,2026-07-26 17:11:41,81.8,1726417920,0x80008
1785057103,2026-07-26 17:11:43,82.3,1775408256,0x80008
1785057105,2026-07-26 17:11:45,82.3,1726417920,0x80000
1785057107,2026-07-26 17:11:47,82.3,1775460992,0x80008
1785057109,2026-07-26 17:11:49,82.3,1775408256,0x80008
1785057111,2026-07-26 17:11:51,83.2,1800404352,0x80000
1785057113,2026-07-26 17:11:53,81.8,1726417920,0x80000
1785057115,2026-07-26 17:11:55,81.8,1726417920,0x80008
1785057117,2026-07-26 17:11:57,82.7,1800457088,0x80000
1785057119,2026-07-26 17:11:59,81.8,1726417920,0x80008
1785057121,2026-07-26 17:12:01,83.2,1726417920,0x80008
1785057123,2026-07-26 17:12:03,82.7,1677374976,0x80008
1785057125,2026-07-26 17:12:05,82.3,1629439488,0x80008
1785057127,2026-07-26 17:12:07,78.4,1800457088,0x80000
1785057129,2026-07-26 17:12:09,75.4,1800457088,0x80000
1785057131,2026-07-26 17:12:11,72.0,600169920,0x80000
1785057133,2026-07-26 17:12:13,71.1,1800457088,0x80000
1785057135,2026-07-26 17:12:15,69.6,1800457088,0x80000
1785057137,2026-07-26 17:12:17,67.6,700207040,0x80000
1785057139,2026-07-26 17:12:19,66.7,600169920,0x80000
1785057141,2026-07-26 17:12:21,66.7,700154304,0x80000
1785057143,2026-07-26 17:12:23,65.7,1200287104,0x80000
1785057145,2026-07-26 17:12:25,64.7,600117184,0x80000
1785057147,2026-07-26 17:12:27,63.7,600117184,0x80000
1785057149,2026-07-26 17:12:29,62.8,1800457088,0x80000
1785057151,2026-07-26 17:12:31,62.8,1800457088,0x80000
1785057153,2026-07-26 17:12:33,63.7,1800404352,0x80000
1785057155,2026-07-26 17:12:35,63.7,600117184,0x80000
1785057158,2026-07-26 17:12:38,62.8,1800404352,0x80000
1785057160,2026-07-26 17:12:40,61.8,1800404352,0x80000
1785057162,2026-07-26 17:12:42,62.3,600117184,0x80000
1785057164,2026-07-26 17:12:44,62.8,1800457088,0x80000
1785057166,2026-07-26 17:12:46,61.8,1800457088,0x80000
1785057168,2026-07-26 17:12:48,61.3,600117184,0x80000
1785057170,2026-07-26 17:12:50,61.3,1800457088,0x80000
1785057172,2026-07-26 17:12:52,60.8,1800457088,0x80000
1785057174,2026-07-26 17:12:54,60.3,600169920,0x80000
1785057176,2026-07-26 17:12:56,59.4,600117184,0x80000
1785057178,2026-07-26 17:12:58,58.9,600117184,0x80000
1785057180,2026-07-26 17:13:00,58.9,600169920,0x80000
1785057182,2026-07-26 17:13:02,59.9,1200287104,0x80000
1785057184,2026-07-26 17:13:04,58.4,600169920,0x80000
1785057186,2026-07-26 17:13:06,57.9,1800404352,0x80000
1785057188,2026-07-26 17:13:08,58.4,1800457088,0x80000
1785057190,2026-07-26 17:13:10,58.4,700154304,0x80000
1785057192,2026-07-26 17:13:12,57.9,700207040,0x80000
1785057194,2026-07-26 17:13:14,57.9,600117184,0x80000
1785057196,2026-07-26 17:13:16,58.4,600169920,0x80000
1785057198,2026-07-26 17:13:18,57.4,700154304,0x80000
1785057200,2026-07-26 17:13:20,58.4,1100249984,0x80000
1785057202,2026-07-26 17:13:22,56.4,1800457088,0x80000
1785057204,2026-07-26 17:13:24,57.9,1800457088,0x80000
1785057206,2026-07-26 17:13:26,57.4,1800404352,0x80000
1785057208,2026-07-26 17:13:28,56.9,1800457088,0x80000
1785057210,2026-07-26 17:13:30,57.4,1800457088,0x80000
1785057212,2026-07-26 17:13:32,56.4,1800457088,0x80000
1785057214,2026-07-26 17:13:34,56.4,600169920,0x80000
1785057216,2026-07-26 17:13:36,56.4,800191424,0x80000
1785057218,2026-07-26 17:13:38,56.0,600169920,0x80000
1785057220,2026-07-26 17:13:40,55.0,600169920,0x80000
1785057222,2026-07-26 17:13:42,55.5,1800457088,0x80000
1785057224,2026-07-26 17:13:44,56.4,1800457088,0x80000
1785057226,2026-07-26 17:13:46,55.0,700154304,0x80000
1785057228,2026-07-26 17:13:48,55.5,600169920,0x80000
1785057231,2026-07-26 17:13:51,55.5,700207040,0x80000
1785057233,2026-07-26 17:13:53,54.0,800191424,0x80000
1785057235,2026-07-26 17:13:55,54.5,900228544,0x80000
1785057237,2026-07-26 17:13:57,54.0,900228544,0x80000
1785057239,2026-07-26 17:13:59,54.0,1200287104,0x80000
1785057241,2026-07-26 17:14:01,53.5,800191424,0x80000
1785057243,2026-07-26 17:14:03,55.0,1800404352,0x80000
1785057245,2026-07-26 17:14:05,55.5,1800457088,0x80000
1785057247,2026-07-26 17:14:07,54.0,600169920,0x80000
1785057249,2026-07-26 17:14:09,55.0,600169920,0x80000
1785057251,2026-07-26 17:14:11,55.0,600169920,0x80000
1785057253,2026-07-26 17:14:13,53.0,1800457088,0x80000
1785057255,2026-07-26 17:14:15,53.5,1800404352,0x80000
1785057257,2026-07-26 17:14:17,54.0,600169920,0x80000
1785057259,2026-07-26 17:14:19,54.5,700154304,0x80000
1785057261,2026-07-26 17:14:21,54.5,1800457088,0x80000
1785057263,2026-07-26 17:14:23,54.0,1800457088,0x80000
1785057265,2026-07-26 17:14:25,53.0,1800404352,0x80000
1785057267,2026-07-26 17:14:27,53.5,1800457088,0x80000
1785057269,2026-07-26 17:14:29,53.5,1800404352,0x80000
1785057271,2026-07-26 17:14:31,54.5,1800404352,0x80000
1785057273,2026-07-26 17:14:33,52.5,1800404352,0x80000
1785057275,2026-07-26 17:14:35,52.5,1800404352,0x80000
1785057277,2026-07-26 17:14:37,52.1,1800457088,0x80000
1785057279,2026-07-26 17:14:39,52.5,1800457088,0x80000
1785057281,2026-07-26 17:14:41,52.5,1800457088,0x80000
1785057283,2026-07-26 17:14:43,53.0,1800404352,0x80000
1785057285,2026-07-26 17:14:45,52.5,700154304,0x80000
1785057287,2026-07-26 17:14:47,51.6,600169920,0x80000
1785057289,2026-07-26 17:14:49,53.0,1800457088,0x80000
1785057291,2026-07-26 17:14:51,53.0,1800457088,0x80000
1785057293,2026-07-26 17:14:53,53.0,600169920,0x80000
1785057295,2026-07-26 17:14:55,53.0,1800457088,0x80000
1785057297,2026-07-26 17:14:57,52.1,1800404352,0x80000
1785057299,2026-07-26 17:14:59,53.0,1800457088,0x80000
1785057301,2026-07-26 17:15:01,52.1,1000212864,0x80000
1785057303,2026-07-26 17:15:03,51.6,700154304,0x80000
1785057305,2026-07-26 17:15:05,51.1,600169920,0x80000
1785057307,2026-07-26 17:15:08,52.1,1800457088,0x80000
1785057310,2026-07-26 17:15:10,52.1,1800404352,0x80000
1785057312,2026-07-26 17:15:12,51.6,600169920,0x80000
1785057314,2026-07-26 17:15:14,52.1,1800404352,0x80000
1785057316,2026-07-26 17:15:16,51.6,1800457088,0x80000
1785057318,2026-07-26 17:15:18,51.6,600169920,0x80000
1785057320,2026-07-26 17:15:20,50.6,900228544,0x80000
1785057322,2026-07-26 17:15:22,51.6,600117184,0x80000
1785057324,2026-07-26 17:15:24,51.1,600117184,0x80000
1785057326,2026-07-26 17:15:26,50.1,600169920,0x80000
1785057328,2026-07-26 17:15:28,50.6,1800457088,0x80000
1785057330,2026-07-26 17:15:30,51.1,1800457088,0x80000
1785057332,2026-07-26 17:15:32,50.6,1800404352,0x80000
1785057334,2026-07-26 17:15:34,50.6,1800457088,0x80000
1785057336,2026-07-26 17:15:36,49.6,1800404352,0x80000
1785057338,2026-07-26 17:15:38,52.1,1800457088,0x80000
1785057340,2026-07-26 17:15:40,51.1,700154304,0x80000
1785057342,2026-07-26 17:15:42,51.1,1800404352,0x80000
1785057344,2026-07-26 17:15:44,50.6,1800404352,0x80000
1785057346,2026-07-26 17:15:46,50.6,1000265600,0x80000
1785057348,2026-07-26 17:15:48,50.6,900175808,0x80000
1785057350,2026-07-26 17:15:50,51.6,900175808,0x80000
1785057352,2026-07-26 17:15:52,50.1,900228544,0x80000
1785057354,2026-07-26 17:15:54,49.1,700154304,0x80000
1785057356,2026-07-26 17:15:56,49.6,600117184,0x80000
1785057358,2026-07-26 17:15:58,49.6,600169920,0x80000
1785057360,2026-07-26 17:16:00,50.1,1800404352,0x80000
1785057362,2026-07-26 17:16:02,50.6,1800404352,0x80000
1785057364,2026-07-26 17:16:04,49.6,600117184,0x80000
1785057366,2026-07-26 17:16:06,51.1,1800457088,0x80000
1785057368,2026-07-26 17:16:08,50.1,1800457088,0x80000
1785057370,2026-07-26 17:16:10,50.1,1800457088,0x80000
1785057372,2026-07-26 17:16:12,50.1,600117184,0x80000
1785057374,2026-07-26 17:16:14,50.6,700154304,0x80000
1785057376,2026-07-26 17:16:16,49.1,1800457088,0x80000
1785057378,2026-07-26 17:16:18,49.6,1800457088,0x80000
1785057380,2026-07-26 17:16:20,49.1,600117184,0x80000
1785057382,2026-07-26 17:16:22,49.6,1800457088,0x80000
1785057385,2026-07-26 17:16:25,50.6,1800404352,0x80000
1785057387,2026-07-26 17:16:27,50.6,600117184,0x80000
1785057389,2026-07-26 17:16:29,51.1,1800457088,0x80000
1785057391,2026-07-26 17:16:31,50.6,1800457088,0x80000
1785057393,2026-07-26 17:16:33,50.1,600169920,0x80000
1785057395,2026-07-26 17:16:35,50.1,600169920,0x80000
1785057397,2026-07-26 17:16:37,50.1,1800457088,0x80000
1785057399,2026-07-26 17:16:39,51.1,1800457088,0x80000
1785057401,2026-07-26 17:16:41,51.1,600117184,0x80000
1785057403,2026-07-26 17:16:43,50.6,1100302720,0x80000
1785057405,2026-07-26 17:16:45,49.1,600169920,0x80000
1785057407,2026-07-26 17:16:47,50.1,1800404352,0x80000
1785057409,2026-07-26 17:16:49,50.1,1800404352,0x80000
1785057411,2026-07-26 17:16:51,49.1,600169920,0x80000
1785057413,2026-07-26 17:16:53,48.7,600117184,0x80000
1785057415,2026-07-26 17:16:55,49.1,700207040,0x80000
1785057417,2026-07-26 17:16:57,48.7,700154304,0x80000
1785057419,2026-07-26 17:16:59,48.7,600169920,0x80000
1785057421,2026-07-26 17:17:01,48.7,600117184,0x80000
1785057423,2026-07-26 17:17:03,49.1,600169920,0x80000
1785057425,2026-07-26 17:17:05,49.1,600117184,0x80000
1785057427,2026-07-26 17:17:07,49.1,1800404352,0x80000
1785057429,2026-07-26 17:17:09,49.1,1800457088,0x80000
1785057431,2026-07-26 17:17:11,48.7,600169920,0x80000
1785057433,2026-07-26 17:17:13,49.1,1800404352,0x80000
1785057435,2026-07-26 17:17:15,49.1,1800457088,0x80000
1785057437,2026-07-26 17:17:17,48.7,600117184,0x80000
1785057439,2026-07-26 17:17:19,49.6,700207040,0x80000
1785057441,2026-07-26 17:17:21,50.1,1800457088,0x80000
1785057443,2026-07-26 17:17:23,48.7,1800457088,0x80000
1785057445,2026-07-26 17:17:25,49.1,600169920,0x80000
1785057447,2026-07-26 17:17:27,48.7,800191424,0x80000
1785057449,2026-07-26 17:17:29,49.1,1800404352,0x80000
1785057451,2026-07-26 17:17:31,49.6,1800457088,0x80000
1785057453,2026-07-26 17:17:33,49.6,1800404352,0x80000
1785057456,2026-07-26 17:17:36,49.1,600117184,0x80000
1785057458,2026-07-26 17:17:38,47.2,600117184,0x80000
1785057460,2026-07-26 17:17:40,49.6,600169920,0x80000
1785057462,2026-07-26 17:17:42,49.1,1800404352,0x80000
1785057464,2026-07-26 17:17:44,48.7,1800404352,0x80000
1785057466,2026-07-26 17:17:46,49.1,1100249984,0x80000
1785057468,2026-07-26 17:17:48,49.1,600117184,0x80000
1785057470,2026-07-26 17:17:50,48.2,1800404352,0x80000
1785057472,2026-07-26 17:17:52,49.6,1800457088,0x80000
1785057474,2026-07-26 17:17:54,49.6,1800457088,0x80000
1785057476,2026-07-26 17:17:56,49.1,1800457088,0x80000
1785057478,2026-07-26 17:17:58,48.7,1800457088,0x80000
1785057480,2026-07-26 17:18:00,49.1,1800457088,0x80000
1785057482,2026-07-26 17:18:02,48.2,600169920,0x80000
1785057484,2026-07-26 17:18:04,48.7,1800457088,0x80000
1785057486,2026-07-26 17:18:06,49.1,1800457088,0x80000
1785057488,2026-07-26 17:18:08,49.1,1800457088,0x80000
1785057490,2026-07-26 17:18:10,48.7,1800404352,0x80000
1785057492,2026-07-26 17:18:12,49.1,1800457088,0x80000
1785057494,2026-07-26 17:18:14,49.6,1800457088,0x80000
1785057496,2026-07-26 17:18:16,48.7,1800457088,0x80000
1785057498,2026-07-26 17:18:18,50.1,1800457088,0x80000
1785057500,2026-07-26 17:18:20,48.2,600169920,0x80000
1785057502,2026-07-26 17:18:22,48.2,600169920,0x80000
1785057504,2026-07-26 17:18:24,48.7,1800404352,0x80000
1785057506,2026-07-26 17:18:26,49.1,1800404352,0x80000
1785057508,2026-07-26 17:18:28,48.7,700154304,0x80000
1785057510,2026-07-26 17:18:30,49.1,1800404352,0x80000
1785057512,2026-07-26 17:18:32,48.7,1800404352,0x80000
1785057514,2026-07-26 17:18:34,49.1,700154304,0x80000
1785057516,2026-07-26 17:18:36,48.7,900228544,0x80000
1785057518,2026-07-26 17:18:38,47.7,700154304,0x80000
1785057520,2026-07-26 17:18:40,46.7,900228544,0x80000
1785057522,2026-07-26 17:18:42,47.7,1800457088,0x80000
1785057524,2026-07-26 17:18:44,48.7,1800457088,0x80000
1785057526,2026-07-26 17:18:46,48.7,1100302720,0x80000
1785057528,2026-07-26 17:18:48,48.7,900228544,0x80000
1785057530,2026-07-26 17:18:50,47.7,1800457088,0x80000
1785057532,2026-07-26 17:18:52,48.7,1800457088,0x80000
1785057534,2026-07-26 17:18:54,49.1,1800457088,0x80000
1785057536,2026-07-26 17:18:56,48.7,1800457088,0x80000
1785057538,2026-07-26 17:18:58,48.2,1800457088,0x80000
1785057541,2026-07-26 17:19:01,49.1,1800457088,0x80000
1785057543,2026-07-26 17:19:03,48.7,600117184,0x80000
1785057545,2026-07-26 17:19:05,48.7,600117184,0x80000
1785057547,2026-07-26 17:19:07,49.1,1800457088,0x80000
1785057549,2026-07-26 17:19:09,48.2,1800457088,0x80000
1785057551,2026-07-26 17:19:11,48.2,600169920,0x80000
1785057553,2026-07-26 17:19:13,48.7,600117184,0x80000
1785057555,2026-07-26 17:19:15,47.7,1800457088,0x80000
1785057557,2026-07-26 17:19:17,47.7,1800404352,0x80000
1785057559,2026-07-26 17:19:19,47.7,1800457088,0x80000
1785057561,2026-07-26 17:19:21,47.7,1200287104,0x80000
1785057563,2026-07-26 17:19:23,48.2,1800457088,0x80000
1785057565,2026-07-26 17:19:25,48.2,1800457088,0x80000
1785057567,2026-07-26 17:19:27,47.2,1800404352,0x80000
1785057569,2026-07-26 17:19:29,48.2,700154304,0x80000
1785057571,2026-07-26 17:19:31,48.2,1800457088,0x80000
1785057573,2026-07-26 17:19:33,48.2,1800457088,0x80000
1785057575,2026-07-26 17:19:35,48.2,1800457088,0x80000
1785057577,2026-07-26 17:19:37,48.2,700207040,0x80000
1785057579,2026-07-26 17:19:39,47.7,700207040,0x80000
1785057581,2026-07-26 17:19:41,47.2,700207040,0x80000
1785057583,2026-07-26 17:19:43,48.2,600117184,0x80000
1785057585,2026-07-26 17:19:45,48.2,1800457088,0x80000
1785057587,2026-07-26 17:19:47,47.7,1800404352,0x80000
1785057589,2026-07-26 17:19:49,48.2,600169920,0x80000
1785057591,2026-07-26 17:19:51,47.2,700154304,0x80000
1785057593,2026-07-26 17:19:53,47.2,600169920,0x80000
1785057595,2026-07-26 17:19:55,47.7,600169920,0x80000
1785057597,2026-07-26 17:19:57,47.2,600117184,0x80000
1785057599,2026-07-26 17:19:59,48.2,1800457088,0x80000
1785057601,2026-07-26 17:20:01,47.7,1800457088,0x80000
1785057603,2026-07-26 17:20:03,48.2,600169920,0x80000
1785057605,2026-07-26 17:20:05,47.2,1100249984,0x80000
1785057607,2026-07-26 17:20:07,47.2,1800404352,0x80000
1785057609,2026-07-26 17:20:09,47.7,1800457088,0x80000
1785057611,2026-07-26 17:20:11,48.7,1800457088,0x80000
1785057613,2026-07-26 17:20:13,47.2,600117184,0x80000
1785057616,2026-07-26 17:20:16,47.7,1800404352,0x80000
1785057618,2026-07-26 17:20:18,47.7,1800404352,0x80000
1785057620,2026-07-26 17:20:20,46.7,600117184,0x80000
1785057622,2026-07-26 17:20:22,48.2,600117184,0x80000
1785057624,2026-07-26 17:20:24,47.7,600117184,0x80000
1785057626,2026-07-26 17:20:26,47.2,1800457088,0x80000
1785057628,2026-07-26 17:20:28,47.2,1800457088,0x80000
1785057630,2026-07-26 17:20:30,47.2,1800457088,0x80000
1785057632,2026-07-26 17:20:32,48.2,1800457088,0x80000
1785057634,2026-07-26 17:20:34,48.2,1800404352,0x80000
1785057636,2026-07-26 17:20:36,47.7,1800404352,0x80000
1785057638,2026-07-26 17:20:38,47.7,1800404352,0x80000
1785057640,2026-07-26 17:20:40,48.2,1800404352,0x80000
1785057642,2026-07-26 17:20:42,48.7,1800404352,0x80000
1785057644,2026-07-26 17:20:44,48.2,700154304,0x80000
1785057646,2026-07-26 17:20:46,48.2,900228544,0x80000
1785057648,2026-07-26 17:20:48,46.7,1000265600,0x80000
1785057650,2026-07-26 17:20:50,47.2,1800404352,0x80000
1785057652,2026-07-26 17:20:52,47.2,1800457088,0x80000
1785057654,2026-07-26 17:20:54,47.2,1800457088,0x80000
1785057656,2026-07-26 17:20:56,47.7,700154304,0x80000
1785057658,2026-07-26 17:20:58,47.7,1800457088,0x80000
1785057660,2026-07-26 17:21:00,48.2,1800404352,0x80000
1785057662,2026-07-26 17:21:02,46.7,600169920,0x80000
1785057664,2026-07-26 17:21:04,47.2,1800457088,0x80000
1785057666,2026-07-26 17:21:06,47.2,1800404352,0x80000
1785057668,2026-07-26 17:21:08,48.2,600169920,0x80000
1785057670,2026-07-26 17:21:10,48.2,1800457088,0x80000
1785057672,2026-07-26 17:21:12,48.2,1800457088,0x80000
1785057674,2026-07-26 17:21:14,47.2,600117184,0x80000
1785057676,2026-07-26 17:21:16,47.7,1800457088,0x80000
1785057678,2026-07-26 17:21:18,47.7,1800404352,0x80000
1785057680,2026-07-26 17:21:20,48.2,600117184,0x80000
1785057682,2026-07-26 17:21:22,47.2,600169920,0x80000
1785057684,2026-07-26 17:21:24,48.7,1800457088,0x80000
1785057686,2026-07-26 17:21:26,48.2,1800457088,0x80000
1785057688,2026-07-26 17:21:28,48.2,1800457088,0x80000
1785057690,2026-07-26 17:21:30,47.2,600117184,0x80000
1785057692,2026-07-26 17:21:32,47.2,600169920,0x80000
1785057694,2026-07-26 17:21:34,47.7,1800404352,0x80000
1785057696,2026-07-26 17:21:36,48.2,1800404352,0x80000
1785057698,2026-07-26 17:21:38,47.7,1800457088,0x80000
1785057701,2026-07-26 17:21:41,46.7,1100249984,0x80000
1785057703,2026-07-26 17:21:43,47.7,600169920,0x80000
1785057705,2026-07-26 17:21:45,47.2,600169920,0x80000
1785057707,2026-07-26 17:21:47,46.7,900228544,0x80000
1785057709,2026-07-26 17:21:49,47.7,600169920,0x80000
1785057711,2026-07-26 17:21:51,46.7,1800404352,0x80000
1785057713,2026-07-26 17:21:53,46.7,1800457088,0x80000
1785057715,2026-07-26 17:21:55,46.7,600169920,0x80000
1785057717,2026-07-26 17:21:57,47.2,600117184,0x80000
1785057719,2026-07-26 17:21:59,47.2,600169920,0x80000
1785057721,2026-07-26 17:22:01,47.2,1800457088,0x80000
1785057723,2026-07-26 17:22:03,47.7,1800457088,0x80000
1785057725,2026-07-26 17:22:05,47.2,900228544,0x80000
1785057727,2026-07-26 17:22:07,46.7,700154304,0x80000
1785057729,2026-07-26 17:22:09,48.2,700154304,0x80000
1785057731,2026-07-26 17:22:11,45.7,600169920,0x80000
1785057733,2026-07-26 17:22:13,47.2,600169920,0x80000
1785057735,2026-07-26 17:22:15,46.7,600117184,0x80000
1785057737,2026-07-26 17:22:17,46.7,600117184,0x80000
1785057739,2026-07-26 17:22:19,46.2,600117184,0x80000
1785057741,2026-07-26 17:22:21,46.2,600117184,0x80000
1785057743,2026-07-26 17:22:23,46.7,600117184,0x80000
1785057745,2026-07-26 17:22:25,46.2,1800457088,0x80000
1785057747,2026-07-26 17:22:27,47.2,1800457088,0x80000
1785057749,2026-07-26 17:22:29,47.7,600169920,0x80000
1785057751,2026-07-26 17:22:31,47.7,600169920,0x80000
1785057753,2026-07-26 17:22:33,47.2,1800457088,0x80000
1785057755,2026-07-26 17:22:35,47.7,1800457088,0x80000
1785057757,2026-07-26 17:22:37,47.7,600169920,0x80000
1785057759,2026-07-26 17:22:39,47.2,600117184,0x80000
1785057761,2026-07-26 17:22:41,47.7,600169920,0x80000
1785057764,2026-07-26 17:22:44,47.7,1800457088,0x80000
1785057766,2026-07-26 17:22:46,47.2,1800457088,0x80000
1785057768,2026-07-26 17:22:48,47.7,900228544,0x80000
1785057770,2026-07-26 17:22:50,46.7,800191424,0x80000
1785057772,2026-07-26 17:22:52,46.7,700154304,0x80000
1785057774,2026-07-26 17:22:54,46.7,700154304,0x80000
1785057776,2026-07-26 17:22:56,46.7,1000265600,0x80000
1785057778,2026-07-26 17:22:58,47.2,800244160,0x80000
1785057780,2026-07-26 17:23:00,46.7,900228544,0x80000
1785057782,2026-07-26 17:23:02,47.2,1800404352,0x80000
1785057784,2026-07-26 17:23:04,47.7,1800457088,0x80000
1785057786,2026-07-26 17:23:06,47.7,900228544,0x80000
1785057788,2026-07-26 17:23:08,48.2,1800457088,0x80000
1785057790,2026-07-26 17:23:10,47.2,1800457088,0x80000
1785057792,2026-07-26 17:23:12,48.2,600169920,0x80000
1785057794,2026-07-26 17:23:14,47.7,900228544,0x80000
1785057796,2026-07-26 17:23:16,45.7,700154304,0x80000
1785057798,2026-07-26 17:23:18,47.2,600117184,0x80000
1785057800,2026-07-26 17:23:20,46.7,600169920,0x80000
1785057802,2026-07-26 17:23:22,46.7,1800457088,0x80000
1785057804,2026-07-26 17:23:24,46.7,1800457088,0x80000
1785057806,2026-07-26 17:23:26,47.2,600169920,0x80000
1785057808,2026-07-26 17:23:28,47.2,1800404352,0x80000
1785057810,2026-07-26 17:23:30,48.2,1800457088,0x80000
1785057812,2026-07-26 17:23:32,46.7,700154304,0x80000
1785057814,2026-07-26 17:23:34,47.2,600169920,0x80000
1785057816,2026-07-26 17:23:36,47.2,600117184,0x80000
1785057818,2026-07-26 17:23:38,46.2,600117184,0x80000
1785057820,2026-07-26 17:23:40,46.2,600117184,0x80000
1785057822,2026-07-26 17:23:42,47.7,600169920,0x80000
1785057824,2026-07-26 17:23:44,46.7,600169920,0x80000
1785057826,2026-07-26 17:23:46,48.2,1000265600,0x80000
1785057828,2026-07-26 17:23:48,46.7,600117184,0x80000
1785057831,2026-07-26 17:23:51,47.2,600117184,0x80000
1785057833,2026-07-26 17:23:53,45.7,1100249984,0x80000
1785057835,2026-07-26 17:23:55,46.7,600169920,0x80000
1785057837,2026-07-26 17:23:57,46.7,1800457088,0x80000
1785057839,2026-07-26 17:23:59,48.2,1800404352,0x80000
1785057841,2026-07-26 17:24:01,47.2,600169920,0x80000
1785057843,2026-07-26 17:24:03,47.2,600117184,0x80000
1785057845,2026-07-26 17:24:05,47.2,600117184,0x80000
1785057847,2026-07-26 17:24:07,47.7,1800404352,0x80000
1785057849,2026-07-26 17:24:09,47.2,1800457088,0x80000
1785057851,2026-07-26 17:24:11,46.2,600117184,0x80000
1785057853,2026-07-26 17:24:13,47.2,1800404352,0x80000
1785057855,2026-07-26 17:24:15,47.2,1800404352,0x80000
1785057857,2026-07-26 17:24:17,46.7,700154304,0x80000
1785057859,2026-07-26 17:24:19,46.7,1800404352,0x80000
1785057861,2026-07-26 17:24:21,47.7,1800457088,0x80000
1785057863,2026-07-26 17:24:23,46.2,1800404352,0x80000
1785057865,2026-07-26 17:24:25,46.7,600117184,0x80000
1785057867,2026-07-26 17:24:27,47.2,700207040,0x80000
1785057869,2026-07-26 17:24:29,47.7,600117184,0x80000
1785057871,2026-07-26 17:24:31,46.7,600117184,0x80000
1785057873,2026-07-26 17:24:33,46.7,600117184,0x80000
1785057875,2026-07-26 17:24:35,46.2,700154304,0x80000
1785057877,2026-07-26 17:24:37,46.2,600169920,0x80000
1785057879,2026-07-26 17:24:39,46.2,1800457088,0x80000
1785057881,2026-07-26 17:24:41,46.7,1800404352,0x80000
1785057883,2026-07-26 17:24:43,45.7,1800457088,0x80000
1785057885,2026-07-26 17:24:45,46.7,600117184,0x80000
1785057887,2026-07-26 17:24:47,46.2,600169920,0x80000
1785057889,2026-07-26 17:24:49,46.7,1200339840,0x80000
1785057891,2026-07-26 17:24:51,46.7,1000212864,0x80000
1785057893,2026-07-26 17:24:53,46.7,600117184,0x80000
1785057895,2026-07-26 17:24:55,45.7,600117184,0x80000
1785057898,2026-07-26 17:24:58,46.7,1800457088,0x80000
1785057900,2026-07-26 17:25:00,46.2,1800457088,0x80000
1785057902,2026-07-26 17:25:02,46.7,600169920,0x80000
1785057904,2026-07-26 17:25:04,46.7,600169920,0x80000
1785057906,2026-07-26 17:25:06,45.7,600117184,0x80000
1785057908,2026-07-26 17:25:08,46.2,1800404352,0x80000
1785057910,2026-07-26 17:25:10,47.2,1800404352,0x80000
1785057912,2026-07-26 17:25:12,46.7,600169920,0x80000
1785057914,2026-07-26 17:25:14,46.2,800191424,0x80000
1785057916,2026-07-26 17:25:16,46.2,800191424,0x80000
1785057918,2026-07-26 17:25:18,45.7,900228544,0x80000
1785057920,2026-07-26 17:25:20,47.2,1800457088,0x80000
1785057922,2026-07-26 17:25:22,46.2,1800457088,0x80000
1785057924,2026-07-26 17:25:24,47.2,900228544,0x80000
1785057926,2026-07-26 17:25:26,46.7,1000265600,0x80000
1785057928,2026-07-26 17:25:28,45.2,1800457088,0x80000
1785057930,2026-07-26 17:25:30,46.7,1800404352,0x80000
1785057932,2026-07-26 17:25:32,46.2,1800457088,0x80000
1785057934,2026-07-26 17:25:34,47.7,800191424,0x80000
1785057936,2026-07-26 17:25:36,45.2,600169920,0x80000
1785057938,2026-07-26 17:25:38,46.2,1800404352,0x80000
1785057940,2026-07-26 17:25:40,45.2,1800457088,0x80000
1785057942,2026-07-26 17:25:42,46.2,600169920,0x80000
1785057944,2026-07-26 17:25:44,45.7,1800404352,0x80000
1785057946,2026-07-26 17:25:46,47.2,1800457088,0x80000
1785057948,2026-07-26 17:25:48,45.7,1800404352,0x80000
1785057950,2026-07-26 17:25:50,46.7,1800404352,0x80000
1785057952,2026-07-26 17:25:52,46.7,1800457088,0x80000
1785057954,2026-07-26 17:25:54,45.2,900228544,0x80000
1785057956,2026-07-26 17:25:56,45.7,1800457088,0x80000
1785057958,2026-07-26 17:25:58,46.2,1800457088,0x80000
1785057960,2026-07-26 17:26:00,47.2,1800457088,0x80000
1785057962,2026-07-26 17:26:02,46.7,600169920,0x80000
1785057964,2026-07-26 17:26:04,46.7,600117184,0x80000
1785057966,2026-07-26 17:26:06,45.7,1800404352,0x80000
1785057968,2026-07-26 17:26:08,47.2,1800404352,0x80000
1785057970,2026-07-26 17:26:10,46.2,700154304,0x80000
1785057972,2026-07-26 17:26:12,45.2,1800404352,0x80000
1785057974,2026-07-26 17:26:14,46.2,1800457088,0x80000
1785057976,2026-07-26 17:26:17,45.2,800191424,0x80000
1785057979,2026-07-26 17:26:19,45.7,1800457088,0x80000
1785057981,2026-07-26 17:26:21,46.7,1800457088,0x80000
1785057983,2026-07-26 17:26:23,46.2,1800404352,0x80000
1785057985,2026-07-26 17:26:25,45.2,800191424,0x80000
1785057987,2026-07-26 17:26:27,45.2,600169920,0x80000
1785057989,2026-07-26 17:26:29,46.7,1800457088,0x80000
1785057991,2026-07-26 17:26:31,45.7,1800457088,0x80000
1785057993,2026-07-26 17:26:33,45.2,600169920,0x80000
1785057995,2026-07-26 17:26:35,46.2,600169920,0x80000
1785057997,2026-07-26 17:26:37,45.2,900228544,0x80000
1785057999,2026-07-26 17:26:39,44.8,600169920,0x80000
1785058001,2026-07-26 17:26:41,45.2,600117184,0x80000
1785058003,2026-07-26 17:26:43,46.2,600169920,0x80000
1785058005,2026-07-26 17:26:45,44.8,700154304,0x80000
1785058007,2026-07-26 17:26:47,45.7,1800457088,0x80000
1785058009,2026-07-26 17:26:49,45.7,1800457088,0x80000
1785058011,2026-07-26 17:26:51,45.2,1800404352,0x80000
1785058013,2026-07-26 17:26:53,44.8,700154304,0x80000
1785058015,2026-07-26 17:26:55,44.8,700154304,0x80000
1785058017,2026-07-26 17:26:57,45.2,600169920,0x80000
1785058019,2026-07-26 17:26:59,45.2,1000265600,0x80000
1785058021,2026-07-26 17:27:01,45.7,1000265600,0x80000
1785058023,2026-07-26 17:27:03,44.8,1800404352,0x80000
1785058025,2026-07-26 17:27:05,45.7,1800457088,0x80000
1785058027,2026-07-26 17:27:07,45.2,600169920,0x80000
1785058029,2026-07-26 17:27:09,46.2,1800404352,0x80000
1785058031,2026-07-26 17:27:11,45.2,1800457088,0x80000
1785058033,2026-07-26 17:27:13,44.8,600169920,0x80000
1785058035,2026-07-26 17:27:15,45.7,1100302720,0x80000
1785058037,2026-07-26 17:27:17,44.8,900228544,0x80000
1785058039,2026-07-26 17:27:19,45.7,900228544,0x80000
1785058041,2026-07-26 17:27:21,44.3,1800457088,0x80000
1785058043,2026-07-26 17:27:23,45.2,1800457088,0x80000
1785058045,2026-07-26 17:27:25,45.7,1800457088,0x80000
1785058047,2026-07-26 17:27:27,44.8,900228544,0x80000
1785058050,2026-07-26 17:27:30,45.2,900228544,0x80000
1785058052,2026-07-26 17:27:32,45.2,1000265600,0x80000
1785058054,2026-07-26 17:27:34,45.7,1800457088,0x80000
1785058056,2026-07-26 17:27:36,44.8,1800404352,0x80000
1785058058,2026-07-26 17:27:38,45.2,600169920,0x80000
1785058060,2026-07-26 17:27:40,45.2,700207040,0x80000
1785058062,2026-07-26 17:27:42,46.2,600117184,0x80000
1785058064,2026-07-26 17:27:44,44.8,600169920,0x80000
1785058066,2026-07-26 17:27:46,44.8,1800457088,0x80000
1785058068,2026-07-26 17:27:48,45.2,1800457088,0x80000
1785058070,2026-07-26 17:27:50,45.2,600169920,0x80000
1785058072,2026-07-26 17:27:52,45.7,600169920,0x80000
1785058074,2026-07-26 17:27:54,45.2,1800457088,0x80000
1785058076,2026-07-26 17:27:56,46.2,1800457088,0x80000
1785058078,2026-07-26 17:27:58,44.8,600169920,0x80000
1785058080,2026-07-26 17:28:00,45.2,600169920,0x80000
1785058082,2026-07-26 17:28:02,45.2,700154304,0x80000
1785058084,2026-07-26 17:28:04,45.2,1800404352,0x80000
1785058086,2026-07-26 17:28:06,44.8,1800457088,0x80000
1785058088,2026-07-26 17:28:08,44.8,600169920,0x80000
1785058090,2026-07-26 17:28:10,44.3,600117184,0x80000
1785058092,2026-07-26 17:28:12,45.7,1800404352,0x80000
1785058094,2026-07-26 17:28:14,45.7,1800457088,0x80000
1785058096,2026-07-26 17:28:16,45.2,600117184,0x80000
1785058098,2026-07-26 17:28:18,45.2,1800457088,0x80000
1785058100,2026-07-26 17:28:20,45.7,1800457088,0x80000
1785058102,2026-07-26 17:28:22,45.7,1800457088,0x80000
1785058104,2026-07-26 17:28:24,45.7,700154304,0x80000
1785058106,2026-07-26 17:28:26,45.7,1800404352,0x80000
1785058108,2026-07-26 17:28:28,46.2,1800457088,0x80000
1785058110,2026-07-26 17:28:30,45.7,600169920,0x80000
1785058112,2026-07-26 17:28:32,46.2,1800457088,0x80000
1785058114,2026-07-26 17:28:34,46.2,1800457088,0x80000
1785058116,2026-07-26 17:28:36,45.7,600169920,0x80000
1785058118,2026-07-26 17:28:38,45.7,1800404352,0x80000
1785058120,2026-07-26 17:28:40,46.7,1800457088,0x80000
1785058123,2026-07-26 17:28:43,46.2,600117184,0x80000
1785058125,2026-07-26 17:28:45,45.2,600169920,0x80000
1785058127,2026-07-26 17:28:47,43.8,900228544,0x80000
1785058129,2026-07-26 17:28:49,45.7,600169920,0x80000
1785058131,2026-07-26 17:28:51,45.7,1800457088,0x80000
1785058133,2026-07-26 17:28:53,46.2,1800457088,0x80000
1785058135,2026-07-26 17:28:55,46.7,600169920,0x80000
1785058137,2026-07-26 17:28:57,45.7,1800457088,0x80000
1785058139,2026-07-26 17:28:59,45.7,1800457088,0x80000
1785058141,2026-07-26 17:29:01,46.7,1800457088,0x80000
1785058143,2026-07-26 17:29:03,46.2,600117184,0x80000
1785058145,2026-07-26 17:29:05,46.7,700154304,0x80000
1785058147,2026-07-26 17:29:07,46.2,700207040,0x80000
1785058149,2026-07-26 17:29:09,44.8,600169920,0x80000
1785058151,2026-07-26 17:29:11,46.7,700207040,0x80000
1785058153,2026-07-26 17:29:13,47.2,1800457088,0x80000
1785058155,2026-07-26 17:29:15,47.2,1800457088,0x80000
1785058157,2026-07-26 17:29:17,46.7,600117184,0x80000
1785058159,2026-07-26 17:29:19,46.7,600117184,0x80000
1785058161,2026-07-26 17:29:21,47.2,1800457088,0x80000
1785058163,2026-07-26 17:29:23,47.7,1800404352,0x80000
1785058165,2026-07-26 17:29:25,47.2,600169920,0x80000
1785058167,2026-07-26 17:29:27,47.7,600169920,0x80000
1785058169,2026-07-26 17:29:29,46.7,1800457088,0x80000
1785058171,2026-07-26 17:29:31,48.2,1800457088,0x80000
1785058173,2026-07-26 17:29:33,47.7,1000265600,0x80000
1785058175,2026-07-26 17:29:35,47.7,600169920,0x80000
1785058177,2026-07-26 17:29:37,47.7,1800457088,0x80000
1785058179,2026-07-26 17:29:39,48.7,1800404352,0x80000
1785058181,2026-07-26 17:29:41,47.2,1800457088,0x80000
1785058183,2026-07-26 17:29:43,48.2,1800457088,0x80000
1785058185,2026-07-26 17:29:45,47.7,1800457088,0x80000
1785058187,2026-07-26 17:29:47,47.2,600117184,0x80000
1785058189,2026-07-26 17:29:49,46.7,600117184,0x80000
1785058191,2026-07-26 17:29:51,47.2,800191424,0x80000
1785058194,2026-07-26 17:29:54,47.2,1800457088,0x80000
1785058196,2026-07-26 17:29:56,47.7,1800457088,0x80000
1785058198,2026-07-26 17:29:58,47.7,1800457088,0x80000
1785058200,2026-07-26 17:30:00,48.2,1800404352,0x80000
1785058202,2026-07-26 17:30:02,47.7,1800457088,0x80000
1785058204,2026-07-26 17:30:04,47.7,1800457088,0x80000
1785058206,2026-07-26 17:30:06,47.7,600169920,0x80000
1785058208,2026-07-26 17:30:08,47.2,600169920,0x80000
1785058210,2026-07-26 17:30:10,48.2,800191424,0x80000
1785058212,2026-07-26 17:30:12,46.7,1000212864,0x80000
1785058214,2026-07-26 17:30:14,47.7,1800457088,0x80000
1785058216,2026-07-26 17:30:16,46.7,1800457088,0x80000
1785058218,2026-07-26 17:30:18,47.7,1800457088,0x80000
1785058220,2026-07-26 17:30:20,48.7,900228544,0x80000
1785058222,2026-07-26 17:30:22,48.2,600117184,0x80000
1785058224,2026-07-26 17:30:24,47.7,600117184,0x80000
1785058226,2026-07-26 17:30:26,48.2,1800457088,0x80000
1785058228,2026-07-26 17:30:28,48.2,1800457088,0x80000
1785058230,2026-07-26 17:30:30,47.2,700207040,0x80000
1785058232,2026-07-26 17:30:32,48.2,700154304,0x80000
1785058234,2026-07-26 17:30:34,47.7,600117184,0x80000
1785058236,2026-07-26 17:30:36,47.2,1800457088,0x80000
1785058238,2026-07-26 17:30:38,48.7,1800457088,0x80000
1785058240,2026-07-26 17:30:40,47.7,600117184,0x80000
1785058242,2026-07-26 17:30:42,48.2,1800404352,0x80000
1785058244,2026-07-26 17:30:44,48.7,1800404352,0x80000
1785058246,2026-07-26 17:30:46,49.6,600117184,0x80000
1785058248,2026-07-26 17:30:48,48.2,1800404352,0x80000
1785058250,2026-07-26 17:30:50,49.1,1800457088,0x80000
1785058252,2026-07-26 17:30:52,48.2,600117184,0x80000
1785058254,2026-07-26 17:30:54,48.7,700154304,0x80000
1785058256,2026-07-26 17:30:56,48.7,1800404352,0x80000
1785058258,2026-07-26 17:30:58,48.7,1800457088,0x80000
1785058260,2026-07-26 17:31:00,49.1,1800457088,0x80000
1785058262,2026-07-26 17:31:02,48.7,1100302720,0x80000
1785058264,2026-07-26 17:31:04,49.1,600117184,0x80000
1785058266,2026-07-26 17:31:06,48.2,1800404352,0x80000
1785058268,2026-07-26 17:31:08,49.1,1800457088,0x80000
1785058270,2026-07-26 17:31:11,48.2,600117184,0x80000
1785058273,2026-07-26 17:31:13,49.1,1800404352,0x80000
1785058275,2026-07-26 17:31:15,49.1,1800457088,0x80000
1785058277,2026-07-26 17:31:17,49.1,600117184,0x80000
1785058279,2026-07-26 17:31:19,49.6,600117184,0x80000
1785058281,2026-07-26 17:31:21,48.7,600117184,0x80000
1785058283,2026-07-26 17:31:23,48.7,1800457088,0x80000
1785058285,2026-07-26 17:31:25,49.6,1800457088,0x80000
1785058287,2026-07-26 17:31:27,49.6,600169920,0x80000
1785058289,2026-07-26 17:31:29,49.1,1800457088,0x80000
1785058291,2026-07-26 17:31:31,49.1,1800457088,0x80000
1785058293,2026-07-26 17:31:33,49.1,600169920,0x80000
1785058295,2026-07-26 17:31:35,48.7,600117184,0x80000
1785058297,2026-07-26 17:31:37,48.2,700154304,0x80000
1785058299,2026-07-26 17:31:39,48.7,700154304,0x80000
1785058301,2026-07-26 17:31:41,48.2,1800404352,0x80000
1785058303,2026-07-26 17:31:43,49.1,1800457088,0x80000
1785058305,2026-07-26 17:31:45,48.7,700154304,0x80000
1785058307,2026-07-26 17:31:47,48.7,600169920,0x80000
1785058309,2026-07-26 17:31:49,48.7,600169920,0x80000
1785058311,2026-07-26 17:31:51,49.1,1800404352,0x80000
1785058313,2026-07-26 17:31:53,49.6,1800457088,0x80000
1785058315,2026-07-26 17:31:55,49.1,600117184,0x80000
1785058317,2026-07-26 17:31:57,49.6,600117184,0x80000
1785058319,2026-07-26 17:31:59,48.7,600117184,0x80000
1785058321,2026-07-26 17:32:01,48.7,1800404352,0x80000
1785058323,2026-07-26 17:32:03,49.6,1800457088,0x80000
1785058325,2026-07-26 17:32:05,50.6,1800457088,0x80000
1785058327,2026-07-26 17:32:07,50.1,600117184,0x80000
1785058329,2026-07-26 17:32:09,49.1,1800404352,0x80000
1785058331,2026-07-26 17:32:11,50.1,1800404352,0x80000
1785058333,2026-07-26 17:32:13,50.1,600169920,0x80000
1785058335,2026-07-26 17:32:15,50.1,700154304,0x80000
1785058337,2026-07-26 17:32:17,49.6,1800457088,0x80000
1785058339,2026-07-26 17:32:19,51.1,1800457088,0x80000
1785058341,2026-07-26 17:32:21,50.6,700154304,0x80000
1785058344,2026-07-26 17:32:24,50.6,1800404352,0x80000
1785058346,2026-07-26 17:32:26,49.6,1800404352,0x80000
1785058348,2026-07-26 17:32:28,50.1,600117184,0x80000
1785058350,2026-07-26 17:32:30,50.1,600117184,0x80000
1785058352,2026-07-26 17:32:32,50.1,1800404352,0x80000
1785058354,2026-07-26 17:32:34,50.1,1800457088,0x80000
1785058356,2026-07-26 17:32:36,50.1,600169920,0x80000
1785058358,2026-07-26 17:32:38,50.6,1800457088,0x80000
1785058360,2026-07-26 17:32:40,50.6,1800457088,0x80000
1785058362,2026-07-26 17:32:42,49.6,700154304,0x80000
1785058364,2026-07-26 17:32:44,50.6,600117184,0x80000
1785058366,2026-07-26 17:32:46,49.6,600169920,0x80000
1785058368,2026-07-26 17:32:48,50.1,600169920,0x80000
1785058370,2026-07-26 17:32:50,50.1,1800457088,0x80000
1785058372,2026-07-26 17:32:52,49.6,1800404352,0x80000
1785058374,2026-07-26 17:32:54,50.1,1800404352,0x80000
1785058376,2026-07-26 17:32:56,50.6,700154304,0x80000
1785058378,2026-07-26 17:32:58,49.6,1000212864,0x80000
1785058380,2026-07-26 17:33:00,50.6,700154304,0x80000
1785058382,2026-07-26 17:33:02,50.1,1800457088,0x80000
1785058384,2026-07-26 17:33:04,50.1,1800404352,0x80000
1785058386,2026-07-26 17:33:06,51.1,900228544,0x80000
1785058388,2026-07-26 17:33:08,50.6,1200287104,0x80000
1785058390,2026-07-26 17:33:10,50.1,600169920,0x80000
1785058392,2026-07-26 17:33:12,50.6,1800457088,0x80000
1785058394,2026-07-26 17:33:14,50.6,1800457088,0x80000
1785058396,2026-07-26 17:33:16,51.6,600117184,0x80000
1785058398,2026-07-26 17:33:18,50.1,600169920,0x80000
1785058400,2026-07-26 17:33:20,49.6,600117184,0x80000
1785058402,2026-07-26 17:33:22,51.1,1800457088,0x80000
1785058404,2026-07-26 17:33:24,50.1,1800404352,0x80000
1785058406,2026-07-26 17:33:26,51.1,600117184,0x80000
1785058408,2026-07-26 17:33:28,51.1,1800404352,0x80000
1785058410,2026-07-26 17:33:30,51.1,1800457088,0x80000
1785058412,2026-07-26 17:33:32,50.6,600117184,0x80000
1785058414,2026-07-26 17:33:34,52.1,1800457088,0x80000
1785058417,2026-07-26 17:33:37,52.1,1800404352,0x80000
1785058419,2026-07-26 17:33:39,50.6,1800457088,0x80000
1785058421,2026-07-26 17:33:41,51.6,700154304,0x80000
1785058423,2026-07-26 17:33:43,50.6,1800404352,0x80000
1785058425,2026-07-26 17:33:45,51.1,1800404352,0x80000
1785058427,2026-07-26 17:33:47,50.6,1800457088,0x80000
1785058429,2026-07-26 17:33:49,51.1,1800404352,0x80000
1785058431,2026-07-26 17:33:51,51.6,1800457088,0x80000
1785058433,2026-07-26 17:33:53,51.1,1800457088,0x80000
1785058435,2026-07-26 17:33:55,50.1,600117184,0x80000
1785058437,2026-07-26 17:33:57,51.1,600169920,0x80000
1785058439,2026-07-26 17:33:59,51.6,900228544,0x80000
1785058441,2026-07-26 17:34:01,51.6,1800457088,0x80000
1785058443,2026-07-26 17:34:03,51.1,1800404352,0x80000
1785058445,2026-07-26 17:34:05,51.6,1800404352,0x80000
1785058447,2026-07-26 17:34:07,50.1,600169920,0x80000
1785058449,2026-07-26 17:34:09,51.6,1800404352,0x80000
1785058451,2026-07-26 17:34:11,51.6,1800457088,0x80000
1785058453,2026-07-26 17:34:13,51.6,700154304,0x80000
1785058455,2026-07-26 17:34:15,51.6,600169920,0x80000
1785058457,2026-07-26 17:34:17,50.6,1800457088,0x80000
1785058459,2026-07-26 17:34:19,52.1,1800457088,0x80000
1785058461,2026-07-26 17:34:21,52.1,700154304,0x80000
1785058463,2026-07-26 17:34:23,52.5,1800457088,0x80000
1785058465,2026-07-26 17:34:25,51.1,1800457088,0x80000
1785058467,2026-07-26 17:34:27,51.1,600117184,0x80000
1785058469,2026-07-26 17:34:29,52.1,600169920,0x80000
1785058471,2026-07-26 17:34:31,51.1,1800404352,0x80000
1785058473,2026-07-26 17:34:33,50.6,1800404352,0x80000
1785058475,2026-07-26 17:34:35,51.6,1800404352,0x80000
1785058477,2026-07-26 17:34:37,50.1,600169920,0x80000
1785058479,2026-07-26 17:34:39,50.6,600169920,0x80000
1785058481,2026-07-26 17:34:41,51.1,600169920,0x80000
1785058483,2026-07-26 17:34:43,50.6,600169920,0x80000
1785058485,2026-07-26 17:34:45,50.6,600169920,0x80000
1785058487,2026-07-26 17:34:47,51.1,600117184,0x80000
1785058489,2026-07-26 17:34:49,51.1,1800457088,0x80000
1785058492,2026-07-26 17:34:52,51.1,1800457088,0x80000
1785058494,2026-07-26 17:34:54,51.1,900228544,0x80000
1785058496,2026-07-26 17:34:56,50.1,1800457088,0x80000
1785058498,2026-07-26 17:34:58,50.6,1800404352,0x80000
1785058500,2026-07-26 17:35:00,50.1,600117184,0x80000
1785058502,2026-07-26 17:35:02,50.1,1800457088,0x80000
1785058504,2026-07-26 17:35:04,51.1,1800457088,0x80000
1785058506,2026-07-26 17:35:06,50.1,900175808,0x80000
1785058508,2026-07-26 17:35:08,50.6,800191424,0x80000
1785058510,2026-07-26 17:35:10,49.6,600117184,0x80000
1785058512,2026-07-26 17:35:12,49.6,600169920,0x80000
1785058514,2026-07-26 17:35:14,50.1,900228544,0x80000
1785058516,2026-07-26 17:35:16,49.6,900228544,0x80000
1785058518,2026-07-26 17:35:18,49.1,900228544,0x80000
1785058520,2026-07-26 17:35:20,49.1,900175808,0x80000
1785058522,2026-07-26 17:35:22,49.6,1800457088,0x80000
1785058524,2026-07-26 17:35:24,50.1,1800457088,0x80000
1785058526,2026-07-26 17:35:26,49.6,900228544,0x80000
1785058528,2026-07-26 17:35:28,49.6,700154304,0x80000
1785058530,2026-07-26 17:35:30,49.6,600169920,0x80000
1785058532,2026-07-26 17:35:32,50.1,1800457088,0x80000
1785058534,2026-07-26 17:35:34,50.6,1800457088,0x80000
1785058536,2026-07-26 17:35:36,50.1,600169920,0x80000
1785058538,2026-07-26 17:35:38,48.7,600169920,0x80000
1785058540,2026-07-26 17:35:40,48.7,1800404352,0x80000
1785058542,2026-07-26 17:35:42,49.6,1800457088,0x80000
1785058544,2026-07-26 17:35:44,49.6,1800457088,0x80000
1785058546,2026-07-26 17:35:46,48.7,600117184,0x80000
1785058548,2026-07-26 17:35:48,49.1,600169920,0x80000
1785058550,2026-07-26 17:35:50,49.1,600169920,0x80000
1785058552,2026-07-26 17:35:52,48.7,800191424,0x80000
1785058554,2026-07-26 17:35:54,49.1,600117184,0x80000
1785058556,2026-07-26 17:35:56,50.1,600169920,0x80000
1785058558,2026-07-26 17:35:58,48.7,700154304,0x80000
1785058560,2026-07-26 17:36:01,49.6,600169920,0x80000
1785058563,2026-07-26 17:36:03,48.7,600117184,0x80000
1785058565,2026-07-26 17:36:05,47.7,900175808,0x80000
1785058567,2026-07-26 17:36:07,48.2,1100249984,0x80000
1785058569,2026-07-26 17:36:09,49.1,1800457088,0x80000
1785058571,2026-07-26 17:36:11,49.6,1800457088,0x80000
1785058573,2026-07-26 17:36:13,48.2,600117184,0x80000
1785058575,2026-07-26 17:36:15,48.7,600117184,0x80000
1785058577,2026-07-26 17:36:17,49.1,1800457088,0x80000
1785058579,2026-07-26 17:36:19,49.1,1800404352,0x80000
1785058581,2026-07-26 17:36:21,48.7,600169920,0x80000
1785058583,2026-07-26 17:36:23,49.1,600169920,0x80000
1785058585,2026-07-26 17:36:25,49.1,1800457088,0x80000
1785058587,2026-07-26 17:36:27,49.1,1800457088,0x80000
1785058589,2026-07-26 17:36:29,48.7,800191424,0x80000
1785058591,2026-07-26 17:36:31,48.2,700154304,0x80000
1785058593,2026-07-26 17:36:33,48.7,700207040,0x80000
1785058595,2026-07-26 17:36:35,48.7,600169920,0x80000
1785058597,2026-07-26 17:36:37,48.2,600169920,0x80000
1785058599,2026-07-26 17:36:39,48.2,600117184,0x80000
1785058601,2026-07-26 17:36:41,48.7,600169920,0x80000
1785058603,2026-07-26 17:36:43,47.2,1800457088,0x80000
1785058605,2026-07-26 17:36:45,48.2,1800457088,0x80000
1785058607,2026-07-26 17:36:47,47.7,1800457088,0x80000
1785058609,2026-07-26 17:36:49,48.2,600169920,0x80000
1785058611,2026-07-26 17:36:51,47.7,1800457088,0x80000
1785058613,2026-07-26 17:36:53,47.2,1800457088,0x80000
1785058615,2026-07-26 17:36:55,48.2,600117184,0x80000
1785058617,2026-07-26 17:36:57,47.2,1800404352,0x80000
1785058619,2026-07-26 17:36:59,48.2,1800457088,0x80000
1785058621,2026-07-26 17:37:01,48.2,1800457088,0x80000
1785058623,2026-07-26 17:37:03,47.7,900228544,0x80000
1785058625,2026-07-26 17:37:05,47.2,600117184,0x80000
1785058627,2026-07-26 17:37:07,48.2,600169920,0x80000
1785058630,2026-07-26 17:37:10,48.2,600117184,0x80000
1785058632,2026-07-26 17:37:12,48.2,700154304,0x80000
1785058634,2026-07-26 17:37:14,47.7,900228544,0x80000
1785058636,2026-07-26 17:37:16,47.2,900228544,0x80000
1785058638,2026-07-26 17:37:18,47.7,1800457088,0x80000
1785058640,2026-07-26 17:37:20,47.7,1800404352,0x80000
1785058642,2026-07-26 17:37:22,47.2,600117184,0x80000
1785058644,2026-07-26 17:37:24,47.7,600117184,0x80000
1785058646,2026-07-26 17:37:26,47.7,1800457088,0x80000
1785058648,2026-07-26 17:37:28,48.2,1800404352,0x80000
1785058650,2026-07-26 17:37:30,48.2,600169920,0x80000
1785058652,2026-07-26 17:37:32,47.7,1000212864,0x80000
1785058654,2026-07-26 17:37:34,47.2,600117184,0x80000
1785058656,2026-07-26 17:37:36,48.7,1800457088,0x80000
1785058658,2026-07-26 17:37:38,47.7,1800404352,0x80000
1785058660,2026-07-26 17:37:40,47.7,1800457088,0x80000
1785058662,2026-07-26 17:37:42,47.2,1800457088,0x80000
1785058664,2026-07-26 17:37:44,48.2,1800457088,0x80000
1785058666,2026-07-26 17:37:46,47.2,700154304,0x80000
1785058668,2026-07-26 17:37:48,47.2,700207040,0x80000
1785058670,2026-07-26 17:37:50,48.2,600169920,0x80000
1785058672,2026-07-26 17:37:52,48.2,600169920,0x80000
1785058674,2026-07-26 17:37:54,47.7,600117184,0x80000
1785058676,2026-07-26 17:37:56,47.2,600169920,0x80000
1785058678,2026-07-26 17:37:58,48.2,1800457088,0x80000
1785058680,2026-07-26 17:38:00,47.7,1800457088,0x80000
1785058682,2026-07-26 17:38:02,48.7,700154304,0x80000
1785058684,2026-07-26 17:38:04,46.7,1200339840,0x80000
1785058686,2026-07-26 17:38:06,47.2,600169920,0x80000
1785058688,2026-07-26 17:38:08,47.2,600169920,0x80000
1785058690,2026-07-26 17:38:10,47.2,600169920,0x80000
1785058692,2026-07-26 17:38:12,47.7,1800457088,0x80000
1785058694,2026-07-26 17:38:14,47.7,1800457088,0x80000
1785058696,2026-07-26 17:38:16,46.7,600117184,0x80000
1785058699,2026-07-26 17:38:19,47.7,1800404352,0x80000
1785058701,2026-07-26 17:38:21,48.2,1800404352,0x80000
1785058703,2026-07-26 17:38:23,47.7,600169920,0x80000
1785058705,2026-07-26 17:38:25,47.2,1800457088,0x80000
1785058707,2026-07-26 17:38:27,47.2,1800404352,0x80000
1785058709,2026-07-26 17:38:29,47.7,600169920,0x80000
1785058711,2026-07-26 17:38:31,48.7,1800457088,0x80000
1785058713,2026-07-26 17:38:33,48.7,1800457088,0x80000
1785058715,2026-07-26 17:38:35,48.2,600169920,0x80000
1785058717,2026-07-26 17:38:37,46.2,1000265600,0x80000
1785058719,2026-07-26 17:38:39,47.7,1800457088,0x80000
1785058721,2026-07-26 17:38:41,48.2,1800457088,0x80000
1785058723,2026-07-26 17:38:43,48.2,1800457088,0x80000
1785058725,2026-07-26 17:38:45,46.2,600169920,0x80000
1785058727,2026-07-26 17:38:47,47.2,600169920,0x80000
1785058729,2026-07-26 17:38:49,47.2,1800457088,0x80000
1785058731,2026-07-26 17:38:51,47.7,1800404352,0x80000
1785058733,2026-07-26 17:38:53,47.2,700154304,0x80000
1785058735,2026-07-26 17:38:55,47.7,1800404352,0x80000
1785058737,2026-07-26 17:38:57,47.7,1800457088,0x80000
1785058739,2026-07-26 17:38:59,47.2,700154304,0x80000
1785058741,2026-07-26 17:39:01,47.2,1800457088,0x80000
1785058743,2026-07-26 17:39:03,47.7,1800457088,0x80000
1785058745,2026-07-26 17:39:05,48.2,1800457088,0x80000
1785058747,2026-07-26 17:39:07,47.2,1000265600,0x80000
1785058749,2026-07-26 17:39:09,46.2,600169920,0x80000
1785058751,2026-07-26 17:39:11,47.7,1800457088,0x80000
1785058753,2026-07-26 17:39:13,47.7,1800457088,0x80000
1785058755,2026-07-26 17:39:15,47.2,600169920,0x80000
1785058757,2026-07-26 17:39:17,48.2,600169920,0x80000
1785058759,2026-07-26 17:39:19,47.7,1800457088,0x80000
1785058761,2026-07-26 17:39:21,48.2,1800457088,0x80000
1785058763,2026-07-26 17:39:23,48.2,600169920,0x80000
1785058765,2026-07-26 17:39:25,47.2,700154304,0x80000
1785058767,2026-07-26 17:39:27,48.2,1800404352,0x80000
1785058769,2026-07-26 17:39:29,47.7,1800404352,0x80000
1785058771,2026-07-26 17:39:31,48.2,600169920,0x80000
1785058773,2026-07-26 17:39:33,47.7,1800457088,0x80000
1785058775,2026-07-26 17:39:35,47.7,1800457088,0x80000
1785058777,2026-07-26 17:39:37,47.2,1800457088,0x80000
1785058780,2026-07-26 17:39:40,48.7,600169920,0x80000
1785058782,2026-07-26 17:39:42,47.2,600117184,0x80000
1785058784,2026-07-26 17:39:44,46.7,600117184,0x80000
1785058786,2026-07-26 17:39:46,47.2,1800404352,0x80000
1785058788,2026-07-26 17:39:48,48.2,1800457088,0x80000
1785058790,2026-07-26 17:39:50,48.2,1800457088,0x80000
1785058792,2026-07-26 17:39:52,46.7,900228544,0x80000
1785058794,2026-07-26 17:39:54,47.2,1800404352,0x80000
1785058796,2026-07-26 17:39:56,47.7,1800457088,0x80000
1785058798,2026-07-26 17:39:58,47.7,1800457088,0x80000
1785058800,2026-07-26 17:40:00,47.2,600169920,0x80000
1785058802,2026-07-26 17:40:02,47.7,800191424,0x80000
1785058804,2026-07-26 17:40:04,47.2,700154304,0x80000
1785058806,2026-07-26 17:40:06,47.2,600169920,0x80000
1785058808,2026-07-26 17:40:08,47.7,1800404352,0x80000
1785058810,2026-07-26 17:40:10,48.2,1800457088,0x80000
1785058812,2026-07-26 17:40:12,47.7,700154304,0x80000
1785058814,2026-07-26 17:40:14,47.2,700154304,0x80000
1785058816,2026-07-26 17:40:16,46.7,1800457088,0x80000
1785058818,2026-07-26 17:40:18,47.2,1800404352,0x80000
1785058820,2026-07-26 17:40:20,46.7,600117184,0x80000
1785058822,2026-07-26 17:40:22,48.2,1800457088,0x80000
1785058824,2026-07-26 17:40:24,46.7,1800457088,0x80000
1785058826,2026-07-26 17:40:26,47.2,600117184,0x80000
1785058828,2026-07-26 17:40:28,47.7,1800457088,0x80000
1785058830,2026-07-26 17:40:30,47.2,1800404352,0x80000
1785058832,2026-07-26 17:40:32,46.7,600169920,0x80000
1785058834,2026-07-26 17:40:34,47.2,600169920,0x80000
1785058836,2026-07-26 17:40:36,47.2,1200287104,0x80000
1785058838,2026-07-26 17:40:38,46.2,600169920,0x80000
1785058840,2026-07-26 17:40:40,47.2,1800404352,0x80000
1785058842,2026-07-26 17:40:42,48.2,1800457088,0x80000
1785058844,2026-07-26 17:40:44,47.2,600169920,0x80000
1785058846,2026-07-26 17:40:46,46.7,700154304,0x80000
1785058848,2026-07-26 17:40:48,47.2,1800404352,0x80000
1785058850,2026-07-26 17:40:50,47.7,1800457088,0x80000
1785058853,2026-07-26 17:40:53,46.7,1800457088,0x80000
1785058855,2026-07-26 17:40:55,47.7,1800404352,0x80000
1785058857,2026-07-26 17:40:57,48.2,1800457088,0x80000
1785058859,2026-07-26 17:40:59,47.7,1800457088,0x80000
1785058861,2026-07-26 17:41:01,48.2,1200287104,0x80000
