1783588971,56.4
1783588973,56.9
1783588975,56.9
1783588977,56.4
1783588979,56.4
1783588981,56.0
1783588983,56.0
1783588985,56.0
1783588987,55.5
1783588989,55.5
1783588991,55.5
1783588993,56.9
1783588995,56.0
1783588997,56.0
1783588999,56.0
1783589001,55.0
1783589003,56.0
1783589005,54.5
1783589008,55.0
1783589010,55.5
1783589012,55.0
1783589014,55.5
1783589016,55.0
1783589018,55.0
1783589020,54.5
1783589022,54.5
1783589024,55.5
1783589026,53.5
1783589028,54.5
1783589030,54.5
1783589032,55.0
1783589034,55.0
1783589036,54.0
1783589038,54.5
1783589040,54.0
1783589042,53.0
1783589044,54.5
1783589046,54.0
1783589048,53.5
1783589050,54.5
1783589052,53.0
1783589054,53.0
1783589056,54.5
1783589058,53.0
1783589060,54.0
1783589062,53.5
1783589064,53.5
1783589066,53.5
1783589068,53.5
1783589070,53.5
1783589072,53.0
1783589074,53.0
1783589076,52.5
1783589078,52.5
1783589080,53.0
1783589083,52.5
1783589085,52.5
1783589087,52.1
1783589089,53.0
1783589091,53.0
1783589093,52.5
1783589095,53.0
1783589097,53.0
1783589099,52.5
1783589101,52.5
1783589103,52.5
1783589105,52.5
1783589107,53.5
1783589109,52.1
1783589111,53.0
1783589113,52.5
1783589115,53.0
1783589117,53.0
1783589119,52.5
1783589121,52.1
1783589123,53.0
1783589125,52.1
1783589127,52.5
1783589129,52.5
1783589131,51.6
1783589133,52.5
1783589135,51.6
1783589137,53.5
1783589139,51.6
1783589141,52.1
1783589143,51.1
1783589145,53.0
1783589147,51.1
1783589149,52.5
1783589151,50.6
1783589153,52.1
1783589155,52.5
1783589158,52.5
1783589160,51.1
1783589162,51.6
1783589164,51.6
1783589166,51.1
1783589168,51.6
1783589170,51.6
1783589172,51.6
1783589174,52.1
1783589176,52.1
1783589178,52.1
1783589180,51.1
1783589182,51.1
1783589184,51.6
1783589186,52.1
1783589188,50.6
1783589190,50.6
1783589192,52.1
1783589194,51.6
1783589196,50.6
1783589198,51.6
1783589200,50.1
1783589202,51.6
1783589204,51.1
1783589206,50.6
1783589208,51.6
1783589210,51.1
1783589212,51.1
1783589214,50.1
1783589216,50.1
1783589218,51.1
1783589220,49.6
1783589222,50.6
1783589224,50.6
1783589226,51.1
1783589228,50.6
1783589230,50.6
1783589232,51.1
1783589235,50.6
1783589237,50.6
1783589239,50.6
1783589241,50.1
1783589243,51.1
1783589245,50.1
1783589247,50.1
1783589249,49.6
1783589251,51.1
1783589253,50.6
1783589255,51.1
1783589257,50.1
1783589259,50.6
1783589261,50.6
1783589263,50.6
1783589265,50.6
1783589267,51.1
1783589269,51.1
1783589271,50.6
1783589273,51.1
1783589275,51.1
1783589277,50.1
1783589279,51.6
1783589281,49.6
1783589283,50.6
1783589285,50.1
1783589287,50.6
1783589289,50.6
1783589291,50.6
1783589293,50.6
1783589295,50.1
1783589297,50.1
1783589299,49.1
1783589301,49.6
1783589303,50.6
1783589305,51.1
1783589307,49.6
1783589310,49.6
1783589312,49.6
1783589314,49.6
1783589316,50.6
1783589318,50.6
1783589320,49.6
1783589322,50.1
1783589324,50.1
1783589326,50.1
1783589328,49.6
1783589330,49.1
1783589332,49.6
1783589334,50.1
1783589336,50.6
1783589338,49.6
1783589340,49.1
1783589342,50.1
1783589344,50.1
1783589346,49.6
1783589348,49.6
1783589350,49.6
1783589352,49.6
1783589354,50.1
1783589356,50.6
1783589358,50.6
1783589360,48.7
1783589362,50.1
1783589364,49.1
1783589366,50.1
1783589368,49.6
1783589370,49.6
1783589372,48.7
1783589374,48.7
1783589376,48.2
1783589378,49.6
1783589380,49.6
1783589382,49.6
1783589385,50.1
1783589387,50.1
1783589389,50.1
1783589391,50.1
1783589393,49.6
1783589395,49.6
1783589397,49.6
1783589399,50.1
1783589401,49.1
1783589403,49.1
1783589405,49.1
1783589407,50.1
1783589409,49.1
1783589411,49.1
1783589413,50.1
1783589415,49.1
1783589417,49.1
1783589419,48.7
1783589421,49.6
1783589423,49.6
1783589425,49.6
1783589427,49.6
1783589429,49.1
1783589431,49.1
1783589433,49.1
1783589435,49.1
1783589437,49.1
1783589439,49.6
1783589441,49.6
1783589443,50.1
1783589445,49.6
1783589447,49.1
1783589449,48.7
1783589451,50.1
1783589453,49.1
1783589455,49.1
1783589457,49.6
1783589460,49.1
1783589462,50.6
1783589464,48.7
1783589466,49.1
1783589468,50.6
1783589470,48.7
1783589472,49.1
1783589474,49.1
1783589476,49.1
1783589478,49.6
1783589480,49.1
1783589482,49.1
1783589484,49.1
1783589486,48.2
1783589488,48.7
1783589490,49.1
1783589492,48.7
1783589494,49.6
1783589496,49.6
1783589498,48.2
1783589500,49.6
1783589502,49.6
1783589504,48.7
1783589506,48.7
1783589508,47.7
1783589510,49.1
1783589512,48.2
1783589514,49.6
1783589516,49.1
1783589518,48.2
1783589520,48.7
1783589522,49.1
1783589524,48.2
1783589526,49.1
1783589528,49.1
1783589530,49.1
1783589532,48.7
1783589535,49.1
1783589537,49.1
1783589539,48.7
1783589541,49.6
1783589543,49.1
1783589545,49.6
1783589547,49.6
1783589549,48.2
1783589551,48.2
1783589553,48.2
1783589555,48.7
1783589557,48.7
1783589559,48.7
1783589561,49.1
1783589563,49.1
1783589565,49.1
1783589567,49.1
1783589569,49.6
1783589571,48.7
1783589573,48.7
1783589575,48.7
1783589577,48.7
1783589579,48.7
1783589581,47.7
1783589583,47.7
1783589585,49.1
1783589587,47.2
1783589589,48.7
1783589591,49.1
1783589593,49.6
1783589595,48.2
1783589597,48.2
1783589599,48.7
1783589601,49.6
1783589603,48.2
1783589605,48.7
1783589607,49.1
1783589610,48.7
1783589612,49.1
1783589614,48.7
1783589616,49.1
1783589618,49.6
1783589620,48.2
1783589622,48.2
1783589624,48.7
1783589626,50.1
1783589628,48.2
1783589630,48.7
1783589632,49.1
1783589634,48.2
1783589636,47.7
1783589638,48.7
1783589640,49.1
1783589642,49.1
1783589644,48.7
1783589646,49.1
1783589648,49.1
1783589650,49.6
1783589652,49.1
1783589654,48.2
1783589656,49.1
1783589658,49.1
1783589660,48.7
1783589662,48.7
1783589664,48.7
1783589666,49.6
1783589668,48.2
1783589670,49.1
1783589672,48.7
1783589674,49.1
1783589676,48.2
1783589678,48.7
1783589680,48.2
1783589682,49.1
1783589684,49.1
1783589687,47.7
1783589689,48.2
1783589691,48.7
1783589693,47.7
1783589695,49.1
1783589697,48.7
1783589699,48.2
1783589701,48.7
1783589703,48.2
1783589705,48.2
1783589707,49.1
1783589709,48.7
1783589711,49.1
1783589713,48.7
1783589715,49.1
1783589717,47.7
1783589719,49.1
1783589721,48.7
1783589723,49.6
1783589725,48.2
1783589727,48.2
1783589729,49.1
1783589731,48.7
1783589733,48.7
1783589735,48.7
1783589737,49.1
1783589739,48.2
1783589741,48.2
1783589743,48.2
1783589745,48.2
1783589747,49.6
1783589749,48.2
1783589751,49.1
1783589753,49.1
1783589755,48.7
1783589757,49.1
1783589759,48.7
1783589761,48.7
1783589764,48.7
1783589766,47.7
1783589768,47.7
1783589770,48.7
1783589772,48.2
1783589774,49.6
1783589776,49.6
1783589778,48.7
1783589780,48.7
1783589782,48.7
1783589784,48.2
1783589786,49.1
1783589788,48.2
1783589790,49.1
1783589792,49.6
1783589794,47.7
1783589796,49.1
1783589798,48.7
1783589800,47.7
1783589802,48.2
1783589804,47.7
1783589806,48.2
1783589808,47.2
1783589810,48.7
1783589812,47.7
1783589814,47.7
1783589816,48.2
1783589818,48.2
1783589820,48.2
1783589822,47.7
1783589824,46.7
1783589826,47.7
1783589828,48.2
1783589830,49.1
1783589832,47.7
1783589834,48.7
1783589836,49.1
1783589839,48.7
1783589841,47.7
1783589843,48.2
1783589845,48.7
1783589847,48.2
1783589849,49.1
1783589851,48.2
1783589853,47.2
1783589855,48.7
1783589857,48.7
1783589859,48.2
1783589861,48.7
1783589863,47.2
1783589865,47.7
1783589867,48.2
1783589869,47.2
1783589871,47.7
1783589873,47.7
1783589875,47.7
1783589877,48.7
1783589879,47.7
1783589881,47.7
1783589883,48.7
1783589885,48.7
1783589887,47.2
1783589889,47.7
1783589891,48.2
1783589893,48.7
1783589895,47.7
1783589897,48.2
1783589899,48.2
1783589901,47.7
1783589903,49.1
1783589905,48.2
1783589907,47.7
1783589909,48.7
1783589911,47.7
1783589913,48.2
1783589916,49.1
1783589918,48.7
1783589920,48.2
1783589922,48.2
1783589924,48.7
1783589926,48.7
1783589928,47.7
1783589930,47.2
1783589932,47.2
1783589934,48.2
1783589936,48.7
1783589938,47.2
1783589940,48.2
1783589942,48.7
1783589944,48.7
1783589946,48.2
1783589948,48.7
1783589950,48.7
1783589952,48.7
1783589954,48.2
1783589956,48.7
1783589958,47.7
1783589960,47.7
1783589962,48.7
1783589964,48.7
1783589966,48.2
1783589968,47.7
1783589970,48.7
1783589972,47.7
1783589974,49.1
1783589976,47.7
1783589978,47.7
1783589980,47.7
1783589982,49.1
1783589984,48.2
1783589986,47.7
1783589989,48.7
1783589991,48.2
1783589993,48.2
1783589995,48.2
1783589997,49.1
1783589999,49.1
1783590001,48.2
1783590003,48.7
1783590005,49.1
1783590007,47.7
1783590009,49.6
1783590011,48.7
1783590013,48.2
1783590015,48.2
1783590017,48.7
1783590019,47.7
1783590021,47.2
1783590023,48.2
1783590025,48.2
1783590027,48.7
1783590029,46.7
1783590031,48.2
1783590033,48.2
1783590035,48.7
1783590037,48.7
1783590039,49.1
1783590041,47.7
1783590043,48.7
1783590045,47.7
1783590047,48.7
1783590049,47.7
1783590051,48.7
1783590053,48.2
1783590055,48.7
1783590057,47.2
1783590059,47.7
1783590061,48.7
1783590064,48.7
1783590066,48.7
1783590068,47.2
1783590070,48.2
1783590072,47.7
1783590074,48.2
1783590076,48.2
1783590078,47.7
1783590080,48.2
1783590082,47.7
1783590084,49.1
1783590086,47.7
1783590088,47.7
1783590090,48.2
1783590092,47.7
1783590094,48.7
1783590096,48.7
1783590098,47.2
1783590100,47.7
1783590102,47.2
1783590104,47.2
1783590106,48.2
1783590108,48.7
1783590110,48.7
1783590112,48.2
1783590114,49.1
1783590116,47.2
1783590118,48.2
1783590120,48.2
1783590122,48.2
1783590124,47.2
1783590126,48.2
1783590128,48.2
1783590130,48.2
1783590132,48.2
1783590134,49.1
1783590136,48.2
1783590139,48.2
1783590141,47.2
1783590143,47.7
1783590145,47.7
1783590147,47.7
1783590149,47.7
1783590151,47.7
1783590153,47.7
1783590155,47.7
1783590157,48.7
1783590159,48.7
1783590161,48.2
1783590163,48.7
1783590165,48.2
1783590167,48.7
1783590169,48.2
1783590171,48.2
1783590173,48.7
1783590175,47.7
1783590177,47.7
1783590179,47.7
1783590181,47.7
1783590183,48.2
1783590185,48.7
1783590187,48.7
1783590189,48.2
1783590191,49.1
1783590193,46.7
1783590195,47.7
1783590197,47.2
1783590199,48.2
1783590201,48.2
1783590203,47.7
1783590205,47.2
1783590207,48.2
1783590209,47.2
1783590211,48.2
1783590213,48.2
1783590216,48.2
1783590218,48.2
1783590220,47.7
1783590222,48.7
1783590224,47.7
1783590226,48.2
1783590228,47.7
1783590230,48.7
1783590232,48.2
1783590234,47.7
1783590236,47.7
1783590238,48.2
1783590240,48.7
1783590242,48.2
1783590244,49.1
1783590246,48.2
1783590248,48.2
1783590250,47.7
1783590252,47.7
1783590254,48.7
1783590256,47.7
1783590258,48.2
1783590260,47.7
1783590262,47.2
1783590264,48.7
1783590266,48.7
1783590268,48.2
1783590270,48.2
1783590272,48.7
1783590274,47.7
1783590276,48.2
1783590278,48.7
1783590280,47.2
1783590282,48.2
1783590284,48.2
1783590286,48.2
1783590288,48.7
1783590291,48.2
1783590293,47.7
1783590295,48.2
1783590297,47.2
1783590299,47.7
1783590301,47.7
1783590303,47.7
1783590305,47.7
1783590307,47.2
1783590309,47.7
1783590311,48.2
1783590313,48.2
1783590315,48.7
1783590317,48.2
1783590319,48.2
1783590321,48.2
1783590323,49.1
1783590325,48.2
1783590327,48.2
1783590329,48.2
1783590331,48.2
1783590333,49.1
1783590335,47.7
1783590337,47.7
1783590339,47.7
1783590341,48.7
1783590343,48.2
1783590345,48.7
1783590347,48.2
1783590349,47.2
1783590351,48.2
1783590353,48.2
1783590355,48.7
1783590357,48.2
1783590359,47.2
1783590361,47.7
1783590363,47.7
1783590366,48.2
1783590368,48.7
1783590370,47.2
1783590372,47.7
1783590374,48.7
1783590376,48.2
1783590378,47.7
1783590380,48.2
1783590382,48.7
1783590384,47.2
1783590386,47.7
1783590388,48.7
1783590390,47.7
1783590392,47.7
1783590394,47.7
1783590396,47.7
1783590398,47.7
1783590400,48.2
1783590402,48.2
1783590404,47.7
1783590406,47.2
1783590408,48.7
1783590410,48.2
1783590412,48.7
1783590414,48.2
1783590416,48.2
1783590418,47.7
1783590420,48.2
1783590422,48.2
1783590424,47.7
1783590426,47.7
1783590428,47.7
1783590430,48.2
1783590432,48.2
1783590434,47.7
1783590436,48.7
1783590438,48.7
1783590441,48.7
1783590443,48.7
1783590445,47.7
1783590447,48.2
1783590449,49.1
1783590451,49.1
1783590453,47.2
1783590455,47.7
1783590457,48.2
1783590459,47.2
1783590461,48.2
1783590463,47.2
1783590465,48.2
1783590467,47.2
1783590469,48.2
1783590471,47.2
1783590473,46.7
1783590475,48.2
1783590477,47.2
1783590479,48.7
1783590481,49.1
1783590483,48.2
1783590485,47.7
1783590487,47.7
1783590489,48.2
1783590491,47.7
1783590493,48.7
1783590495,47.2
1783590497,48.2
1783590499,47.2
1783590501,47.7
1783590503,48.2
1783590505,48.2
1783590507,47.7
1783590509,48.2
1783590511,47.7
1783590513,47.7
1783590515,47.7
1783590518,47.7
1783590520,47.7
1783590522,49.1
1783590524,48.2
1783590526,48.2
1783590528,48.2
1783590530,48.2
1783590532,47.7
1783590534,47.7
1783590536,47.2
1783590538,47.7
1783590540,47.7
1783590542,48.2
1783590544,47.2
1783590546,48.2
1783590548,48.7
1783590550,47.7
1783590552,47.7
1783590554,47.7
1783590556,47.2
1783590558,48.2
1783590560,48.2
1783590562,47.2
1783590564,48.2
1783590566,47.7
1783590568,48.2
1783590570,47.7
1783590572,47.2
1783590574,48.2
1783590576,47.7
1783590578,48.2
1783590580,47.2
1783590582,46.7
1783590584,47.2
1783590586,48.2
1783590588,47.2
1783590590,48.2
1783590593,48.2
1783590595,47.2
1783590597,48.7
1783590599,48.2
1783590601,47.2
1783590603,47.7
1783590605,48.2
1783590607,47.7
1783590609,47.2
1783590611,47.7
1783590613,47.7
1783590615,47.2
1783590617,48.2
1783590619,48.2
1783590621,48.2
1783590623,47.2
1783590625,48.2
1783590627,48.2
1783590629,48.7
1783590631,49.1
1783590633,48.7
1783590635,48.7
1783590637,48.2
1783590639,47.2
1783590641,48.2
1783590643,47.2
1783590645,49.1
1783590647,47.7
1783590649,48.2
1783590651,47.7
1783590653,47.7
1783590655,49.1
1783590657,47.7
1783590659,47.7
1783590661,48.2
1783590663,47.2
1783590665,48.7
1783590667,48.2
1783590670,48.2
1783590672,48.2
1783590674,48.7
1783590676,48.7
1783590678,48.7
1783590680,47.7
1783590682,48.2
1783590684,47.7
1783590686,47.7
1783590688,48.2
1783590690,48.7
1783590692,47.2
1783590694,48.2
1783590696,48.2
1783590698,47.7
1783590700,48.7
1783590702,47.2
1783590704,47.7
1783590706,47.2
1783590708,47.7
1783590710,48.2
1783590712,47.7
1783590714,47.7
1783590716,47.7
1783590718,48.7
1783590720,48.2
1783590722,48.2
1783590724,47.7
1783590726,48.2
1783590728,48.7
1783590730,48.7
1783590732,47.7
1783590734,49.1
1783590736,47.7
1783590738,47.7
1783590740,47.2
1783590742,47.2
1783590744,48.2
1783590747,47.7
1783590749,48.2
1783590751,48.7
1783590753,48.7
1783590755,48.2
1783590757,48.7
1783590759,48.2
1783590761,48.2
1783590763,48.2
1783590765,48.2
1783590767,48.2
1783590769,47.7
1783590771,47.7
1783590773,47.7
1783590775,48.7
1783590777,48.2
1783590779,48.2
1783590781,47.7
1783590783,48.7
1783590785,47.2
1783590787,48.2
1783590789,47.7
1783590791,48.2
1783590793,46.7
1783590795,47.2
1783590797,48.2
1783590799,47.7
1783590801,47.7
1783590803,49.1
1783590805,47.7
1783590807,47.2
1783590809,48.7
1783590811,47.7
1783590813,48.2
1783590815,48.2
1783590817,48.2
1783590819,48.2
1783590822,46.7
1783590824,47.7
1783590826,47.7
1783590828,48.2
1783590830,48.2
1783590832,47.7
1783590834,48.7
1783590836,47.2
1783590838,46.7
1783590840,48.2
1783590842,48.7
1783590844,47.2
1783590846,48.7
1783590848,47.7
1783590850,48.2
1783590852,48.2
1783590854,47.2
1783590856,47.2
1783590858,48.2
1783590860,47.7
1783590862,48.7
1783590864,47.7
1783590866,47.7
1783590868,47.2
1783590870,48.2
1783590872,48.7
1783590874,48.2
1783590876,48.2
1783590878,47.7
1783590880,47.2
1783590882,47.2
1783590884,47.7
1783590886,48.2
1783590888,48.2
1783590890,48.7
1783590892,47.7
1783590894,48.2
1783590897,48.2
1783590899,47.2
1783590901,48.7
1783590903,48.2
1783590905,47.2
1783590907,48.2
1783590909,48.2
1783590911,48.2
1783590913,48.7
1783590915,47.7
1783590917,48.7
1783590919,48.2
1783590921,47.7
1783590923,48.7
1783590925,47.7
1783590927,47.2
1783590929,47.2
1783590931,48.2
1783590933,48.2
1783590935,47.7
1783590937,48.2
1783590939,48.7
1783590941,48.7
1783590943,48.7
1783590945,48.2
1783590947,48.2
1783590949,47.7
1783590951,47.7
1783590953,48.2
1783590955,48.7
1783590957,46.7
1783590959,47.7
1783590961,47.2
1783590963,48.7
1783590965,48.7
1783590967,49.1
1783590969,47.7
1783590972,47.7
1783590974,47.7
1783590976,48.7
1783590978,47.7
1783590980,48.2
1783590982,47.7
1783590984,47.7
1783590986,48.7
1783590988,48.2
1783590990,48.2
1783590992,48.2
1783590994,48.2
1783590996,48.2
1783590998,48.2
1783591000,48.2
1783591002,47.2
1783591004,48.7
1783591006,48.2
1783591008,47.2
1783591010,48.2
1783591012,47.2
1783591014,47.7
1783591016,48.2
1783591018,47.7
1783591020,48.7
1783591022,47.2
1783591024,48.2
1783591026,47.2
1783591028,47.7
1783591030,48.2
1783591032,47.7
1783591034,47.7
1783591036,47.7
1783591038,47.7
1783591040,47.2
1783591042,48.2
1783591044,47.7
1783591047,48.7
1783591049,48.2
1783591051,47.2
1783591053,48.2
1783591055,48.2
1783591057,48.7
1783591059,48.7
1783591061,47.2
1783591063,48.2
1783591065,47.7
1783591067,47.7
1783591069,47.7
1783591071,48.7
1783591073,48.2
1783591075,47.7
1783591077,47.7
1783591079,48.2
1783591081,47.2
1783591083,47.7
1783591085,48.7
1783591087,47.2
1783591089,47.2
1783591091,47.7
1783591093,47.7
1783591095,47.2
1783591097,47.7
1783591099,47.7
1783591101,47.7
1783591103,47.2
1783591105,48.7
1783591107,48.2
1783591109,48.2
1783591111,48.2
1783591113,48.2
1783591115,47.7
1783591117,47.7
1783591119,47.2
1783591122,48.7
1783591124,49.1
1783591126,47.7
1783591128,47.2
1783591130,48.2
1783591132,47.7
1783591134,47.7
1783591136,48.2
1783591138,48.2
1783591140,47.7
1783591142,48.2
1783591144,47.7
1783591146,47.2
1783591148,48.2
1783591150,47.2
1783591152,47.2
1783591154,48.2
1783591156,47.7
1783591158,47.2
1783591160,48.2
1783591162,48.2
1783591164,47.7
1783591166,48.2
1783591168,47.2
1783591170,47.7
1783591172,47.7
1783591174,47.2
1783591176,47.2
1783591178,48.7
1783591180,47.2
1783591182,48.2
1783591184,47.2
1783591186,47.7
1783591188,47.2
1783591190,47.7
1783591192,48.2
1783591194,48.2
1783591197,48.2
1783591199,46.7
1783591201,46.7
1783591203,48.2
1783591205,48.2
1783591207,48.2
1783591209,48.2
1783591211,48.2
1783591213,48.2
1783591215,47.7
1783591217,48.2
1783591219,48.2
1783591221,48.2
1783591223,48.7
1783591225,48.7
1783591227,48.7
1783591229,48.2
1783591231,48.2
1783591233,48.2
1783591235,48.2
1783591237,47.2
1783591239,47.7
1783591241,48.7
1783591243,47.7
1783591245,47.7
1783591247,47.2
1783591249,47.2
1783591251,47.7
1783591253,47.7
1783591255,47.7
1783591257,48.2
1783591259,47.7
1783591261,48.7
1783591263,47.7
1783591265,47.2
1783591267,47.7
1783591269,45.7
1783591272,48.2
1783591274,47.7
1783591276,47.7
1783591278,47.7
1783591280,47.7
1783591282,48.2
1783591284,46.7
1783591286,48.2
1783591288,47.7
1783591290,48.2
1783591292,48.2
1783591294,47.7
1783591296,48.7
1783591298,48.2
1783591300,47.7
1783591302,47.7
1783591304,47.7
1783591306,48.2
1783591308,47.7
1783591310,47.2
1783591312,47.7
1783591314,47.2
1783591316,47.2
1783591318,47.2
1783591320,47.2
1783591322,48.2
1783591324,48.2
1783591326,46.2
1783591328,46.2
1783591330,48.2
1783591332,48.2
1783591334,48.2
1783591336,47.2
1783591338,47.2
1783591340,46.7
1783591342,47.7
1783591344,46.7
1783591346,48.7
1783591349,46.7
1783591351,46.7
1783591353,47.7
1783591355,46.2
1783591357,46.7
1783591359,47.7
1783591361,46.7
1783591363,47.7
1783591365,47.7
1783591367,46.7
1783591369,47.2
1783591371,45.7
1783591373,46.7
1783591375,45.7
1783591377,46.7
1783591379,47.2
1783591381,47.7
1783591383,47.2
1783591385,47.2
1783591387,46.2
1783591389,47.2
1783591391,45.7
1783591393,46.2
1783591395,46.2
1783591397,46.7
1783591399,46.7
1783591401,46.2
1783591403,46.7
1783591405,46.7
1783591407,46.7
1783591409,47.2
1783591411,46.7
1783591413,47.2
1783591415,45.7
1783591417,45.7
1783591419,46.2
1783591421,47.2
1783591424,45.7
1783591426,46.2
1783591428,45.7
1783591430,46.7
1783591432,45.2
1783591434,45.2
1783591436,46.2
1783591438,46.2
1783591440,46.7
1783591442,45.7
1783591444,46.2
1783591446,44.8
1783591448,45.7
1783591450,45.2
1783591452,45.7
1783591454,45.2
1783591456,45.7
1783591458,45.2
1783591460,46.2
1783591462,46.7
1783591464,46.2
1783591466,45.7
1783591468,45.2
1783591470,45.7
1783591472,45.7
1783591474,45.2
1783591476,44.8
1783591478,44.3
1783591480,45.2
1783591482,44.8
1783591484,45.2
1783591486,45.2
1783591488,45.7
1783591490,45.2
1783591492,45.7
1783591494,45.7
1783591496,44.3
1783591499,44.3
1783591501,44.8
1783591503,44.8
1783591505,45.2
1783591507,44.8
1783591509,44.8
1783591511,44.8
1783591513,44.3
1783591515,44.3
1783591517,45.2
1783591519,44.3
1783591521,45.7
1783591523,44.8
1783591525,44.8
1783591527,43.8
1783591529,43.8
1783591531,45.7
1783591533,44.8
1783591535,45.7
1783591537,44.8
1783591539,44.3
1783591541,43.8
1783591543,43.8
1783591545,44.3
1783591547,45.2
1783591549,44.8
1783591551,43.8
1783591553,44.8
1783591555,43.8
1783591557,44.8
1783591559,44.3
1783591561,44.8
1783591563,45.7
1783591565,45.2
1783591567,44.3
1783591569,45.2
1783591571,44.3
1783591573,44.8
1783591576,44.8
1783591578,45.2
1783591580,44.8
1783591582,45.2
1783591584,44.3
1783591586,45.2
1783591588,44.8
1783591590,44.3
1783591592,45.2
1783591594,44.3
1783591596,44.8
1783591598,44.8
1783591600,45.2
1783591602,44.8
1783591604,44.8
1783591606,45.2
1783591608,44.8
1783591610,43.8
1783591612,44.8
1783591614,44.3
1783591616,45.2
1783591618,44.3
1783591620,43.8
1783591622,45.2
1783591624,44.3
1783591626,45.2
1783591628,44.3
1783591630,45.2
1783591632,44.3
1783591634,44.3
1783591636,45.2
1783591638,44.8
1783591640,45.7
1783591642,44.8
1783591644,44.8
1783591646,44.8
1783591648,43.8
1783591651,44.8
1783591653,44.8
1783591655,44.3
1783591657,45.2
1783591659,45.2
1783591661,44.8
1783591663,44.8
1783591665,44.8
1783591667,45.2
1783591669,44.3
1783591671,45.2
1783591673,43.8
1783591675,44.3
1783591677,44.3
1783591679,43.8
1783591681,44.3
1783591683,42.8
1783591685,43.3
1783591687,44.8
1783591689,44.3
1783591691,44.8
1783591693,44.3
1783591695,44.8
1783591697,43.8
1783591699,44.8
1783591701,44.3
1783591703,43.8
1783591705,44.8
1783591707,43.8
1783591709,44.3
1783591711,44.8
1783591713,44.3
1783591715,44.8
1783591717,44.3
1783591719,43.3
1783591721,45.2
1783591723,43.8
1783591725,43.3
1783591728,43.3
1783591730,43.8
1783591732,44.3
1783591734,43.3
1783591736,43.8
1783591738,43.3
1783591740,43.8
1783591742,44.8
1783591744,43.8
1783591746,43.8
1783591748,43.8
1783591750,42.8
1783591752,43.8
1783591754,43.3
1783591756,43.8
1783591758,43.3
1783591760,43.3
1783591762,44.3
1783591764,43.3
1783591766,43.8
1783591768,43.8
1783591770,43.3
1783591772,44.3
1783591774,41.8
1783591776,43.3
1783591778,43.3
1783591780,42.8
1783591782,44.3
1783591784,42.8
1783591786,42.8
1783591788,43.3
1783591790,43.8
1783591792,42.8
1783591794,43.3
1783591796,43.3
1783591798,43.3
1783591800,42.8
1783591803,43.3
1783591805,42.8
1783591807,42.3
1783591809,42.8
1783591811,42.8
1783591813,43.8
1783591815,43.3
1783591817,43.3
1783591819,43.3
1783591821,43.3
1783591823,43.3
1783591825,43.3
1783591827,43.3
1783591829,42.3
1783591831,42.8
1783591833,42.3
1783591835,42.3
1783591837,42.8
1783591839,43.8
1783591841,43.3
1783591843,43.8
1783591845,42.8
1783591847,42.8
1783591849,43.3
1783591851,43.3
1783591853,42.3
1783591855,42.8
1783591857,42.8
1783591859,42.3
1783591861,42.3
1783591863,43.8
1783591865,43.3
1783591867,42.8
1783591869,41.8
1783591871,41.8
1783591873,42.3
1783591875,43.3
1783591877,41.8
1783591880,43.8
1783591882,42.3
1783591884,42.8
1783591886,42.3
1783591888,42.3
1783591890,42.8
1783591892,41.8
1783591894,42.3
1783591896,41.8
1783591898,43.3
1783591900,43.3
1783591902,42.3
1783591904,42.3
1783591906,43.3
1783591908,41.8
1783591910,42.3
1783591912,43.3
1783591914,41.8
1783591916,42.3
1783591918,42.3
1783591920,43.8
1783591922,42.3
1783591924,42.8
1783591926,42.8
1783591928,42.8
1783591930,42.3
1783591932,42.8
1783591934,41.8
1783591936,42.3
1783591938,41.8
1783591940,41.3
1783591942,42.8
1783591944,42.3
1783591946,43.3
1783591948,42.8
1783591950,42.8
1783591952,41.8
1783591955,42.8
1783591957,42.3
1783591959,42.3
1783591961,42.8
1783591963,42.3
1783591965,41.8
1783591967,42.3
1783591969,42.8
1783591971,42.8
1783591973,42.8
1783591975,41.8
1783591977,42.3
1783591979,42.8
1783591981,42.3
1783591983,42.3
1783591985,42.3
1783591987,43.8
1783591989,42.3
1783591991,41.8
1783591993,41.8
1783591995,41.8
1783591997,41.8
1783591999,41.8
1783592001,41.8
1783592003,42.8
1783592005,41.8
1783592007,41.8
1783592009,41.3
1783592011,41.8
1783592013,42.3
1783592015,41.3
1783592017,41.8
1783592019,41.8
1783592021,41.8
1783592023,40.9
1783592025,41.8
1783592027,42.3
1783592029,41.8
1783592032,41.8
1783592034,41.3
1783592036,42.3
1783592038,43.3
1783592040,42.3
1783592042,41.3
1783592044,41.3
1783592046,42.3
1783592048,42.3
1783592050,42.8
1783592052,42.8
1783592054,42.8
1783592056,41.8
1783592058,41.8
1783592060,42.8
1783592062,41.8
1783592064,42.3
1783592066,42.3
1783592068,41.3
1783592070,41.8
1783592072,41.8
1783592074,40.9
1783592076,42.3
1783592078,41.8
1783592080,41.3
1783592082,40.9
1783592084,41.8
1783592086,41.8
1783592088,42.3
1783592090,42.3
1783592092,41.3
1783592094,42.8
1783592096,41.3
1783592098,42.8
1783592100,41.3
1783592102,40.9
1783592104,40.9
1783592107,40.9
1783592109,41.8
1783592111,41.8
1783592113,42.3
1783592115,42.3
1783592117,43.3
1783592119,42.8
1783592121,42.8
1783592123,42.8
1783592125,41.3
1783592127,41.8
1783592129,42.3
1783592131,42.3
1783592133,42.8
1783592135,42.8
1783592137,42.8
1783592139,42.8
1783592141,43.3
1783592143,43.3
1783592145,42.3
1783592147,42.8
1783592149,41.8
1783592151,42.8
1783592153,42.8
1783592155,43.8
1783592157,42.3
1783592159,42.3
1783592161,43.3
1783592163,41.8
1783592165,43.3
1783592167,42.3
1783592169,42.3
1783592171,43.3
1783592173,43.3
1783592175,43.3
1783592177,43.8
1783592179,42.3
1783592182,42.8
1783592184,43.8
1783592186,44.3
1783592188,43.3
1783592190,44.3
1783592192,42.8
1783592194,42.8
1783592196,42.8
1783592198,42.8
1783592200,43.8
1783592202,44.3
1783592204,43.8
1783592206,43.8
1783592208,44.3
1783592210,43.3
1783592212,43.8
1783592214,43.8
1783592216,43.8
1783592218,43.8
1783592220,43.3
1783592222,43.8
1783592224,43.8
1783592226,43.8
1783592228,43.8
1783592230,44.8
1783592232,44.8
1783592234,44.8
1783592236,44.3
1783592238,43.8
1783592240,45.2
1783592242,43.8
1783592244,43.8
1783592246,44.8
1783592248,43.8
1783592250,45.7
1783592252,45.2
1783592254,45.2
1783592257,43.8
1783592259,44.3
1783592261,44.3
1783592263,44.3
1783592265,44.8
1783592267,44.3
1783592269,43.8
1783592271,44.8
1783592273,44.3
1783592275,45.2
1783592277,44.8
1783592279,45.7
1783592281,44.3
1783592283,44.3
1783592285,45.2
1783592287,45.7
1783592289,45.2
1783592291,43.8
1783592293,45.2
1783592295,44.8
1783592297,44.3
1783592299,45.2
1783592301,45.2
1783592303,45.2
1783592305,44.3
1783592307,45.2
1783592309,45.2
1783592311,44.8
1783592313,44.3
1783592315,44.8
1783592317,44.3
1783592319,45.2
1783592321,44.8
1783592323,45.7
1783592325,44.3
1783592327,46.2
1783592329,44.8
1783592331,46.2
1783592334,45.2
1783592336,46.2
1783592338,45.2
1783592340,45.2
1783592342,45.7
1783592344,44.8
1783592346,45.2
1783592348,45.2
1783592350,45.2
1783592352,45.2
1783592354,44.3
1783592356,45.7
1783592358,45.7
1783592360,45.7
1783592362,44.8
1783592364,45.2
1783592366,45.2
1783592368,44.3
1783592370,44.8
1783592372,45.7
1783592374,45.2
1783592376,46.2
1783592378,46.2
1783592380,45.2
1783592382,45.2
1783592384,44.8
1783592386,45.7
1783592388,45.7
1783592390,44.3
1783592392,45.7
1783592394,45.7
1783592396,45.2
1783592398,45.2
1783592400,45.2
1783592402,44.8
1783592404,46.2
1783592406,45.2
1783592409,45.2
1783592411,45.2
1783592413,45.2
1783592415,45.2
1783592417,45.2
1783592419,45.2
1783592421,44.8
1783592423,45.7
1783592425,46.2
1783592427,45.7
1783592429,45.7
1783592431,46.7
1783592433,46.7
1783592435,46.2
1783592437,46.7
1783592439,46.2
1783592441,46.2
1783592443,45.7
1783592445,45.7
1783592447,46.2
1783592449,45.7
1783592451,46.7
1783592453,45.7
1783592455,45.7
1783592457,45.7
1783592459,46.2
1783592461,46.7
1783592463,46.2
1783592465,46.2
1783592467,46.2
1783592469,45.2
1783592471,45.2
1783592473,45.7
1783592475,46.2
1783592477,45.2
1783592479,45.7
1783592481,45.7
1783592483,47.2
1783592485,46.7
1783592488,46.7
1783592490,46.7
1783592492,46.7
1783592494,46.7
1783592496,45.2
1783592498,46.2
1783592500,46.2
1783592502,45.2
1783592504,46.7
1783592506,46.2
1783592508,46.2
1783592510,46.7
1783592512,46.2
1783592514,47.2
1783592516,45.7
1783592518,46.2
1783592520,45.7
1783592522,47.2
1783592524,46.2
1783592526,45.7
1783592528,46.7
1783592530,46.7
1783592532,45.7
1783592534,46.7
1783592536,46.2
1783592538,46.2
1783592540,46.2
1783592542,46.7
1783592544,46.2
1783592546,46.7
1783592548,46.2
1783592550,46.7
1783592552,46.7
1783592554,46.2
1783592556,45.2
1783592558,47.2
1783592560,46.2
1783592562,46.7
1783592565,46.7
1783592567,46.2
1783592569,46.7
1783592571,46.7
1783592573,47.7
1783592575,46.2
1783592577,45.7
1783592579,47.2
1783592581,46.2
1783592583,46.2
1783592585,46.7
1783592587,47.2
1783592589,47.2
1783592591,46.2
1783592593,46.7
1783592595,46.7
1783592597,46.7
1783592599,46.7
1783592601,46.7
1783592603,46.7
1783592605,47.2
1783592607,46.2
1783592609,46.7
1783592611,46.7
1783592613,46.2
1783592615,46.2
1783592617,48.2
1783592619,47.7
1783592621,46.2
1783592623,46.2
1783592625,47.2
1783592627,46.7
1783592629,46.2
1783592631,47.7
1783592633,47.2
1783592635,47.2
1783592638,46.7
1783592640,47.7
1783592642,45.7
1783592644,46.7
1783592646,46.7
1783592648,47.2
1783592650,46.2
1783592652,45.7
1783592654,47.2
1783592656,47.2
1783592658,47.2
1783592660,47.2
1783592662,47.2
1783592664,46.7
1783592666,46.2
1783592668,46.7
1783592670,46.7
1783592672,47.2
1783592674,46.2
1783592676,47.2
1783592678,47.2
1783592680,47.7
1783592682,46.7
1783592684,47.2
1783592686,47.7
1783592688,47.2
1783592690,47.7
1783592692,47.2
1783592694,46.2
1783592696,46.7
1783592698,46.7
1783592700,47.2
1783592702,47.7
1783592704,47.7
1783592706,47.7
1783592708,47.7
1783592710,46.7
1783592713,47.2
1783592715,47.7
1783592717,47.2
1783592719,46.7
1783592721,47.2
1783592723,47.7
1783592725,46.2
1783592727,47.2
1783592729,47.7
1783592731,46.2
1783592733,47.7
1783592735,47.7
1783592737,47.2
1783592739,47.7
1783592741,48.2
1783592743,46.2
1783592745,47.2
1783592747,47.2
1783592749,48.2
1783592751,48.2
1783592753,46.2
1783592755,47.7
1783592757,45.7
1783592759,47.2
1783592761,46.2
1783592763,47.7
1783592765,47.7
1783592767,46.7
1783592769,48.2
1783592771,47.7
1783592773,46.7
1783592775,48.2
1783592777,47.2
1783592779,47.7
1783592781,48.2
1783592783,47.2
1783592785,47.2
1783592788,47.2
1783592790,47.2
1783592792,47.7
1783592794,47.2
1783592796,47.2
1783592798,47.7
1783592800,47.2
1783592802,47.7
1783592804,47.2
1783592806,47.7
1783592808,47.7
1783592810,47.7
1783592812,48.2
1783592814,47.2
1783592816,47.7
1783592818,47.2
1783592820,47.7
1783592822,47.7
1783592824,46.7
1783592826,47.2
1783592828,48.2
1783592830,47.7
1783592832,47.7
1783592834,47.7
1783592836,47.7
1783592838,47.7
1783592840,47.7
1783592842,48.2
1783592844,46.7
1783592846,47.2
1783592848,48.7
1783592850,47.2
1783592852,48.2
1783592854,47.7
1783592856,47.7
1783592858,48.2
1783592860,47.7
1783592863,48.2
1783592865,47.7
1783592867,46.7
1783592869,47.7
1783592871,47.7
1783592873,46.7
1783592875,47.7
1783592877,47.7
1783592879,48.2
1783592881,47.2
1783592883,48.2
1783592885,48.2
1783592887,47.2
1783592889,47.7
1783592891,48.2
1783592893,47.2
1783592895,47.7
1783592897,47.7
1783592899,47.7
1783592901,47.2
1783592903,48.2
1783592905,47.2
1783592907,48.2
1783592909,47.2
1783592911,48.2
1783592913,47.7
1783592915,46.2
1783592917,48.2
1783592919,47.7
1783592921,47.2
1783592923,46.7
1783592925,47.2
1783592927,47.2
1783592929,47.2
1783592931,47.7
1783592933,48.2
1783592935,47.2
1783592938,47.7
1783592940,47.7
1783592942,47.7
1783592944,47.7
1783592946,46.7
1783592948,48.2
1783592950,47.7
1783592952,47.2
1783592954,47.2
1783592956,47.2
1783592958,48.2
1783592960,48.7
1783592962,47.2
1783592964,47.7
1783592966,47.7
1783592968,48.2
1783592970,48.2
1783592972,47.2
1783592974,48.7
1783592976,47.7
1783592978,47.2
1783592980,47.7
1783592982,48.2
1783592984,47.7
1783592986,48.2
1783592988,47.2
1783592990,48.2
1783592992,47.7
1783592994,48.2
1783592996,47.7
1783592998,47.2
1783593000,46.2
1783593002,47.2
1783593004,47.2
1783593006,48.2
1783593008,46.7
1783593010,47.7
1783593013,47.2
1783593015,47.2
1783593017,47.7
1783593019,46.2
1783593021,46.2
1783593023,46.7
1783593025,47.7
1783593027,46.7
1783593029,46.7
1783593031,46.7
1783593033,47.2
1783593035,47.2
1783593037,46.7
1783593039,47.7
1783593041,46.7
1783593043,46.7
1783593045,47.2
1783593047,46.2
1783593049,46.7
1783593051,46.7
1783593053,46.2
1783593055,46.2
1783593057,47.7
1783593059,47.7
1783593061,47.7
1783593063,46.7
1783593065,46.7
1783593067,47.7
1783593069,46.7
1783593071,45.7
1783593073,46.7
1783593075,47.7
1783593077,47.7
1783593079,47.7
1783593081,48.2
1783593083,47.2
1783593085,46.2
1783593087,46.7
1783593090,46.2
1783593092,47.7
1783593094,47.2
1783593096,47.7
1783593098,47.7
1783593100,46.7
1783593102,46.7
1783593104,46.7
1783593106,46.2
1783593108,46.7
1783593110,47.2
1783593112,46.7
1783593114,46.2
1783593116,45.7
1783593118,46.7
1783593120,47.7
1783593122,47.2
1783593124,46.7
1783593126,47.2
1783593128,46.7
1783593130,46.2
1783593132,45.7
1783593134,46.7
1783593136,45.7
1783593138,47.2
1783593140,46.7
1783593142,46.7
1783593144,47.2
1783593146,46.2
1783593148,46.7
1783593150,45.7
1783593152,45.2
1783593154,45.7
1783593156,45.2
1783593158,46.2
1783593160,46.2
1783593162,46.2
1783593165,45.2
1783593167,46.2
1783593169,45.2
1783593171,45.7
1783593173,45.2
1783593175,45.2
1783593177,44.8
1783593179,45.2
1783593181,46.2
1783593183,45.2
1783593185,46.2
1783593187,45.7
1783593189,45.7
1783593191,45.7
1783593193,46.7
1783593195,44.8
1783593197,45.7
1783593199,45.2
1783593201,44.8
1783593203,46.7
1783593205,44.8
1783593207,44.8
1783593209,45.2
1783593211,45.2
1783593213,45.7
1783593215,44.3
1783593217,44.8
1783593219,46.2
1783593221,45.2
1783593223,45.2
1783593225,44.3
1783593227,45.2
1783593229,44.8
1783593231,44.3
1783593233,44.8
1783593235,45.7
1783593237,45.2
1783593240,45.7
1783593242,44.3
1783593244,45.7
1783593246,44.8
1783593248,45.7
1783593250,45.2
1783593252,45.7
1783593254,44.8
1783593256,45.2
1783593258,44.8
1783593260,44.8
1783593262,45.2
1783593264,43.8
1783593266,44.8
1783593268,44.3
1783593270,45.7
1783593272,43.8
1783593274,44.8
1783593276,45.7
1783593278,45.7
1783593280,45.7
1783593282,44.3
1783593284,44.3
1783593286,45.2
1783593288,44.8
1783593290,44.8
1783593292,43.8
1783593294,44.8
1783593296,44.8
1783593298,45.2
1783593300,44.3
1783593302,43.8
1783593304,44.3
1783593306,44.8
1783593308,44.8
1783593310,45.2
1783593312,44.3
1783593315,45.7
1783593317,44.3
1783593319,44.3
1783593321,44.8
1783593323,43.8
1783593325,45.2
1783593327,43.8
1783593329,44.8
1783593331,44.3
1783593333,44.3
1783593335,44.8
1783593337,43.8
1783593339,44.3
1783593341,44.3
1783593343,45.2
1783593345,44.3
1783593347,44.3
1783593349,43.8
1783593351,44.3
1783593353,43.8
1783593355,43.8
1783593357,43.8
1783593359,44.3
1783593361,43.8
1783593363,44.3
1783593365,44.3
1783593367,44.3
1783593369,44.3
1783593371,44.3
1783593373,44.8
1783593375,45.2
1783593377,44.8
1783593379,44.3
1783593381,44.8
1783593383,44.3
1783593385,43.8
1783593387,43.8
1783593390,43.3
1783593392,43.8
1783593394,43.8
1783593396,44.8
1783593398,43.8
1783593400,44.8
1783593402,43.8
1783593404,44.8
1783593406,43.8
1783593408,43.8
1783593410,44.3
1783593412,43.8
1783593414,43.8
1783593416,43.3
1783593418,42.8
1783593420,43.8
1783593422,43.3
1783593424,43.3
1783593426,43.3
1783593428,43.3
1783593430,43.3
1783593432,43.8
1783593434,43.8
1783593436,44.3
1783593438,43.8
1783593440,44.3
1783593442,43.8
1783593444,43.3
1783593446,43.3
1783593448,43.3
1783593450,43.8
1783593452,43.3
1783593454,44.8
1783593456,44.3
1783593458,42.8
1783593460,43.3
1783593462,42.8
1783593465,42.8
1783593467,44.3
1783593469,42.8
1783593471,43.3
1783593473,42.8
1783593475,43.8
1783593477,42.3
1783593479,43.8
1783593481,43.3
1783593483,43.8
1783593485,44.3
1783593487,43.3
1783593489,43.3
1783593491,43.3
1783593493,43.8
1783593495,43.8
1783593497,43.8
1783593499,43.3
1783593501,43.3
1783593503,43.8
1783593505,43.8
1783593507,43.8
1783593509,43.8
1783593511,43.3
1783593513,44.3
1783593515,42.8
1783593517,44.3
1783593519,43.8
1783593521,43.3
1783593523,43.8
1783593525,43.8
1783593527,43.3
1783593529,43.3
1783593531,42.8
1783593533,41.8
1783593535,42.8
1783593537,43.3
1783593540,44.3
1783593542,43.8
1783593544,44.3
1783593546,43.8
1783593548,42.8
1783593550,43.8
1783593552,42.8
1783593554,43.8
1783593556,43.8
1783593558,43.3
1783593560,42.8
1783593562,43.8
1783593564,43.8
1783593566,43.3
1783593568,43.8
1783593570,42.3
1783593572,42.3
1783593574,43.3
1783593576,43.3
1783593578,42.8
1783593580,43.8
1783593582,43.3
1783593584,42.8
1783593586,42.8
1783593588,42.8
1783593590,43.8
1783593592,43.3
1783593594,43.3
1783593596,43.3
1783593598,43.3
1783593600,42.8
1783593602,43.3
1783593604,42.3
1783593606,43.8
1783593608,43.3
1783593610,42.8
1783593612,42.3
1783593614,42.8
1783593617,44.3
1783593619,44.3
1783593621,42.8
1783593623,41.3
1783593625,43.3
1783593627,43.3
1783593629,42.8
1783593631,44.3
1783593633,43.8
1783593635,43.8
1783593637,43.3
1783593639,43.3
1783593641,44.3
1783593643,43.3
1783593645,43.8
1783593647,43.8
1783593649,42.3
1783593651,42.8
1783593653,43.3
1783593655,43.8
1783593657,42.8
1783593659,43.8
1783593661,42.8
1783593663,42.8
1783593665,43.8
1783593667,43.3
1783593669,43.8
1783593671,43.8
1783593673,42.8
1783593675,42.3
1783593677,43.3
1783593679,43.3
1783593681,43.8
1783593683,43.8
1783593685,43.3
1783593687,42.8
1783593689,43.8
1783593692,42.8
1783593694,43.8
1783593696,43.8
1783593698,42.3
1783593700,43.3
1783593702,42.3
1783593704,42.8
1783593706,43.8
1783593708,42.8
1783593710,42.8
1783593712,43.3
1783593714,42.8
1783593716,42.3
1783593718,43.8
1783593720,43.3
1783593722,41.8
1783593724,42.8
1783593726,43.8
1783593728,43.3
1783593730,42.8
1783593732,42.3
1783593734,42.3
1783593736,42.8
1783593738,42.3
1783593740,42.8
1783593742,43.8
1783593744,42.8
1783593746,42.3
1783593748,42.8
1783593750,43.3
1783593752,42.8
1783593754,43.3
1783593756,43.3
1783593758,43.3
1783593760,43.8
1783593762,43.3
1783593764,43.8
1783593766,42.8
1783593769,42.8
1783593771,43.3
1783593773,42.8
1783593775,43.3
1783593777,43.3
1783593779,42.8
1783593781,42.8
1783593783,42.8
1783593785,43.3
1783593787,43.3
1783593789,44.3
1783593791,43.8
1783593793,42.8
1783593795,42.8
1783593797,44.3
1783593799,43.3
1783593801,44.3
1783593803,44.8
1783593805,42.8
1783593807,43.3
1783593809,44.3
1783593811,44.8
1783593813,44.3
1783593815,43.8
1783593817,43.8
1783593819,44.3
1783593821,44.3
1783593823,44.3
1783593825,44.8
1783593827,43.8
1783593829,43.8
1783593831,43.8
1783593833,44.3
1783593835,44.3
1783593837,43.8
1783593839,44.8
1783593841,43.8
1783593844,45.2
1783593846,44.3
1783593848,43.8
1783593850,44.3
1783593852,44.3
1783593854,44.3
1783593856,44.3
1783593858,44.3
1783593860,44.3
1783593862,44.8
1783593864,43.8
1783593866,44.3
1783593868,44.3
1783593870,43.8
1783593872,43.3
1783593874,44.8
1783593876,43.8
1783593878,44.3
1783593880,43.8
1783593882,44.8
1783593884,44.3
1783593886,43.3
1783593888,44.3
1783593890,44.3
1783593892,43.3
1783593894,44.3
1783593896,43.8
1783593898,43.3
1783593900,44.3
1783593902,44.3
1783593904,43.3
1783593906,44.8
1783593908,43.8
1783593910,44.3
1783593912,44.8
1783593914,44.3
1783593916,43.3
1783593919,44.8
1783593921,44.8
1783593923,44.3
1783593925,43.3
1783593927,43.8
1783593929,44.3
1783593931,44.8
1783593933,44.3
1783593935,44.8
1783593937,43.8
1783593939,44.3
1783593941,44.8
1783593943,43.8
1783593945,44.3
1783593947,44.8
1783593949,45.2
1783593951,44.8
1783593953,44.3
1783593955,44.8
1783593957,44.8
1783593959,44.8
1783593961,45.2
1783593963,43.8
1783593965,44.8
1783593967,44.3
1783593969,44.8
1783593971,44.3
1783593973,44.8
1783593975,44.3
1783593977,44.8
1783593979,45.2
1783593981,45.2
1783593983,44.3
1783593985,45.2
1783593987,45.2
1783593989,44.8
1783593991,45.2
1783593993,45.2
1783593996,44.3
1783593998,44.8
1783594000,44.3
1783594002,44.8
1783594004,44.8
1783594006,44.8
1783594008,45.2
1783594010,44.8
1783594012,44.3
1783594014,44.8
1783594016,45.2
1783594018,45.2
1783594020,45.2
1783594022,45.2
1783594024,44.8
1783594026,44.3
1783594028,44.8
1783594030,44.8
1783594032,45.7
1783594034,45.2
1783594036,44.8
1783594038,44.3
1783594040,44.3
1783594042,44.3
1783594044,44.3
1783594046,44.8
1783594048,44.8
1783594050,44.3
1783594052,44.8
1783594054,45.2
1783594056,44.8
1783594058,44.8
1783594060,45.2
1783594062,44.8
1783594064,45.2
1783594066,44.8
1783594068,45.2
1783594071,44.8
1783594073,46.2
1783594075,44.8
1783594077,44.8
1783594079,45.2
1783594081,45.2
1783594083,44.8
1783594085,44.8
1783594087,44.8
1783594089,44.8
1783594091,44.3
1783594093,44.8
1783594095,44.8
1783594097,46.2
1783594099,44.8
1783594101,45.2
1783594103,44.3
1783594105,45.7
1783594107,46.2
1783594109,44.8
1783594111,44.8
1783594113,44.8
1783594115,45.2
1783594117,45.2
1783594119,43.8
1783594121,44.8
1783594123,45.2
1783594125,44.8
1783594127,45.7
1783594129,44.8
1783594131,44.8
1783594133,45.2
1783594135,44.3
1783594137,44.3
1783594139,44.8
1783594141,46.2
1783594143,46.7
1783594145,46.2
1783594148,44.3
1783594150,45.2
1783594152,45.2
1783594154,45.2
1783594156,44.8
1783594158,44.8
1783594160,45.2
1783594162,44.8
1783594164,45.7
1783594166,46.2
1783594168,44.8
1783594170,44.8
1783594172,45.7
1783594174,44.8
1783594176,44.8
1783594178,44.8
1783594180,44.8
1783594182,45.7
1783594184,45.7
1783594186,45.7
1783594188,45.7
1783594190,45.7
1783594192,45.7
1783594194,45.7
1783594196,45.2
1783594198,45.2
1783594200,46.7
1783594202,45.2
1783594204,45.7
1783594206,45.7
1783594208,44.8
1783594210,45.7
1783594212,45.7
1783594214,44.8
1783594216,45.7
1783594218,45.7
1783594220,46.2
1783594223,45.2
1783594225,45.2
1783594227,45.2
1783594229,45.2
1783594231,46.2
1783594233,46.7
1783594235,46.2
1783594237,46.2
1783594239,46.2
1783594241,45.7
1783594243,44.8
1783594245,46.2
1783594247,45.2
1783594249,45.7
1783594251,46.7
1783594253,45.7
1783594255,45.2
1783594257,45.7
1783594259,45.2
1783594261,46.2
1783594263,45.7
1783594265,44.8
1783594267,45.7
1783594269,45.2
1783594271,45.2
1783594273,45.7
1783594275,45.7
1783594277,45.2
1783594279,45.2
1783594281,45.2
1783594283,45.2
1783594285,45.7
1783594287,46.2
1783594289,45.7
1783594291,46.7
1783594293,46.2
1783594295,44.8
1783594297,45.7
1783594299,46.2
1783594302,46.2
1783594304,46.7
1783594306,46.7
1783594308,47.2
1783594310,46.2
1783594312,45.7
1783594314,46.2
1783594316,46.2
1783594318,45.2
1783594320,46.2
1783594322,45.7
1783594324,46.7
1783594326,44.8
1783594328,46.2
1783594330,47.2
1783594332,45.7
1783594334,45.7
1783594336,47.2
1783594338,45.7
1783594340,44.8
1783594342,46.2
1783594344,46.7
1783594346,46.7
1783594348,46.2
1783594350,46.2
1783594352,46.7
1783594354,46.2
1783594356,45.7
1783594358,45.2
1783594360,46.7
1783594362,45.7
1783594364,46.2
1783594366,45.7
1783594368,46.7
1783594370,46.2
1783594372,45.7
1783594374,46.7
1783594377,46.7
1783594379,45.2
1783594381,45.7
1783594383,46.7
1783594385,45.7
1783594387,47.2
1783594389,46.2
1783594391,46.2
1783594393,46.2
1783594395,45.7
1783594397,46.7
1783594399,46.2
1783594401,46.7
1783594403,46.2
1783594405,46.7
1783594407,46.7
1783594409,46.2
1783594411,45.2
1783594413,45.2
1783594415,44.8
1783594417,45.7
1783594419,45.7
1783594421,45.7
1783594423,46.2
1783594425,46.7
1783594427,46.7
1783594429,46.7
1783594431,45.2
1783594433,46.2
1783594435,46.2
1783594437,45.2
1783594439,46.7
1783594441,46.7
1783594443,46.7
1783594445,47.2
1783594447,46.2
1783594449,45.7
1783594452,45.7
1783594454,45.7
1783594456,46.2
1783594458,47.2
1783594460,46.2
1783594462,46.2
1783594464,46.2
1783594466,46.2
1783594468,45.7
1783594470,45.7
1783594472,45.2
1783594474,47.2
1783594476,46.7
1783594478,46.7
1783594480,46.7
1783594482,46.7
1783594484,46.7
1783594486,46.2
1783594488,46.7
1783594490,46.7
1783594492,46.7
1783594494,46.2
1783594496,45.7
1783594498,46.7
1783594500,46.2
1783594502,45.7
1783594504,46.2
1783594506,46.2
1783594508,45.7
1783594510,47.7
1783594512,46.2
1783594514,47.2
1783594516,45.7
1783594518,46.2
1783594520,46.7
1783594522,46.2
1783594524,47.2
1783594526,46.7
1783594529,47.2
1783594531,45.7
1783594533,45.7
1783594535,46.2
1783594537,45.7
1783594539,46.7
1783594541,45.7
1783594543,47.2
1783594545,46.7
1783594547,46.7
1783594549,46.2
1783594551,46.7
1783594553,46.2
1783594555,46.7
1783594557,46.7
1783594559,46.7
1783594561,47.2
1783594563,47.2
1783594565,46.7
1783594567,46.7
1783594569,46.7
1783594571,46.7
1783594573,46.2
1783594575,46.2
1783594577,45.7
1783594579,46.2
1783594581,46.7
1783594583,46.2
1783594585,46.7
1783594587,46.2
1783594589,47.2
1783594591,46.2
1783594593,46.2
1783594595,46.2
1783594597,46.2
1783594599,45.7
1783594601,46.2
1783594604,45.2
1783594606,46.2
1783594608,46.7
1783594610,46.7
1783594612,46.7
1783594614,47.2
1783594616,47.2
1783594618,46.7
1783594620,47.2
1783594622,46.2
1783594624,46.7
1783594626,45.7
1783594628,46.7
1783594630,46.2
1783594632,46.2
1783594634,46.2
1783594636,46.7
1783594638,46.2
1783594640,46.2
1783594642,46.7
1783594644,46.2
1783594646,46.7
1783594648,47.2
1783594650,47.2
1783594652,45.7
1783594654,46.7
1783594656,46.2
1783594658,46.7
1783594660,45.7
1783594662,46.2
1783594664,46.2
1783594666,45.7
1783594668,46.2
1783594670,47.2
1783594672,47.2
1783594674,46.7
1783594676,46.7
1783594679,47.2
1783594681,46.2
1783594683,45.7
1783594685,46.7
1783594687,46.7
1783594689,46.7
1783594691,46.7
1783594693,46.2
1783594695,46.7
1783594697,46.7
1783594699,45.7
1783594701,46.2
1783594703,47.2
1783594705,47.2
1783594707,46.7
1783594709,46.2
1783594711,46.7
1783594713,47.2
1783594715,46.7
1783594717,46.2
1783594719,46.7
1783594721,47.7
1783594723,47.2
1783594725,46.7
1783594727,46.2
1783594729,46.7
1783594731,46.7
1783594733,46.7
1783594735,47.2
1783594737,46.2
1783594739,45.7
1783594741,46.7
1783594743,47.2
1783594745,46.7
1783594747,47.7
1783594749,46.7
1783594751,45.7
1783594754,46.7
1783594756,45.7
1783594758,47.2
1783594760,46.7
1783594762,46.2
1783594764,46.2
1783594766,46.7
1783594768,47.2
1783594770,46.7
1783594772,46.7
1783594774,46.7
1783594776,45.7
1783594778,47.2
1783594780,47.2
1783594782,46.2
1783594784,46.2
1783594786,46.2
1783594788,46.2
1783594790,47.7
1783594792,46.7
1783594794,46.7
1783594796,47.2
1783594798,45.7
1783594800,46.7
1783594802,47.2
1783594804,46.7
1783594806,46.2
1783594808,47.2
1783594810,46.2
1783594812,45.7
1783594814,46.7
1783594816,46.2
1783594818,46.2
1783594820,46.7
1783594822,46.7
1783594824,46.2
1783594826,45.7
1783594828,45.7
1783594831,46.7
1783594833,46.7
1783594835,46.7
1783594837,46.7
1783594839,46.2
1783594841,46.2
1783594843,47.7
1783594845,46.2
1783594847,47.2
1783594849,46.2
1783594851,46.7
1783594853,46.7
1783594855,47.2
1783594857,45.7
1783594859,46.7
1783594861,46.7
1783594863,46.2
1783594865,47.2
1783594867,46.2
1783594869,47.7
1783594871,47.2
1783594873,47.2
1783594875,45.7
1783594877,46.7
1783594879,47.2
1783594881,45.7
1783594883,46.2
1783594885,46.2
1783594887,46.7
1783594889,47.2
1783594891,46.7
1783594893,46.2
1783594895,47.7
1783594897,46.2
1783594899,46.7
1783594901,45.7
1783594903,46.7
1783594906,45.7
1783594908,47.2
1783594910,46.7
1783594912,47.2
1783594914,46.7
1783594916,47.2
1783594918,47.7
1783594920,45.7
1783594922,46.2
1783594924,46.2
1783594926,47.2
1783594928,47.2
1783594930,46.2
1783594932,46.7
1783594934,47.7
1783594936,46.7
1783594938,47.2
1783594940,46.7
1783594942,46.7
1783594944,46.7
1783594946,47.7
1783594948,45.2
1783594950,46.2
1783594952,46.7
1783594954,47.2
1783594956,46.2
1783594958,47.2
1783594960,47.2
1783594962,47.7
1783594964,47.2
1783594966,45.7
1783594968,47.2
1783594970,47.2
1783594972,47.2
1783594974,47.2
1783594976,47.2
1783594978,46.2
1783594981,45.7
1783594983,47.7
1783594985,45.7
1783594987,46.2
1783594989,46.7
1783594991,46.7
1783594993,46.7
1783594995,45.7
1783594997,46.7
1783594999,46.7
1783595001,46.7
1783595003,46.7
1783595005,46.2
1783595007,47.2
1783595009,46.2
1783595011,46.2
1783595013,45.7
1783595015,45.7
1783595017,46.2
1783595019,47.2
1783595021,47.2
1783595023,45.2
1783595025,46.7
1783595027,46.7
1783595029,46.7
1783595031,46.2
1783595033,46.2
1783595035,46.7
1783595037,46.2
1783595039,47.2
1783595041,47.2
1783595043,46.2
1783595045,46.2
1783595047,46.2
1783595049,47.2
1783595051,46.2
1783595053,47.2
1783595056,46.7
1783595058,46.2
1783595060,46.7
1783595062,45.7
1783595064,46.2
1783595066,47.2
1783595068,46.2
1783595070,46.7
1783595072,46.2
1783595074,46.2
1783595076,46.7
1783595078,46.7
1783595080,46.2
1783595082,46.7
1783595084,46.2
1783595086,46.2
1783595088,46.7
1783595090,47.7
1783595092,46.7
1783595094,46.2
1783595096,46.7
1783595098,46.7
1783595100,46.2
1783595102,46.7
1783595104,46.7
1783595106,47.2
1783595108,46.7
1783595110,46.7
1783595112,47.2
1783595114,47.2
1783595116,46.7
1783595118,46.7
1783595120,46.2
1783595122,46.2
1783595124,46.7
1783595126,45.7
1783595128,45.7
1783595130,46.2
1783595133,46.2
1783595135,47.2
1783595137,45.7
1783595139,47.2
1783595141,46.2
1783595143,46.2
1783595145,46.7
1783595147,46.7
1783595149,46.7
1783595151,46.2
1783595153,46.7
1783595155,46.7
1783595157,47.2
1783595159,46.2
1783595161,46.7
1783595163,46.2
1783595165,46.2
1783595167,46.7
1783595169,47.2
1783595171,47.2
1783595173,47.2
1783595175,47.2
1783595177,46.7
1783595179,47.7
1783595181,46.7
1783595183,46.2
1783595185,46.2
1783595187,46.7
1783595189,46.2
1783595191,46.7
1783595193,46.7
1783595195,46.7
1783595197,47.2
1783595199,47.7
1783595201,46.7
1783595203,47.2
1783595205,46.7
1783595208,46.7
1783595210,46.7
1783595212,46.2
1783595214,46.7
1783595216,46.7
1783595218,46.2
1783595220,47.2
1783595222,47.7
1783595224,46.7
1783595226,46.2
1783595228,45.2
1783595230,47.2
1783595232,46.7
1783595234,46.7
1783595236,46.7
1783595238,46.7
1783595240,45.7
1783595242,47.2
1783595244,45.7
1783595246,46.7
1783595248,46.2
1783595250,46.2
1783595252,46.7
1783595254,47.2
1783595256,46.7
1783595258,46.7
1783595260,47.2
1783595262,46.7
1783595264,46.7
1783595266,46.7
1783595268,47.7
1783595270,46.2
1783595272,46.2
1783595274,47.7
1783595276,46.7
1783595278,46.7
1783595280,47.2
1783595283,45.7
1783595285,47.2
1783595287,46.7
1783595289,46.7
1783595291,46.7
1783595293,46.7
1783595295,47.2
1783595297,46.7
1783595299,46.2
1783595301,46.7
1783595303,46.2
1783595305,46.2
1783595307,47.2
1783595309,47.7
1783595311,47.2
1783595313,47.2
1783595315,45.7
1783595317,47.2
1783595319,47.2
1783595321,46.2
1783595323,46.2
1783595325,46.7
1783595327,48.2
1783595329,47.2
1783595331,46.2
1783595333,47.7
1783595335,46.7
1783595337,45.7
1783595339,47.2
1783595341,45.7
1783595343,46.7
1783595345,46.7
1783595347,47.7
1783595349,47.2
1783595351,46.2
1783595353,46.7
1783595355,46.2
1783595358,46.7
1783595360,47.7
1783595362,46.7
1783595364,46.7
1783595366,47.7
1783595368,46.7
1783595370,47.2
1783595372,45.7
1783595374,46.7
1783595376,47.7
1783595378,46.7
1783595380,47.7
1783595382,46.2
1783595384,46.2
1783595386,46.7
1783595388,47.2
1783595390,47.2
1783595392,47.2
1783595394,47.2
1783595396,46.7
1783595398,46.7
1783595400,47.7
1783595402,45.7
1783595404,46.7
1783595406,46.2
1783595408,47.2
1783595410,47.2
1783595412,46.7
1783595414,46.7
1783595416,47.7
1783595418,47.2
1783595420,47.2
1783595422,46.7
1783595424,47.7
1783595426,47.2
1783595428,46.2
1783595430,47.2
1783595432,46.2
1783595435,46.7
1783595437,46.2
1783595439,47.2
1783595441,46.7
1783595443,46.7
1783595445,47.7
1783595447,45.7
1783595449,46.7
1783595451,47.2
1783595453,47.2
1783595455,47.2
1783595457,48.2
1783595459,47.2
1783595461,47.2
1783595463,46.7
1783595465,46.7
1783595467,46.7
1783595469,47.7
1783595471,46.7
1783595473,47.2
1783595475,47.2
1783595477,47.7
1783595479,47.2
1783595481,47.2
1783595483,47.2
1783595485,46.2
1783595487,46.7
1783595489,48.2
1783595491,47.2
1783595493,46.7
1783595495,46.7
1783595497,48.2
1783595499,46.2
1783595501,47.7
1783595503,47.7
1783595505,47.2
1783595507,46.7
1783595510,47.2
1783595512,47.2
1783595514,47.7
1783595516,46.2
1783595518,47.7
1783595520,47.7
1783595522,47.7
1783595524,47.2
1783595526,46.7
1783595528,48.2
1783595530,47.2
1783595532,46.7
1783595534,47.2
1783595536,47.7
1783595538,47.2
1783595540,47.7
1783595542,47.2
1783595544,47.7
1783595546,47.7
1783595548,47.2
1783595550,46.7
1783595552,46.2
1783595554,46.7
1783595556,46.7
1783595558,47.2
1783595560,47.7
1783595562,46.7
1783595564,47.7
1783595566,47.2
1783595568,46.7
1783595570,46.2
1783595572,46.2
1783595574,47.2
1783595576,46.7
1783595578,47.2
1783595580,47.7
1783595582,46.2
1783595585,47.2
1783595587,48.2
1783595589,47.2
1783595591,47.2
1783595593,48.2
1783595595,47.7
1783595597,47.7
1783595599,46.7
1783595601,47.7
1783595603,45.7
1783595605,48.2
1783595607,46.7
1783595609,48.2
1783595611,47.2
1783595613,47.7
1783595615,48.7
1783595617,46.7
1783595619,48.2
1783595621,47.2
1783595623,47.7
1783595625,46.7
1783595627,47.7
1783595629,47.7
1783595631,47.7
1783595633,47.2
1783595635,47.2
1783595637,47.2
1783595639,48.7
1783595641,47.7
1783595643,47.2
1783595645,48.2
1783595647,48.2
1783595649,47.7
1783595651,46.7
1783595653,46.2
1783595655,47.7
1783595657,47.2
1783595660,47.7
1783595662,46.7
1783595664,47.2
1783595666,47.7
1783595668,48.2
1783595670,47.2
1783595672,47.2
1783595674,47.2
1783595676,48.2
1783595678,47.2
1783595680,47.7
1783595682,48.2
1783595684,46.2
1783595686,47.7
1783595688,47.7
1783595690,47.7
1783595692,47.2
1783595694,47.2
1783595696,46.7
1783595698,48.2
1783595700,48.2
1783595702,47.7
1783595704,47.7
1783595706,47.7
1783595708,47.7
1783595710,47.7
1783595712,47.7
1783595714,47.7
1783595716,47.7
1783595718,47.7
1783595720,48.2
1783595722,47.2
1783595724,47.2
1783595726,47.7
1783595728,47.2
1783595730,47.2
1783595732,46.2
1783595734,46.7
1783595737,47.7
1783595739,48.2
1783595741,47.7
1783595743,47.2
1783595745,47.7
1783595747,47.2
1783595749,46.2
1783595751,46.7
1783595753,47.2
1783595755,46.7
1783595757,47.2
1783595759,46.7
1783595761,46.7
1783595763,47.2
1783595765,47.2
1783595767,46.7
1783595769,48.2
1783595771,47.7
1783595773,47.2
1783595775,47.7
1783595777,47.7
1783595779,47.2
1783595781,46.2
1783595783,48.2
1783595785,47.7
1783595787,48.2
1783595789,46.7
1783595791,47.7
1783595793,47.7
1783595795,47.2
1783595797,47.2
1783595799,47.7
1783595801,47.7
1783595803,47.7
1783595805,47.7
1783595807,47.7
1783595809,47.7
1783595812,46.7
1783595814,46.2
1783595816,47.7
1783595818,46.7
1783595820,47.7
1783595822,46.7
1783595824,46.7
1783595826,47.2
1783595828,47.2
1783595830,47.7
1783595832,48.7
1783595834,48.2
1783595836,47.7
1783595838,46.7
1783595840,47.2
1783595842,47.7
1783595844,46.7
1783595846,47.7
1783595848,47.7
1783595850,47.2
1783595852,47.2
1783595854,48.7
1783595856,48.2
1783595858,47.2
1783595860,47.7
1783595862,47.2
1783595864,47.7
1783595866,46.7
1783595868,47.2
1783595870,47.7
1783595872,47.2
1783595874,48.2
1783595876,47.2
1783595878,48.2
1783595880,46.7
1783595882,47.7
1783595884,47.2
1783595886,48.2
1783595889,48.2
1783595891,47.7
1783595893,47.7
1783595895,46.7
1783595897,47.7
1783595899,47.2
1783595901,47.7
1783595903,47.7
1783595905,47.7
1783595907,48.2
1783595909,47.2
1783595911,46.7
1783595913,48.7
1783595915,47.2
1783595917,48.2
1783595919,47.2
1783595921,48.2
1783595923,48.2
1783595925,47.7
1783595927,47.7
1783595929,48.2
1783595931,47.7
1783595933,47.2
1783595935,47.7
1783595937,47.7
1783595939,48.7
1783595941,47.2
1783595943,47.2
1783595945,47.7
1783595947,48.2
1783595949,47.2
1783595951,47.2
1783595953,47.7
1783595955,47.2
1783595957,47.7
1783595959,47.7
1783595961,46.7
1783595964,47.2
1783595966,47.7
1783595968,47.2
1783595970,47.7
1783595972,48.2
1783595974,48.2
1783595976,47.2
1783595978,47.2
1783595980,47.7
1783595982,47.7
1783595984,48.2
1783595986,48.2
1783595988,46.7
1783595990,48.2
1783595992,48.2
1783595994,47.7
1783595996,47.7
1783595998,48.7
1783596000,47.7
1783596002,48.7
1783596004,47.2
1783596006,46.7
1783596008,47.2
1783596010,47.7
1783596012,48.2
1783596014,47.7
1783596016,46.7
1783596018,47.2
1783596020,47.7
1783596022,47.2
1783596024,47.2
1783596026,47.2
1783596028,48.7
1783596030,49.1
1783596032,48.2
1783596034,47.7
1783596036,47.2
1783596038,47.2
1783596040,49.1
1783596043,47.7
1783596045,48.2
1783596047,47.2
1783596049,47.7
1783596051,48.2
1783596053,47.7
1783596055,48.2
1783596057,47.7
1783596059,47.7
1783596061,47.2
1783596063,48.2
1783596065,47.2
1783596067,47.2
1783596069,47.7
1783596071,48.2
1783596073,47.7
1783596075,47.7
1783596077,47.2
1783596079,47.2
1783596081,47.7
1783596083,47.7
1783596085,47.7
1783596087,47.2
1783596089,47.2
1783596091,48.2
1783596093,47.7
1783596095,47.7
1783596097,47.7
1783596099,46.7
1783596101,47.7
1783596103,48.2
1783596105,47.7
1783596107,48.2
1783596109,48.7
1783596111,46.7
1783596113,48.2
1783596115,47.7
1783596118,47.2
1783596120,47.2
1783596122,47.2
1783596124,46.7
1783596126,47.2
1783596128,47.7
1783596130,48.7
1783596132,47.7
1783596134,48.2
1783596136,47.7
1783596138,47.2
1783596140,46.7
1783596142,48.2
1783596144,47.7
1783596146,48.7
1783596148,47.2
1783596150,48.2
1783596152,48.7
1783596154,47.7
1783596156,46.7
1783596158,47.2
1783596160,47.7
1783596162,48.2
1783596164,47.2
1783596166,48.2
1783596168,47.2
1783596170,46.7
1783596172,47.2
1783596174,47.2
1783596176,48.2
1783596178,47.7
1783596180,47.2
1783596182,48.7
1783596184,47.2
1783596186,48.2
1783596188,46.7
1783596190,48.2
1783596193,48.2
1783596195,47.7
1783596197,47.7
1783596199,47.7
1783596201,48.2
1783596203,47.7
1783596205,47.7
1783596207,46.7
1783596209,46.7
1783596211,47.7
1783596213,46.2
1783596215,47.7
1783596217,47.7
1783596219,48.2
1783596221,46.2
1783596223,48.2
1783596225,48.2
1783596227,47.7
1783596229,48.2
1783596231,47.2
1783596233,47.2
1783596235,47.7
1783596237,48.2
1783596239,48.7
1783596241,47.2
1783596243,47.2
1783596245,47.7
1783596247,48.2
1783596249,48.2
1783596251,48.2
1783596253,47.2
1783596255,47.7
1783596257,47.7
1783596259,47.7
1783596261,48.2
1783596263,48.2
1783596265,48.2
1783596268,47.7
1783596270,48.7
1783596272,47.2
1783596274,47.2
1783596276,48.2
1783596278,48.2
1783596280,49.1
1783596282,47.7
1783596284,47.2
1783596286,48.2
1783596288,47.2
1783596290,48.2
1783596292,47.7
1783596294,47.7
1783596296,47.2
1783596298,47.7
1783596300,48.2
1783596302,47.7
1783596304,48.7
1783596306,47.2
1783596308,47.2
1783596310,47.7
1783596312,47.7
1783596314,48.7
1783596316,50.1
1783596318,47.7
1783596320,48.2
1783596322,48.7
1783596324,47.7
1783596326,48.7
1783596328,49.1
1783596330,47.7
1783596332,49.1
1783596334,47.7
1783596336,48.7
1783596338,48.7
1783596340,48.2
1783596342,48.2
1783596344,47.7
1783596346,48.2
1783596349,50.1
1783596351,53.5
1783596353,56.4
1783596355,57.4
1783596357,58.4
1783596359,59.4
1783596361,59.4
1783596363,60.8
1783596365,60.8
1783596367,61.3
1783596369,61.8
1783596371,61.3
1783596373,62.8
1783596375,63.3
1783596377,63.3
1783596379,64.2
1783596381,64.2
1783596383,63.7
1783596385,64.2
1783596387,63.7
1783596389,64.2
1783596391,64.7
1783596393,65.2
1783596395,65.7
1783596397,66.2
1783596399,66.7
1783596401,65.2
1783596403,66.7
1783596405,66.2
1783596407,66.7
1783596409,67.2
1783596411,67.2
1783596413,67.2
1783596415,67.6
1783596417,67.2
1783596419,68.6
1783596421,67.6
1783596423,68.6
1783596425,68.1
1783596427,68.1
1783596429,67.6
1783596431,68.6
1783596433,69.1
1783596435,69.1
1783596437,70.1
1783596439,70.1
1783596441,70.1
1783596443,69.6
1783596446,69.1
1783596448,70.1
1783596450,70.1
1783596452,69.6
1783596454,71.1
1783596456,71.1
1783596458,71.5
1783596460,70.1
1783596462,70.6
1783596464,72.0
1783596466,71.1
1783596468,71.5
1783596470,71.1
1783596472,72.0
1783596474,71.1
1783596476,72.0
1783596478,72.5
1783596480,72.5
1783596482,72.0
1783596484,72.5
1783596486,72.5
1783596488,72.5
1783596490,73.0
1783596492,72.0
1783596494,72.0
1783596496,72.0
1783596498,73.0
1783596500,73.0
1783596502,73.5
1783596504,73.0
1783596506,73.5
1783596508,72.5
1783596510,73.0
1783596512,73.0
1783596514,73.5
1783596516,73.0
1783596518,73.0
1783596520,73.5
1783596522,74.0
1783596524,74.0
1783596526,73.0
1783596528,74.0
1783596530,74.5
1783596532,74.5
1783596534,73.0
1783596536,74.5
1783596538,74.0
1783596540,74.0
1783596543,73.5
1783596545,75.0
1783596547,74.0
1783596549,74.0
1783596551,75.4
1783596553,75.0
1783596555,75.4
1783596557,75.0
1783596559,74.5
1783596561,75.0
1783596563,74.5
1783596565,75.0
1783596567,75.0
1783596569,75.0
1783596571,75.9
1783596573,75.9
1783596575,75.9
1783596577,75.9
1783596579,75.9
1783596581,75.4
1783596583,74.5
1783596585,75.9
1783596587,75.4
1783596589,76.4
1783596591,75.4
1783596593,75.9
1783596595,75.9
1783596597,75.4
1783596599,75.9
1783596601,75.4
1783596603,76.9
1783596605,75.9
1783596607,76.4
1783596609,75.9
1783596611,76.4
1783596613,75.4
1783596615,75.9
1783596617,76.4
1783596619,76.9
1783596621,75.9
1783596623,76.4
1783596625,75.9
1783596627,76.4
1783596629,76.9
1783596631,76.9
1783596633,75.9
1783596635,76.9
1783596637,76.9
1783596639,75.9
1783596642,78.4
1783596644,77.9
1783596646,77.9
1783596648,77.9
1783596650,77.4
1783596652,77.9
1783596654,76.4
1783596656,77.9
1783596658,77.4
1783596660,77.4
1783596662,77.4
1783596664,77.4
1783596666,75.9
1783596668,77.9
1783596670,77.9
1783596672,77.9
1783596674,77.9
1783596676,78.8
1783596678,78.4
1783596680,77.4
1783596682,77.4
1783596684,77.9
1783596686,77.9
1783596688,77.4
1783596690,77.4
1783596692,77.9
1783596694,77.4
1783596696,76.9
1783596698,77.9
1783596700,77.9
1783596702,77.4
1783596704,77.9
1783596706,77.9
1783596708,76.9
1783596710,77.9
1783596712,77.9
1783596714,77.4
1783596716,78.4
1783596718,77.4
1783596720,77.4
1783596722,78.4
1783596724,77.9
1783596726,77.9
1783596728,77.4
1783596730,77.4
1783596732,77.9
1783596734,77.4
1783596736,78.4
1783596739,78.8
1783596741,78.8
1783596743,78.4
1783596745,77.4
1783596747,78.4
1783596749,78.8
1783596751,77.9
1783596753,77.9
1783596755,79.3
1783596757,78.4
1783596759,79.3
1783596761,78.4
1783596763,78.4
1783596765,78.4
1783596767,78.4
1783596769,78.8
1783596771,78.4
1783596773,78.8
1783596775,78.4
1783596777,79.8
1783596779,78.4
1783596781,78.4
1783596783,77.9
1783596785,78.4
1783596787,78.4
1783596789,78.4
1783596791,77.9
1783596793,77.9
1783596795,79.3
1783596797,78.4
1783596799,78.8
1783596801,78.8
1783596803,79.8
1783596805,78.8
1783596807,77.9
1783596809,79.8
1783596811,78.8
1783596813,79.3
1783596815,79.3
1783596817,78.8
1783596819,78.8
1783596821,78.8
1783596823,78.8
1783596825,79.3
1783596827,78.8
1783596829,79.8
1783596831,78.4
1783596833,78.4
1783596835,79.3
1783596838,78.8
1783596840,78.8
1783596842,78.8
1783596844,79.8
1783596846,79.8
1783596848,79.3
1783596850,79.3
1783596852,79.3
1783596854,79.8
1783596856,78.8
1783596858,79.8
1783596860,79.8
1783596862,78.8
1783596864,79.3
1783596866,79.3
1783596868,79.3
1783596870,79.8
1783596872,79.3
1783596874,79.3
1783596876,79.8
1783596878,79.8
1783596880,79.8
1783596882,79.8
1783596884,79.3
1783596886,79.8
1783596888,78.8
1783596890,79.8
1783596892,78.8
1783596894,78.8
1783596896,78.8
1783596898,78.8
1783596900,79.3
1783596902,79.8
1783596904,79.8
1783596906,79.8
1783596908,80.3
1783596910,79.3
1783596912,78.4
1783596914,79.3
1783596916,79.8
1783596918,80.3
1783596920,79.3
1783596922,79.3
1783596924,79.8
1783596926,80.3
1783596928,79.3
1783596930,79.3
1783596933,79.8
1783596935,78.4
1783596937,80.3
1783596939,78.4
1783596941,78.8
1783596943,79.8
1783596945,79.8
1783596947,79.8
1783596949,79.8
1783596951,78.8
1783596953,79.3
1783596955,79.8
1783596957,79.3
1783596959,80.8
1783596961,79.8
1783596963,79.8
1783596965,79.8
1783596967,80.8
1783596969,80.3
1783596971,78.8
1783596973,79.8
1783596975,80.8
1783596977,79.3
1783596979,79.3
1783596981,79.8
1783596983,79.8
1783596985,80.8
1783596987,80.3
1783596989,81.3
1783596991,80.8
1783596993,80.3
1783596995,79.3
1783596997,80.3
1783596999,79.8
1783597001,80.3
1783597003,78.8
1783597005,80.8
1783597007,79.8
1783597009,80.8
1783597011,79.8
1783597013,79.8
1783597015,80.8
1783597017,80.3
1783597019,80.8
1783597021,80.8
1783597023,80.3
1783597025,80.3
1783597027,80.8
1783597030,80.3
1783597032,79.8
1783597034,80.8
1783597036,80.3
1783597038,79.8
1783597040,81.3
1783597042,79.8
1783597044,80.8
1783597046,80.3
1783597048,79.8
1783597050,81.3
1783597052,80.8
1783597054,80.8
1783597056,80.8
1783597058,80.8
1783597060,80.8
1783597062,81.3
1783597064,79.8
1783597066,79.8
1783597068,80.3
1783597070,80.3
1783597072,79.3
1783597074,80.3
1783597076,79.8
1783597078,80.8
1783597080,79.8
1783597082,80.8
1783597084,80.3
1783597086,79.8
1783597088,80.3
1783597090,80.3
1783597092,79.8
1783597094,79.8
1783597096,80.3
1783597098,80.3
1783597100,81.3
1783597102,80.8
1783597104,81.3
1783597106,80.8
1783597108,81.3
1783597110,80.8
1783597112,80.8
1783597114,80.8
1783597116,80.8
1783597118,81.8
1783597120,80.3
1783597122,80.3
1783597124,79.8
1783597126,79.8
1783597129,79.3
1783597131,80.8
1783597133,80.3
1783597135,80.8
1783597137,81.3
1783597139,81.3
1783597141,80.3
1783597143,80.3
1783597145,80.8
1783597147,82.3
1783597149,81.8
1783597151,80.3
1783597153,81.3
1783597155,80.8
1783597157,80.8
1783597159,80.8
1783597161,80.8
1783597163,79.3
1783597165,80.3
1783597167,80.3
1783597169,80.3
1783597171,80.8
1783597173,81.3
1783597175,80.3
1783597177,80.3
1783597179,80.8
1783597181,81.3
1783597183,81.3
1783597185,80.8
1783597187,81.3
1783597189,81.3
1783597191,80.8
1783597193,80.8
1783597195,81.3
1783597197,81.3
1783597199,81.3
1783597201,80.3
1783597203,80.3
1783597205,81.3
1783597207,81.8
1783597209,80.3
1783597211,81.8
1783597213,81.3
1783597215,81.8
1783597217,81.3
1783597219,81.3
1783597221,80.8
1783597223,80.3
1783597226,81.3
1783597228,80.8
1783597230,80.3
1783597232,80.8
1783597234,80.8
1783597236,81.8
1783597238,80.8
1783597240,80.8
1783597242,80.8
1783597244,81.3
1783597246,80.3
1783597248,80.8
1783597250,80.8
1783597252,81.3
1783597254,80.8
1783597256,81.8
1783597258,80.3
1783597260,81.8
1783597262,80.8
1783597264,80.8
1783597266,80.8
1783597268,81.3
1783597270,80.8
1783597272,80.8
1783597274,81.8
1783597276,81.3
1783597278,80.8
1783597280,80.3
1783597282,81.8
1783597284,81.3
1783597286,82.7
1783597288,81.8
1783597290,80.8
1783597292,82.3
1783597294,80.3
1783597296,80.8
1783597298,80.8
1783597300,82.3
1783597302,81.3
1783597304,81.3
1783597306,81.3
1783597308,80.8
1783597310,81.3
1783597312,81.3
1783597314,81.3
1783597316,80.8
1783597318,81.8
1783597320,82.3
1783597323,80.8
1783597325,80.8
1783597327,81.3
1783597329,80.8
1783597331,81.8
1783597333,82.3
1783597335,81.3
1783597337,80.3
1783597339,81.3
1783597341,80.8
1783597343,81.3
1783597345,81.3
1783597347,81.3
1783597349,81.3
1783597351,80.8
1783597353,80.8
1783597355,81.8
1783597357,80.8
1783597359,80.8
1783597361,81.3
1783597363,80.8
1783597365,80.8
1783597367,81.3
1783597369,81.8
1783597371,82.3
1783597373,81.3
1783597375,81.3
1783597377,81.3
1783597379,81.8
1783597381,81.3
1783597383,81.8
1783597385,81.8
1783597387,80.8
1783597389,80.3
1783597391,80.8
1783597393,80.8
1783597395,82.7
1783597397,82.3
1783597399,81.8
1783597401,80.8
1783597403,81.8
1783597405,80.8
1783597407,80.8
1783597409,81.8
1783597411,81.8
1783597413,81.8
1783597415,81.3
1783597418,81.8
1783597420,80.8
1783597422,81.8
1783597424,81.3
1783597426,81.8
1783597428,80.3
1783597430,81.8
1783597432,81.3
1783597434,81.3
1783597436,81.8
1783597438,81.3
1783597440,81.8
1783597442,80.8
1783597444,81.8
1783597446,81.8
1783597448,80.8
1783597450,82.3
1783597452,81.3
1783597454,82.3
1783597456,81.8
1783597458,81.8
1783597460,81.8
1783597462,81.8
1783597464,80.8
1783597466,80.8
1783597468,81.3
1783597470,80.8
1783597472,80.8
1783597474,80.3
1783597476,81.8
1783597478,80.8
1783597480,81.8
1783597482,81.8
1783597484,80.3
1783597486,81.3
1783597488,81.3
1783597490,81.8
1783597492,81.3
1783597494,81.3
1783597496,81.3
1783597498,81.8
1783597500,81.3
1783597502,80.8
1783597504,81.8
1783597506,81.3
1783597508,81.8
1783597510,80.8
1783597512,81.8
1783597515,81.3
1783597517,81.8
1783597519,81.8
1783597521,81.8
1783597523,81.3
1783597525,80.8
1783597527,80.8
1783597529,81.8
1783597531,81.3
1783597533,81.8
1783597535,82.3
1783597537,82.7
1783597539,81.3
1783597541,81.8
1783597543,81.3
1783597545,80.8
1783597547,82.3
1783597549,81.3
1783597551,80.8
1783597553,81.3
1783597555,81.3
1783597557,80.8
1783597559,81.8
1783597561,81.8
1783597563,80.8
1783597565,81.8
1783597567,81.8
1783597569,80.8
1783597571,80.8
1783597573,81.3
1783597575,82.3
1783597577,81.3
1783597579,81.3
1783597581,81.3
1783597583,81.8
1783597585,80.8
1783597587,81.8
1783597589,82.3
1783597591,80.8
1783597593,82.3
1783597595,80.8
1783597597,82.3
1783597599,81.3
1783597601,81.8
1783597603,81.3
1783597605,81.3
1783597607,81.8
1783597609,82.3
1783597612,81.8
1783597614,81.3
1783597616,80.8
1783597618,81.3
1783597620,82.7
1783597622,81.3
1783597624,81.8
1783597626,82.3
1783597628,81.3
1783597630,81.8
1783597632,81.3
1783597634,81.8
1783597636,82.3
1783597638,81.8
1783597640,82.3
1783597642,82.3
1783597644,80.8
1783597646,80.8
1783597648,80.8
1783597650,82.7
1783597652,80.8
1783597654,80.8
1783597656,80.8
1783597658,81.8
1783597660,81.8
1783597662,81.8
